[
  {
    "id": "turtleneck",
    "type": "ARMOR",
    "name": "高领毛衣",
    "description": "一件雅致的人造皮毛高领毛衣, 仿照羊绒.  不累赘，温暖，但没有存储的口袋.",
    "weight": 478,
    "volume": 10,
    "price": 14500,
    "material": [ "fur" ],
    "symbol": "[",
    "color": "white",
    "covers": [ "TORSO", "ARMS", "MOUTH" ],
    "coverage": 98,
    "encumbrance": 10,
    "warmth": 35,
    "material_thickness": 2,
    "environmental_protection": 1,
    "use_action": { "target": "turtleneck_rolled", "msg": "你调整高领毛衣的领口.", "type": "transform" },
    "flags": [ "VARSIZE", "FANCY", "ALLOWS_NATURAL_ATTACKS" ]
  },
  {
    "id": "turtleneck_rolled",
    "type": "ARMOR",
    "name": "高领毛衣 (翻领)",
    "description": "这件高领毛衣的领子从嘴巴的位置卷了出来.",
    "weight": 478,
    "volume": 10,
    "price": 14500,
    "material": [ "fur" ],
    "symbol": "[",
    "color": "white",
    "covers": [ "TORSO", "ARMS" ],
    "coverage": 95,
    "encumbrance": 10,
    "warmth": 35,
    "material_thickness": 2,
    "environmental_protection": 1,
    "use_action": { "target": "turtleneck", "msg": "你调整高领毛衣的领口.", "type": "transform" },
    "flags": [ "VARSIZE", "FANCY", "ALLOWS_NATURAL_ATTACKS" ]
  },
  {
    "id": "bandolier_bomblet",
    "type": "ARMOR",
    "name": "小炸弹子弹带",
    "description": "一种绑在手臂上的带式子弹袋，可以携带几个小炸弹，便于携带.",
    "weight": 720,
    "volume": 2,
    "price": 1900,
    "material": "leather",
    "symbol": "[",
    "color": "dark_gray",
    "covers": [ "ARM_EITHER" ],
    "coverage": 10,
    "encumbrance": 3,
    "material_thickness": 1,
    "use_action": { "type": "bandolier", "capacity": 12, "ammo": [ "bomblet" ] },
    "flags": [ "WATER_FRIENDLY", "BELTED", "OVERSIZE", "STURDY", "ALLOWS_NATURAL_ATTACKS" ]
  },
  {
    "id": "megaarmor_torso_1",
    "type": "ARMOR",
    "category": "armor",
    "name": "PRM 海军陆战队装甲",
    "description": "一种绿色的PRM海军陆战队公司的产品，由微层聚合物塑料制成，逐渐变细，在肩部、锁骨和胃部形成一个薄而灵活的涂膜。提供了良好的保护，从火焰和酸，并具有各种皮带和口袋的枪枪套，包括管理系统和弹药.",
    "weight": 3580,
    "volume": 28,
    "price": 1300000,
    "to_hit": -2,
    "bashing": 6,
    "material": [ "spess_plastic", "ceramic" ],
    "looks_like": "swat_armor",
    "symbol": "[",
    "color": "ltgreen",
    "covers": [ "TORSO" ],
    "coverage": 96,
    "encumbrance": 24,
    "storage": 12,
    "warmth": 20,
    "material_thickness": 5,
    "environmental_protection": 4,
    "use_action": { "type": "holster", "min_volume": 6, "max_volume": 14, "skills": [ "pistol", "smg", "shotgun", "rifle", "launcher" ] },
    "flags": [ "VARSIZE", "WATERPROOF", "STURDY", "OUTER" ]
  },
  {
    "id": "megaarmor_torso_2",
    "type": "ARMOR",
    "category": "armor",
    "name": "PRM海军陆战队衬垫",
    "description": "一种合成的蓝色紧身衣裤，穿在盔甲下面，能抵抗来自不同战区的恶劣天气。宇航员会嫉妒任何一个足够幸运的人戴上它;如果还有活着的。由PRM公司设计，它可以很容易地与海军陆战队的头盔相结合。这套衣服可能太复杂了，无法正常修复，但如果运用技巧，一些管道胶带和强力胶可能会把它粘在一起.",
    "weight": 4900,
    "volume": 8,
    "price": 1300000,
    "material": [ "spess_plastic" ],
    "looks_like": "jumpsuit",
    "symbol": "[",
    "color": "blue",
    "covers": [ "TORSO", "ARMS", "LEGS" ],
    "coverage": 100,
    "encumbrance": 10,
    "storage": 2,
    "warmth": 20,
    "material_thickness": 3,
    "environmental_protection": 5,
    "flags": [ "VARSIZE", "WATERPROOF", "SKINTIGHT", "RAD_RESIST", "STURDY", "SUPER_FANCY" ]
  },
  {
    "id": "megaarmor_torso_3",
    "type": "TOOL_ARMOR",
    "category": "armor",
    "name": "生锈的海军陆战队外骨骼装甲",
    "description": "一套锈迹斑斑的红色外骨骼盔甲;盔甲并非UPS供电，而是钚电池和带电离子脉冲供电。这款“后期原型”以潜在的保护和灵活性为代价，赋予用户更多的力量和运行速度，被认为适合在“异常或其他令人讨厌”的条件下，对抗“电子和仿生光谱”进行现场测试。失去动力之后，这款盔甲将不像大多数动力盔甲那样笨重，它将不会阻止服装的使用，尽管这样做可能不舒服.",
    "weight": 8764,
    "volume": 76,
    "price": 15000000,
    "material": [ "spess_plastic", "hardsteel" ],
    "looks_like": "depowered_armor",
    "symbol": "[",
    "color": "ltred",
    "initial_charges": 25,
    "covers": [ "TORSO", "LEGS", "FEET", "ARMS", "HANDS" ],
    "coverage": 100,
    "encumbrance": 38,
    "storage": 14,
    "warmth": 40,
    "material_thickness": 6,
    "environmental_protection": 6,
    "max_charges": 1000,
    "ammo": "plutonium",
    "artifact_data": { "effects_worn": [ "AEP_DEX_DOWN", "AEP_RESIST_ELECTRICITY" ] },
    "use_action": {
      "type": "transform",
      "need_charges": 1,
      "need_charges_msg": "动力外骨骼缺乏激活的能源!",
      "msg": "当外骨骼启动时，可以听到微弱的嗡嗡声.",
      "target": "megaarmor_torso_3_act",
      "active": true
    },
    "flags": [ "VARSIZE", "OVERSIZE", "WATERPROOF", "STURDY", "NO_REPAIR" ]
  },
  {
    "id": "megaarmor_torso_3_act",
    "type": "TOOL_ARMOR",
    "category": "armor",
    "name": "生锈的海军陆战队外骨骼装甲 (开启)",
    "description": "一套生锈的红色外骨骼盔甲;不是UPS供电，而是钚和带电离子脉冲供电。以潜在的保护和灵活性为代价，赋予用户更多的力量和速度，这款“后期原型机”被认为适合在“异常或其他令人讨厌的”条件下进行现场测试，以对抗“电子和仿生光谱”。同时，它能增强对“生物产生的波和静电脉冲”的抵抗力，并提高跑步速度和强度.",
    "weight": 8764,
    "volume": 76,
    "price": 15000000,
    "material": [ "spess_plastic", "hardsteel" ],
    "looks_like": "depowered_armor",
    "symbol": "[",
    "color": "ltred",
    "covers": [ "TORSO", "LEGS", "FEET", "ARMS", "HANDS" ],
    "coverage": 100,
    "encumbrance": 24,
    "storage": 14,
    "warmth": 25,
    "material_thickness": 8,
    "environmental_protection": 8,
    "max_charges": 1000,
    "turns_per_charge": 6,
    "ammo": "plutonium",
    "revert_to": "megaarmor_torso_3",
    "artifact_data": {
      "effects_worn": [ "AEP_STR_UP", "AEP_SPEED_UP", "AEP_DEX_DOWN", "AEP_RESIST_ELECTRICITY", "AEP_EVIL", "AEP_PSYSHIELD" ]
    },
    "use_action": { "type": "transform", "msg": "外骨骼安静地关闭.", "target": "megaarmor_torso_3" },
    "flags": [ "VARSIZE", "OVERSIZE", "WATERPROOF", "STURDY", "NO_REPAIR" ]
  },
  {
    "id": "megaarmor_head_1",
    "type": "ARMOR",
    "category": "armor",
    "name": "PRM 海军陆战队头盔",
    "description": "一种带有着色遮阳面罩和坚固的加固电子线路的重型头盔。两边都安装了一个简单的过滤器，一个原子能装置确保只要它在一个通用部件中，它的基本HUD就能正常工作.",
    "weight": 1690,
    "volume": 9,
    "price": 750000,
    "to_hit": -1,
    "bashing": 10,
    "material": [ "spess_plastic", "ceramic" ],
    "looks_like": "depowered_helmet",
    "symbol": "[",
    "color": "ltgray",
    "covers": [ "HEAD", "EYES", "MOUTH" ],
    "coverage": 100,
    "encumbrance": 30,
    "warmth": 30,
    "material_thickness": 5,
    "environmental_protection": 5,
    "techniques": [ "WBLOCK_1" ],
    "flags": [ "VARSIZE", "STURDY", "SUN_GLASSES", "WATERPROOF", "THERMOMETER", "HYGROMETER", "BAROMETER", "WATCH" ]
  },
  {
    "id": "megaarmor_leggings_1",
    "type": "ARMOR",
    "category": "armor",
    "name": "PRM 海军陆战队紧身裤",
    "name_plural": "PRM 海军陆战队紧身裤",
    "description": "十分厚实，有点压迫的紧身裤，以保护PRM海军陆战队免受环境危害。虽然它没有口袋，但它有沿着它的装甲用来携带小物品的插槽，并确实能够塑形你的大腿!",
    "weight": 1695,
    "volume": 2,
    "price": 250000,
    "material": [ "spess_plastic", "neoprene" ],
    "looks_like": "legguard_hard",
    "symbol": "[",
    "color": "ltgreen",
    "covers": [ "LEGS" ],
    "coverage": 98,
    "encumbrance": 20,
    "storage": 6,
    "warmth": 25,
    "material_thickness": 3,
    "environmental_protection": 3,
    "flags": [ "VARSIZE", "STURDY", "WATERPROOF" ]
  },
  {
    "id": "megaarmor_boots_1",
    "type": "ARMOR",
    "category": "armor",
    "name": "PRM 海军陆战队靴子",
    "name_plural": "一双 PRM 海军陆战队靴子",
    "description": "这些塑料靴子被亲切地称为“狗屎战靴”，这些聚合物靴子的长度可达膝盖，并由一条大皮带来固定。他们甚至很难在未经训练的情况下走动，尤其是当它们不合身的时候.",
    "weight": 1190,
    "volume": 8,
    "price": 800000,
    "to_hit": -1,
    "bashing": 1,
    "material": [ "spess_plastic", "steel" ],
    "looks_like": "boots_combat",
    "symbol": "[",
    "color": "ltgray",
    "covers": [ "FEET" ],
    "coverage": 100,
    "encumbrance": 40,
    "warmth": 30,
    "material_thickness": 5,
    "environmental_protection": 4,
    "flags": [ "VARSIZE", "WATERPROOF", "STURDY", "OUTER" ]
  },
  {
    "id": "megaarmor_gloves_1",
    "type": "ARMOR",
    "category": "armor",
    "name": "PRM 海军陆战队 战术手套",
    "name_plural": "一双PRM 海军陆战队 战术手套",
    "description": "一双饰有PRM标志的黑色手套，穿戴后紧紧地贴在皮肤上，以免妨碍灵巧的工作.",
    "weight": 250,
    "volume": 2,
    "price": 150000,
    "to_hit": 2,
    "material": [ "spess_plastic", "leather" ],
    "looks_like": "gloves_tactical",
    "symbol": "[",
    "color": "ltgray",
    "covers": [ "HANDS" ],
    "coverage": 90,
    "encumbrance": 12,
    "warmth": 15,
    "material_thickness": 4,
    "environmental_protection": 2,
    "flags": [ "VARSIZE", "STURDY", "SKINTIGHT", "WATERPROOF" ]
  },
  {
    "id": "megaarmor_armguards_1",
    "type": "ARMOR",
    "name": "PRM 海军陆战队袖子",
    "name_plural": "PRM 海军陆战队袖子",
    "description": "PRM 袖子在寒冷的条件下，袖子可以保护手臂.还能防火，有一些不舒服.",
    "weight": 190,
    "volume": 2,
    "price": 250000,
    "material": [ "spess_plastic", "neoprene" ],
    "looks_like": "armguard_soft",
    "symbol": "[",
    "color": "ltgreen",
    "covers": [ "ARMS" ],
    "coverage": 96,
    "encumbrance": 6,
    "warmth": 25,
    "material_thickness": 5,
    "environmental_protection": 2,
    "flags": [ "SKINTIGHT", "STURDY", "WATERPROOF" ]
  },
  {
    "id": "helmet_bone_megabear",
    "type": "ARMOR",
    "category": "armor",
    "name": "巨熊头骨头盔",
    "description": "一种造型优雅的象熊头盔，取自一个年轻的成年人，制成一种遮住眼睛和头部的头盔。能让嘴自由呼吸的过滤面具，看起来比一个临时的骨头头盔更正式.",
    "weight": 1683,
    "volume": 18,
    "price": 73000,
    "to_hit": -2,
    "bashing": 2,
    "material": [ "bone" ],
    "looks_like": "helmet_bone",
    "symbol": "]",
    "color": "white",
    "covers": [ "HEAD", "EYES" ],
    "coverage": 80,
    "encumbrance": 22,
    "warmth": 10,
    "material_thickness": 5,
    "environmental_protection": 3,
    "flags": [ "VARSIZE", "WATERPROOF", "STURDY", "FANCY" ]
  },
  {
    "id": "vest_leather_zuicide_short",
    "type": "TOOL_ARMOR",
    "name": "自爆背心",
    "description": "缝有烈性炸药的皮背心。激活它来启动炸药，不一会儿它就会爆炸。处女不包括.",
    "weight": 1135,
    "volume": 11,
    "price": 5500,
    "to_hit": 1,
    "material": [ "leather" ],
    "symbol": "[",
    "color": "brown",
    "covers": [ "TORSO" ],
    "coverage": 90,
    "encumbrance": 8,
    "storage": 6,
    "warmth": 20,
    "material_thickness": 3,
    "environmental_protection": 1,
    "use_action": {
      "target": "vest_leather_zuicide_short_active",
      "target_charges": 60,
      "active": true,
      "moves": 200,
      "type": "transform"
    },
    "flags": [ "VARSIZE", "POCKETS", "OUTER" ]
  },
  {
    "id": "vest_leather_zuicide_short_active",
    "type": "TOOL_ARMOR",
    "name": "启动的自爆背心",
    "description": "一件启动了的自爆背心...",
    "weight": 1135,
    "volume": 11,
    "price": 5500,
    "to_hit": 1,
    "material": [ "leather" ],
    "symbol": "[",
    "color": "brown",
    "initial_charges": 60,
    "max_charges": 120,
    "turns_per_charge": 1,
    "covers": [ "TORSO" ],
    "coverage": 90,
    "encumbrance": 8,
    "storage": 6,
    "warmth": 20,
    "material_thickness": 3,
    "environmental_protection": 1,
    "use_action": {
      "type": "explosion",
      "sound_volume": 2,
      "sound_msg": "-tcka- -tcka-.",
      "no_deactivate_msg": "懦夫!!",
      "explosion": { "power": 40, "shrapnel": 3 }
    },
    "flags": [ "VARSIZE", "POCKETS", "OUTER" ]
  },
  {
    "id": "sac_purse",
    "type": "TOOL_ARMOR",
    "category": "clothing",
    "name": "小钱包",
    "description": "煮沸，加盐，涂上蜡，沿着可调螺纹运行，这个液体囊现在是一个可用的钱包。它甚至可以密封内部的液体，并用于制造基本的液体炸弹。这件衣服很合身，可以被激活来改变绳子的长度.",
    "weight": 182,
    "volume": 0,
    "price": 7500,
    "to_hit": -3,
    "bashing": 1,
    "rigid": false,
    "material": "veggy",
    "looks_like": "waterskin2",
    "symbol": "o",
    "color": "green",
    "sub": "clay_canister",
    "covers": [ "TORSO" ],
    "coverage": 2,
    "encumbrance": 0,
    "material_thickness": 1,
    "container_data": { "contains": 1, "seals": true, "watertight": true },
    "use_action": { "target": "sac_purse_arm", "msg": "You take a moment to adjust the strings of your pouch.", "type": "transform" },
    "flags": [ "BULKY", "FRAGILE" ]
  },
  {
    "id": "sac_purse_arm",
    "type": "TOOL_ARMOR",
    "category": "clothing",
    "name": "小钱包（手臂）",
    "description": "煮沸，加盐，涂上蜡，沿着可调节的线运行，这个液体囊现在是一个可用的钱包。它甚至可以密封内部的液体，并用于制造基本的液体炸弹。它绑在手臂上，可以被激活来改变绳子的长度.",
    "weight": 182,
    "volume": 0,
    "price": 7500,
    "to_hit": -3,
    "bashing": 1,
    "rigid": false,
    "material": "veggy",
    "symbol": "o",
    "color": "green",
    "sub": "clay_canister",
    "covers": [ "ARM_EITHER" ],
    "coverage": 2,
    "encumbrance": 0,
    "material_thickness": 1,
    "container_data": { "contains": 1, "seals": true, "watertight": true },
    "use_action": { "target": "sac_purse_leg", "msg": "你花点时间调整一下你的袖袋的绳子.", "type": "transform" },
    "flags": [ "BULKY", "FRAGILE" ]
  },
  {
    "id": "sac_purse_leg",
    "type": "TOOL_ARMOR",
    "category": "clothing",
    "name": "小钱包（腿）",
    "description": "煮沸，加盐，涂上蜡，沿着可调节的线运行，这个液体囊现在是一个可用的钱包。它甚至可以密封内部的液体，并用于制造基本的液体炸弹.它的绳子的长度是调整以适应腿，可以被激活来改变绳子的长度.",
    "weight": 182,
    "volume": 0,
    "price": 7500,
    "to_hit": -3,
    "bashing": 1,
    "rigid": false,
    "material": "veggy",
	"looks_like": "waterskin",
    "symbol": "o",
    "color": "green",
    "sub": "clay_canister",
    "covers": [ "LEG_EITHER" ],
    "coverage": 2,
    "encumbrance": 0,
    "material_thickness": 1,
    "container_data": { "contains": 1, "seals": true, "watertight": true },
    "use_action": {
      "target": "sac_purse_ankle",
      "msg": "你花一点时间调整你腿袋的绳子.",
      "type": "transform"
    },
    "flags": [ "BULKY", "FRAGILE" ]
  },
  {
    "id": "sac_purse_ankle",
    "type": "TOOL_ARMOR",
    "category": "clothing",
    "name": "小钱包（脚）",
    "description": "煮沸，加盐，涂上蜡，沿着可调节的线运行，这个液体囊现在是一个可用的钱包。它甚至可以密封内部的液体，并用于制造基本的液体炸弹。这个绑在脚踝上，可以被激活来改变绳子的长度.",
    "weight": 182,
    "volume": 0,
    "price": 7500,
    "to_hit": -3,
    "bashing": 1,
    "rigid": false,
    "material": "veggy",
    "symbol": "o",
    "color": "green",
    "sub": "clay_canister",
    "covers": [ "FOOT_EITHER" ],
    "coverage": 2,
    "encumbrance": 0,
    "material_thickness": 1,
    "container_data": { "contains": 1, "seals": true, "watertight": true },
    "use_action": { "target": "sac_purse", "msg": "你花一点时间重新设置你的袋子的绳子.", "type": "transform" },
    "flags": [ "BULKY", "FRAGILE" ]
  },
  {
    "id": "sac_purse_clean_water_ankle",
    "type": "TOOL_ARMOR",
    "category": "food",
    "name": "密封的脚踝净水袋",
    "description": "一袋绑在脚踝的密封净水。激活以使用其内容物.",
    "weight": 265,
    "volume": 1,
    "price": 7500,
    "material": "veggy",
    "symbol": "o",
    "color": "cyan_green",
    "revert_to": "sac_purse",
    "covers": [ "FOOT_EITHER" ],
    "coverage": 3,
    "encumbrance": 1,
    "material_thickness": 1,
    "flags": [ "WAIST", "FRAGILE" ]
  },
  {
    "id": "sac_purse_clean_water",
    "type": "TOOL_ARMOR",
    "category": "food",
    "name": "密封的净水袋",
    "description": "一袋密封的水。激活以使用其内容物.",
    "weight": 265,
    "volume": 1,
    "price": 7500,
    "material": "veggy",
	"looks_like": "waterskin2",
    "symbol": "o",
    "color": "cyan_green",
    "comestible_type": "FOOD",
    "charges": 1,
    "nutrition": 0,
    "quench": 50,
    "revert_to": "sac_purse",
    "covers": [ "TORSO" ],
    "coverage": 3,
    "encumbrance": 1,
    "material_thickness": 1,
    "flags": [ "WAIST", "FRAGILE", "EATEN_COLD" ]
  },
  {
    "id": "sac_purse_clean_water_leg",
    "type": "TOOL_ARMOR",
    "category": "food",
    "name": "密封的腿部净水袋",
    "description": "一袋绑在腿上的密封净水。激活以使用其内容物.",
    "weight": 265,
    "volume": 1,
    "price": 7500,
    "material": "veggy",
	"looks_like": "waterskin",
    "symbol": "o",
    "color": "cyan_green",
    "comestible_type": "FOOD",
    "charges": 1,
    "quench": 50,
    "healthy": 0,
    "fun": 0,
    "spoils_in": 0,
    "revert_to": "sac_purse_leg",
    "covers": [ "LEG_EITHER" ],
    "coverage": 3,
    "encumbrance": 1,
    "material_thickness": 1,
    "flags": [ "WAIST", "FRAGILE", "EATEN_COLD" ]
  },
  {
    "id": "sac_purse_clean_water_arm",
    "type": "TOOL_ARMOR",
    "category": "food",
    "name": "密封的臂部净水袋",
    "description": "一袋绑在手臂的密封净水。激活以使用其内容物.",
    "weight": 265,
    "volume": 1,
    "price": 7500,
    "material": "veggy",
    "symbol": "o",
    "color": "cyan_green",
    "comestible_type": "FOOD",
    "charges": 1,
    "quench": 50,
    "healthy": 0,
    "fun": 0,
    "spoils_in": 0,
    "revert_to": "sac_purse_arm",
    "covers": [ "ARM_EITHER" ],
    "coverage": 3,
    "encumbrance": 1,
    "material_thickness": 1,
    "flags": [ "WAIST", "FRAGILE", "EATEN_COLD" ]
  },
  {
    "type": "ARMOR",
    "id": "swat_shield",
    "name": "战术盾牌",
    "description": "一种防弹盾牌，设计用来保护它的持有者和任何站在他们后面的人。它很重，有些笨重，但它的保护是不容否认的。当它被激活时，它将被紧紧地挡在你面前.",
    "weight": 8840,
    "color": "dkgray",
    "covers": [ "HAND_EITHER" ],
    "price": 800000,
    "material": [ "hardsteel", "plastic" ],
	"looks_like": "waterskin",
    "volume": 18,
    "to_hit": -1,
    "encumbrance": 22,
    "bashing": 8,
    "symbol": "{",
    "flags": [ "OVERSIZE", "RESTRICT_HANDS", "ALLOWS_NATURAL_ATTACKS", "BLOCK_WHILE_WORN" ],
    "techniques": [ "WBLOCK_3", "BRUTAL" ],
    "coverage": 45,
    "material_thickness": 4,
    "use_action": { "type": "transform", "msg": "战术盾牌被拉到防御姿态!", "target": "swat_shield_act" }
  },
  {
    "type": "ARMOR",
    "id": "swat_shield_act",
    "name": "战术盾牌(防御)",
    "description": "一种防弹盾牌，设计用来保护它的持有者和任何站在他们后面的人。它很重，有些笨重，但它的保护是不容否认的。它正在挡在你身前，并使你慢下来.",
    "weight": 8840,
    "color": "dkgray",
    "covers": [ "TORSO", "LEGS", "EYES", "MOUTH", "ARMS", "HANDS" ],
    "price": 800000,
    "material": [ "hardsteel", "plastic" ],
    "volume": 18,
    "to_hit": -1,
    "encumbrance": 26,
    "symbol": "{",
    "flags": [ "OVERSIZE", "RESTRICT_HANDS", "ALLOWS_NATURAL_ATTACKS", "BLOCK_WHILE_WORN" ],
    "techniques": [ "WBLOCK_3", "BRUTAL" ],
    "coverage": 80,
    "material_thickness": 4,
    "use_action": { "type": "transform", "msg": "战术护盾降低.", "target": "swat_shield" }
  },
  {
    "id": "kevlar_tee",
    "type": "ARMOR",
    "category": "armor",
    "name": "内衬凯夫拉背心",
    "description": "一件轻便的防弹背心，带有缝好的汗衫和一件舒适的汗衫。适合穿在衣服里面.",
    "weight": 2924,
    "volume": 24,
    "price": 80000,
    "to_hit": -3,
    "bashing": 6,
    "material": [ "kevlar" ],
	"looks_like": "kevlar",
    "symbol": "[",
    "color": "light_gray",
    "covers": [ "TORSO" ],
    "coverage": 85,
    "encumbrance": 4,
    "warmth": 20,
    "material_thickness": 3,
    "flags": [ "STURDY", "SKINTIGHT" ]
  },
  {
    "id": "armguard_larmor_mod",
    "type": "ARMOR",
    "category": "armor",
    "name": "一对装甲皮革护臂",
    "name_plural": "一对装甲皮革护臂",
    "description": "一双坚韧的皮革护臂。轻便舒适，加固的肘部，粗糙的铆钉和金属条.",
    "weight": 1130,
    "volume": 9,
    "price": 4000,
    "to_hit": 1,
    "material": [ "leather", "iron" ],
	"looks_like": "armguard_larmor",
    "symbol": "[",
    "color": "brown",
    "covers": [ "ARMS" ],
    "coverage": 92,
    "encumbrance": 16,
    "warmth": 25,
    "material_thickness": 3,
    "environmental_protection": 2,
    "flags": [ "STURDY", "BLOCK_WHILE_WORN", "BULKY", "BELTED" ]
  }
]
