[
  {
    "id": "duster",
    "//": "Why the hell is the survivor and bog-standard trenchcoat the same encumbrance as a duster but not the leather/fur ones?",
    "type": "ARMOR",
    "copy-from": "duster",
    "name": "duster",
    "description": "A rugged full-length duster coat.  Has many pockets for storage.",
    "encumbrance": 12,
    "storage": 24
  },
  {
    "id": "duster_survivor",
    "type": "ARMOR",
    "copy-from": "duster_survivor",
    "category": "armor",
    "name": "survivor duster",
    "description": "A Kevlar armored custom full-length duster, covered with pouches and pockets.  Comfortable, durable, and great for storage.",
    "encumbrance": 14
  },
  {
    "id": "sleeveless_duster",
    "type": "ARMOR",
    "copy-from": "sleeveless_duster",
    "name": "sleeveless duster",
    "description": "A rugged full-length duster that leaves your arms unencumbered.  Has plenty of storage space due to its many pockets.",
    "encumbrance": 12
  },
  {
    "id": "sleeveless_duster_survivor",
    "type": "ARMOR",
    "copy-from": "sleeveless_duster_survivor",
    "category": "armor",
    "name": "sleeveless survivor duster",
    "description": "A custom Kevlar armored full-length duster without sleeves, covered with pouches and pockets.  Comfortable, durable, and great for storage.",
    "encumbrance": 14
  },
  {
    "id": "jacket_leather_mod",
    "type": "ARMOR",
    "copy-from": "jacket_leather_mod",
    "name": "armored leather jacket",
    "description": "An armored jacket made from thick leather and metal plates.  Cumbersome, but offers excellent protection from harm.",
    "coverage": 92,
    "encumbrance": 18
  },
  {
    "id": "vest_leather_mod",
    "type": "ARMOR",
    "copy-from": "vest_leather_mod",
    "name": "armored leather vest",
    "description": "An armored vest made from thick leather and metal plates.  Cumbersome, but offers excellent protection from harm.",
    "coverage": 92,
    "encumbrance": 18
  },
  {
    "id": "dive_bag",
    "type": "ARMOR",
    "copy-from": "dive_bag",
    "name": "dive bag",
    "description": "A lightweight mesh backpack, commonly used by swimmers and divers.",
    "weight": 512,
    "volume": 6,
    "price": 10900,
    "material": [ "plastic" ],
    "symbol": "[",
    "color": "yellow",
    "covers": [ "TORSO" ],
    "coverage": 40,
    "encumbrance": 9,
    "storage": 38,
    "material_thickness": 1,
    "flags": [ "WATER_FRIENDLY", "BELTED" ]
  },
  {
    "id": "fireman_belt",
    "type": "ARMOR",
    "name": "firefighter belt",
    "description": "A stout firefighter's belt.  Useful for keeping your bunker gear up, it also doubles as an equipment belt with a reinforced loop for holding a large tool.",
    "weight": 210,
    "volume": 2,
    "price": 9000,
    "bashing": 5,
    "material": [ "leather", "steel" ],
    "symbol": "[",
    "color": "yellow",
    "covers": [ "TORSO" ],
    "coverage": 6,
    "encumbrance": 4,
    "storage": 4,
    "warmth": 2,
    "material_thickness": 1,
    "use_action": {
      "type": "holster",
      "holster_prompt": "Attach what to belt loop?",
      "holster_msg": "You clip your %s to your %s",
      "max_volume": 7,
      "max_weight": 4200,
      "draw_cost": 50,
      "flags": [ "BELT_CLIP" ]
    },
    "flags": [ "FANCY", "WAIST", "NO_QUICKDRAW", "VARSIZE", "STURDY" ]
  },
  {
    "id": "leather_cat_ears",
    "type": "ARMOR",
    "name": "pair of leather cat ears",
    "name_plural": "pairs of leather cat ears",
    "description": "A shiny pair of black cat ears on a headband.  It does nothing, but there's no reason not to look good even if no one's looking.",
    "weight": 20,
    "volume": 1,
    "price": 3000,
    "material": [ "leather", "plastic" ],
    "symbol": "^",
    "color": "dark_gray",
    "covers": [ "HEAD" ],
    "coverage": 2,
    "encumbrance": 0,
    "warmth": 0,
    "material_thickness": 1,
    "flags": [ "FANCY" ]
  },
  {
    "id": "fur_cat_ears",
    "type": "ARMOR",
    "name": "pair of fuzzy cat ears",
    "name_plural": "pairs of fuzzy cat ears",
    "description": "A fuzzy pair of brownish cat ears on a headband.  It does nothing, but there's no reason not to look good even if no one's looking.",
    "weight": 20,
    "volume": 1,
    "price": 1500,
    "material": [ "fur", "plastic" ],
    "symbol": "^",
    "color": "brown",
    "covers": [ "HEAD" ],
    "coverage": 2,
    "encumbrance": 0,
    "warmth": 0,
    "material_thickness": 1,
    "flags": [ "FANCY" ]
  },
  {
    "id": "leather_cat_tail",
    "type": "ARMOR",
    "name": "leather cat tail",
    "description": "A glossy black leather tail weighted down with tiny beads of plastic.  Sways behind you when you walk.",
    "weight": 80,
    "volume": 1,
    "price": 2500,
    "bashing": 4,
    "material": [ "leather", "plastic" ],
    "symbol": "s",
    "color": "dark_gray",
    "covers": [ "LEGS" ],
    "coverage": 2,
    "encumbrance": 0,
    "warmth": 0,
    "material_thickness": 1,
    "flags": [ "FANCY", "FRAGILE" ]
  },
  {
    "id": "fur_cat_tail",
    "type": "ARMOR",
    "name": "fuzzy cat tail",
    "description": "A fuzzy tawny tail weighted down with tiny beads of plastic.  Sways behind you when you walk.",
    "weight": 80,
    "volume": 1,
    "price": 1000,
    "bashing": 4,
    "material": [ "fur", "plastic" ],
    "symbol": "s",
    "color": "brown",
    "covers": [ "LEGS" ],
    "coverage": 2,
    "encumbrance": 0,
    "warmth": 0,
    "material_thickness": 1,
    "flags": [ "FANCY", "FRAGILE" ]
  },
  {
    "id": "gold_dental_grill",
    "type": "ARMOR",
    "name": "gold dental grill",
    "description": "Fake golden teeth, worn over the teeth.  Fits horribly, but looks very shiny.",
    "weight": 10,
    "volume": 0,
    "price": 20000,
    "bashing": 2,
    "cutting": 2,
    "material": [ "gold" ],
    "symbol": "[",
    "color": "yellow",
    "covers": [ "MOUTH" ],
    "coverage": 1,
    "encumbrance": 0,
    "warmth": 0,
    "material_thickness": 1,
    "flags": [ "FANCY", "SKINTIGHT", "OVERSIZE" ]
  },
  {
    "id": "diamond_dental_grill",
    "type": "ARMOR",
    "name": "diamond dental grill",
    "description": "Fake teeth inlaid with diamonds, worn over the teeth.  Fits horribly, but looks very shiny.  For that high class gangsta rap look.",
    "weight": 10,
    "volume": 0,
    "price": 50000,
    "bashing": 3,
    "cutting": 3,
    "material": [ "gold" ],
    "symbol": "[",
    "color": "yellow",
    "covers": [ "MOUTH" ],
    "coverage": 1,
    "encumbrance": 10,
    "warmth": 0,
    "material_thickness": 1,
    "flags": [ "SUPER_FANCY", "SKINTIGHT", "OVERSIZE" ]
  },
  {
    "id": "wearable_rx12",
    "type": "TOOL_ARMOR",
    "category": "clothing",
    "name": "wearable RX12 jet injector",
    "description": "This is a modified RX12 jet injector which can be worn on the body.  A label on the side warns against using more than two doses per hour.",
    "weight": 364,
    "volume": 3,
    "price": 40000,
    "material": [ "ceramic", "superalloy" ],
    "symbol": "[",
    "color": "blue",
    "ammo": "ampoule",
    "max_charges": 2,
    "charges_per_use": 1,
    "covers": [ "ARM_EITHER" ],
    "coverage": 1,
    "encumbrance": 0,
    "material_thickness": 3,
    "use_action": "JET_INJECTOR",
    "flags": [ "OVERSIZE", "SKINTIGHT" ]
  },
  {
    "id": "rx11_stimpack",
    "type": "TOOL_ARMOR",
    "category": "clothing",
    "name": "RX11 stimulant delivery system",
    "name_plural": "RX11 stimulant delivery system",
    "description": "The Rivtech RX11 stimulant delivery system is a jet autoinjector system worn on the user's body.  A simple press of its activator injects powerful chemical stimulants into the bloodstream without using a needle.",
    "weight": 212,
    "volume": 3,
    "price": 40000,
    "material": [ "superalloy", "kevlar" ],
    "symbol": "[",
    "color": "dark_gray",
    "ammo": "stimpack_ammo",
    "initial_charges": 5,
    "max_charges": 5,
    "charges_per_use": 1,
    "covers": [ "ARM_EITHER" ],
    "coverage": 1,
    "encumbrance": 0,
    "material_thickness": 3,
    "use_action": "STIMPACK",
    "flags": [ "OVERSIZE", "SKINTIGHT" ]
  },
  {
    "id": "rad_monitor",
    "type": "TOOL_ARMOR",
    "category": "clothing",
    "name": "radiation biomonitor",
    "description": "A battery-powered biometric safety device worn on the wrist.  Activate to check your current level of radiation exposure.",
    "weight": 68,
    "volume": 1,
    "price": 60000,
    "to_hit": -3,
    "material": [ "plastic", "aluminum" ],
    "symbol": "[",
    "color": "dark_gray",
    "ammo": "battery",
    "initial_charges": 20,
    "max_charges": 20,
    "charges_per_use": 1,
    "covers": [ "HAND_EITHER" ],
    "coverage": 5,
    "encumbrance": 2,
    "material_thickness": 1,
    "use_action": "RADGLOVE",
    "flags": [ "OUTER" ]
  },
  {
    "id": "harmonica_holder",
    "type": "TOOL_ARMOR",
    "category": "tools",
    "name": "harmonica with a holder",
    "name_plural": "harmonicas with holders",
    "description": "A harmonica with a holder, so that you can play it without a free hand.",
    "weight": 200,
    "volume": 1,
    "price": 1000,
    "material": [ "steel" ],
    "symbol": "-",
    "color": "brown",
    "initial_charges": 1,
    "max_charges": 1,
    "covers": [ "HEAD" ],
    "coverage": 4,
    "encumbrance": 2,
    "material_thickness": 1,
    "use_action": {
      "type": "musical_instrument",
      "volume": 10,
      "fun": -5,
      "fun_bonus": 2,
      "speed_penalty": 10,
      "description_frequency": 20,
      "descriptions": [ "You produce a happy tune on your harmonica.", "You whistle on your harmonica." ]
    },
    "flags": [ "BELTED" ]
  },
  {
    "id": "wristwatch",
    "type": "ARMOR",
    "name": "wrist watch",
    "name_plural": "wrist watches",
    "description": "A simple wristwatch on a plastic band.  Tells the time and has an alarm clock feature.",
    "weight": 50,
    "volume": 1,
    "price": 5000,
    "to_hit": -1,
    "material": [ "plastic", "steel" ],
    "symbol": "[",
    "color": "dark_gray",
    "covers": [ "HAND_EITHER" ],
    "coverage": 1,
    "encumbrance": 0,
    "warmth": 0,
    "material_thickness": 1,
    "flags": [ "WATCH", "ALARMCLOCK", "BELTED", "FRAGILE", "ALLOWS_NATURAL_ATTACKS" ]
  },
  {
    "id": "diving_watch",
    "type": "ARMOR",
    "name": "diver's watch",
    "name_plural": "diver's watches",
    "description": "A waterpr1of, self-winding watch on a steel watchband.  Tells the time and current temperature and is impervious to water.  Activate to check the digital thermometer.",
    "weight": 65,
    "volume": 1,
    "price": 12000,
    "to_hit": -1,
    "material": [ "steel" ],
    "symbol": "[",
    "color": "light_gray",
    "covers": [ "HAND_EITHER" ],
    "coverage": 1,
    "encumbrance": 0,
    "warmth": 0,
    "material_thickness": 1,
    "use_action": "WEATHER_TOOL",
    "flags": [ "WATCH", "STURDY", "WATER_FRIENDLY", "THERMOMETER", "BELTED", "ALLOWS_NATURAL_ATTACKS" ]
  },
  {
    "id": "gold_watch",
    "type": "ARMOR",
    "name": "gold watch",
    "name_plural": "gold watches",
    "description": "A gold-plated steel self-winding wristwatch, suitable for a retirement present.  Tells the time and looks good.",
    "weight": 60,
    "volume": 1,
    "price": 50000,
    "to_hit": -1,
    "material": [ "steel", "gold" ],
    "symbol": "[",
    "color": "yellow",
    "covers": [ "HAND_EITHER" ],
    "coverage": 1,
    "encumbrance": 0,
    "warmth": 0,
    "material_thickness": 1,
    "flags": [ "WATCH", "FANCY", "BELTED", "FRAGILE", "ALLOWS_NATURAL_ATTACKS" ]
  },
  {
    "id": "sf_watch",
    "type": "ARMOR",
    "name": "fancy watch",
    "name_plural": "fancy watches",
    "//": "That's about the midpoint for a rolex.",
    "description": "A rather large and expensively made wristwatch.  Tells the time in elegantly wrought gold with silver detailing.  It's really the only timepiece suitable for someone of your exquisitely discerning tastes.",
    "weight": 80,
    "volume": 1,
    "price": 2200000,
    "to_hit": -1,
    "material": [ "gold", "silver" ],
    "symbol": "[",
    "color": "yellow",
    "covers": [ "HAND_EITHER" ],
    "coverage": 1,
    "encumbrance": 0,
    "warmth": 0,
    "material_thickness": 1,
    "flags": [ "WATCH", "SUPER_FANCY", "BELTED", "FRAGILE", "ALLOWS_NATURAL_ATTACKS" ]
  },
  {
    "id": "fancy_sunglasses",
    "type": "ARMOR",
    "name": "pair of stylish sunglasses",
    "name_plural": "pairs of stylish sunglasses",
    "description": "A pair of stylish sunglasses, look good while keeping the glare out of your eyes.",
    "weight": 42,
    "volume": 1,
    "price": 27500,
    "to_hit": -2,
    "material": [ "glass", "plastic" ],
    "symbol": "[",
    "color": "dark_gray",
    "covers": [ "EYES" ],
    "coverage": 95,
    "encumbrance": 4,
    "material_thickness": 1,
    "environmental_protection": 1,
    "qualities": [ [ "GLARE", 1 ] ],
    "flags": [ "SKINTIGHT", "FANCY", "WATER_FRIENDLY", "SUN_GLASSES" ]
  },
  {
    "id": "fitover_sunglasses",
    "type": "ARMOR",
    "name": "pair of fit-over sunglasses",
    "name_plural": "pairs of fit-over sunglasses",
    "description": "A pair of fit-over sunglasses designed to be worn over a pair of corrective glasses.  Good for keeping the glare out of your eyes.",
    "weight": 45,
    "volume": 1,
    "price": 5000,
    "to_hit": -2,
    "material": [ "glass", "plastic" ],
    "symbol": "[",
    "color": "dark_gray",
    "covers": [ "EYES" ],
    "coverage": 98,
    "encumbrance": 5,
    "material_thickness": 1,
    "environmental_protection": 1,
    "qualities": [ [ "GLARE", 1 ] ],
    "flags": [ "WATER_FRIENDLY", "SUN_GLASSES", "VARSIZE" ]
  },
  {
    "id": "glasses_bal",
    "type": "ARMOR",
    "name": "pair of ballistic glasses",
    "name_plural": "pairs of ballistic glasses",
    "description": "Modern tactical eyewear that protects from small projectiles and fragments.  Excellent protection from environmental dangers.",
    "weight": 184,
    "volume": 1,
    "price": 7500,
    "to_hit": -2,
    "material": [ "kevlar", "plastic" ],
    "symbol": "[",
    "color": "dark_gray",
    "covers": [ "EYES" ],
    "coverage": 100,
    "encumbrance": 12,
    "warmth": 5,
    "material_thickness": 3,
    "environmental_protection": 4,
    "qualities": [ [ "GLARE", 1 ] ],
    "flags": [ "OUTER", "WATER_FRIENDLY", "SUN_GLASSES", "STURDY" ]
  },
  {
    "id": "glasses_bifocal",
    "type": "ARMOR",
    "name": "pair of bifocal glasses",
    "name_plural": "pairs of bifocal glasses",
    "description": "A pair of bifocal glasses for those who are both near-sighted and far-sighted.  You can use them to focus the sunlight.",
    "weight": 30,
    "volume": 1,
    "price": 7900,
    "to_hit": -2,
    "material": [ "glass", "plastic" ],
    "symbol": "[",
    "color": "cyan",
    "covers": [ "EYES" ],
    "coverage": 75,
    "encumbrance": 3,
    "material_thickness": 1,
    "environmental_protection": 1,
    "use_action": { "type": "firestarter", "moves": 1000, "moves_slow": 25000, "need_sunlight": true },
    "flags": [ "SKINTIGHT", "WATER_FRIENDLY", "FIX_FARSIGHT", "FIX_NEARSIGHT" ]
  },
  {
    "id": "glasses_eye",
    "type": "ARMOR",
    "name": "pair of eyeglasses",
    "name_plural": "pairs of eyeglasses",
    "description": "A pair of glasses for the near-sighted.  The concave lenses diffuse the sunlight, rendering them useless for starting fires.",
    "weight": 30,
    "volume": 1,
    "price": 7900,
    "to_hit": -2,
    "material": [ "glass", "plastic" ],
    "symbol": "[",
    "color": "cyan",
    "covers": [ "EYES" ],
    "coverage": 75,
    "encumbrance": 3,
    "material_thickness": 1,
    "environmental_protection": 1,
    "flags": [ "SKINTIGHT", "WATER_FRIENDLY", "FIX_NEARSIGHT" ]
  },
  {
    "id": "glasses_monocle",
    "type": "ARMOR",
    "name": "monocle",
    "//": "DDA monocle is optical-grade.  Costume ones go for about $10.",
    "description": "An essential article of the gentleman's apparel.  Also corrects near-sightedness.  You can use this to focus the sunlight.",
    "weight": 16,
    "volume": 0,
    "price": 4000,
    "to_hit": -2,
    "material": [ "glass", "plastic" ],
    "symbol": "[",
    "color": "cyan",
    "covers": [ "EYES" ],
    "coverage": 20,
    "encumbrance": 4,
    "material_thickness": 1,
    "environmental_protection": 1,
    "use_action": { "type": "firestarter", "moves": 1000, "moves_slow": 25000, "need_sunlight": true },
    "flags": [ "OVERSIZE", "SUPER_FANCY", "WATER_FRIENDLY", "VARSIZE", "FIX_NEARSIGHT" ]
  },
  {
    "id": "glasses_reading",
    "type": "ARMOR",
    "name": "pair of reading glasses",
    "name_plural": "pairs of reading glasses",
    "description": "A pair of glasses for the far-sighted.  Useless for anyone else.  You can use them to focus the sunlight.",
    "weight": 30,
    "volume": 1,
    "price": 2000,
    "to_hit": -2,
    "material": [ "glass", "plastic" ],
    "symbol": "[",
    "color": "cyan",
    "covers": [ "EYES" ],
    "coverage": 75,
    "encumbrance": 3,
    "material_thickness": 1,
    "environmental_protection": 1,
    "use_action": { "type": "firestarter", "moves": 1000, "moves_slow": 25000, "need_sunlight": true },
    "flags": [ "SKINTIGHT", "WATER_FRIENDLY", "FIX_FARSIGHT" ]
  },
  {
    "id": "glasses_safety",
    "type": "ARMOR",
    "name": "pair of safety glasses",
    "name_plural": "pairs of safety glasses",
    "description": "A pair of plastic glasses, used in workshops, sports, chemistry labs, and many other places.  Provides great protection from damage.",
    "weight": 60,
    "volume": 1,
    "price": 1000,
    "to_hit": -2,
    "material": [ "plastic" ],
    "symbol": "[",
    "color": "light_gray",
    "covers": [ "EYES" ],
    "coverage": 98,
    "encumbrance": 6,
    "warmth": 5,
    "material_thickness": 2,
    "environmental_protection": 1,
    "flags": [ "WATER_FRIENDLY" ]
  },
  {
    "id": "goggles_ski",
    "type": "ARMOR",
    "name": "pair of ski goggles",
    "name_plural": "pairs of ski goggles",
    "description": "A large pair of goggles that completely seal off your eyes.  Excellent protection from environmental dangers.",
    "weight": 354,
    "volume": 2,
    "price": 4500,
    "to_hit": -2,
    "material": [ "plastic" ],
    "symbol": "[",
    "color": "dark_gray",
    "covers": [ "EYES" ],
    "coverage": 100,
    "encumbrance": 16,
    "warmth": 50,
    "material_thickness": 2,
    "environmental_protection": 6,
    "qualities": [ [ "GLARE", 1 ] ],
    "flags": [ "SUN_GLASSES", "VARSIZE", "WATER_FRIENDLY", "OUTER", "FLASH_PROTECTION" ]
  },
  {
    "id": "goggles_swim",
    "type": "ARMOR",
    "name": "pair of swim goggles",
    "name_plural": "pairs of swim goggles",
    "description": "A small pair of tinted goggles made for swimming.",
    "weight": 81,
    "volume": 1,
    "price": 1100,
    "to_hit": -2,
    "material": [ "plastic" ],
    "symbol": "[",
    "color": "light_blue",
    "covers": [ "EYES" ],
    "coverage": 100,
    "encumbrance": 10,
    "warmth": 10,
    "material_thickness": 1,
    "environmental_protection": 4,
    "flags": [ "SUN_GLASSES", "SKINTIGHT", "WATER_FRIENDLY", "SWIM_GOGGLES", "VARSIZE" ]
  },
  {
    "id": "goggles_welding",
    "type": "ARMOR",
    "name": "pair of welding goggles",
    "name_plural": "pairs of welding goggles",
    "description": "A dark pair of goggles.  They make seeing very difficult, but protect you from bright flashes.",
    "weight": 153,
    "volume": 1,
    "price": 1400,
    "to_hit": -3,
    "material": [ "plastic" ],
    "symbol": "[",
    "color": "dark_gray",
    "covers": [ "EYES" ],
    "coverage": 100,
    "encumbrance": 60,
    "warmth": 10,
    "material_thickness": 4,
    "environmental_protection": 6,
    "qualities": [ [ "GLARE", 2 ] ],
    "flags": [ "SUN_GLASSES", "FLASH_PROTECTION", "OUTER", "STURDY" ]
  },
  {
    "id": "sunglasses",
    "type": "ARMOR",
    "name": "pair of sunglasses",
    "name_plural": "pairs of sunglasses",
    "description": "A pair of sunglasses, good for keeping the glare out of your eyes.",
    "weight": 35,
    "volume": 1,
    "price": 5000,
    "to_hit": -2,
    "material": [ "glass", "plastic" ],
    "symbol": "[",
    "color": "dark_gray",
    "covers": [ "EYES" ],
    "coverage": 85,
    "encumbrance": 4,
    "material_thickness": 1,
    "environmental_protection": 1,
    "qualities": [ [ "GLARE", 1 ] ],
    "flags": [ "SKINTIGHT", "WATER_FRIENDLY", "SUN_GLASSES" ]
  },
  {
    "id": "survivor_goggles",
    "type": "ARMOR",
    "name": "survivor goggles",
    "name_plural": "pairs of survivor goggles",
    "description": "A custom-built pair of armored goggles with tinted lenses.  Relatively comfortable and built to last, they provide excellent protection from environmental dangers.",
    "weight": 212,
    "volume": 1,
    "price": 7500,
    "to_hit": -2,
    "material": [ "kevlar", "leather" ],
    "symbol": "[",
    "color": "dark_gray",
    "covers": [ "EYES" ],
    "coverage": 100,
    "encumbrance": 28,
    "warmth": 5,
    "material_thickness": 4,
    "environmental_protection": 15,
    "qualities": [ [ "GLARE", 1 ] ],
    "flags": [ "WATER_FRIENDLY", "SUN_GLASSES", "OVERSIZE", "VARSIZE", "STURDY", "OUTER" ]
  },
  {
    "id": "mask_filter",
    "type": "ARMOR",
    "//": "Keeps the filter mask at 20 warmth.  In summer it presents a choice between more prot/warmth here or less warmth for less prot with a dust mask.",
    "name": "filter mask",
    "description": "A mask that straps over your mouth and nose and filters air.  Protects from smoke, dust, and other contaminants quite well.",
    "weight": 260,
    "volume": 2,
    "price": 3500,
    "to_hit": 1,
    "material": [ "plastic" ],
    "symbol": "[",
    "color": "light_gray",
    "covers": [ "MOUTH" ],
    "coverage": 100,
    "encumbrance": 20,
    "warmth": 15,
    "material_thickness": 2,
    "environmental_protection": 7
  },
  {
    "id": "mask_dust",
    "type": "ARMOR",
    "name": "dust mask",
    "description": "A simple piece of cotton that straps over the mouth.  Provides a small amount of protection from air-borne illness and dust.",
    "weight": 200,
    "volume": 0,
    "price": 800,
    "to_hit": -3,
    "material": [ "cotton" ],
    "symbol": "[",
    "color": "white",
    "covers": [ "MOUTH" ],
    "coverage": 100,
    "encumbrance": 8,
    "warmth": 5,
    "material_thickness": 1,
    "environmental_protection": 3
  }
]
