[
  {
    "id":"bot_thing_head",
    "type":"TOOL",
    "name":"人头产生者",
    "description":"生成一个人脑.",
    "weight":330,
    "volume":3,
    "price":60000,
    "to_hit":-3,
    "bashing":6,
    "cutting":6,
    "material":[ "aluminum", "plastic" ],
    "symbol":",",
    "color":"light_green",
    "use_action":{
      "type":"place_monster",
      "monster_id":"mon_thing_head",
      "place_randomly":true
    }
  },
  {
    "id":"bot_thing_spider",
    "type":"TOOL",
    "name":"人头蜘蛛产生者",
    "description":"生成一个人头蜘蛛.",
    "weight":330,
    "volume":3,
    "price":60000,
    "to_hit":-3,
    "bashing":6,
    "cutting":6,
    "material":[ "aluminum", "plastic" ],
    "symbol":",",
    "color":"light_green",
    "use_action":{
      "type":"place_monster",
      "monster_id":"mon_thing_spider",
      "place_randomly":true
    }
  },
  {
    "id":"bot_tripod",
    "type":"TOOL",
    "name":"三足机器人产生者",
    "description":"生成一个三足机器人进入世界.",
    "weight":330,
    "volume":3,
    "price":60000,
    "to_hit":-3,
    "bashing":6,
    "cutting":6,
    "material":[ "aluminum", "plastic" ],
    "symbol":",",
    "color":"light_gray",
    "use_action":{
      "type":"place_monster",
      "monster_id":"mon_tripod",
      "place_randomly":true
    }
  },
  {
    "id":"bot_cherub",
    "type":"TOOL",
    "name":"天使产生者",
    "description":"生成一个小天使,小宝贝恶魔.",
    "weight":330,
    "volume":3,
    "price":60000,
    "to_hit":-3,
    "bashing":6,
    "cutting":6,
    "material":[ "aluminum", "plastic" ],
    "symbol":",",
    "color":"light_green",
    "use_action":{
      "type":"place_monster",
      "monster_id":"mon_cherub",
      "place_randomly":true
    }
  },
  {
    "id":"bot_cherub_fly",
    "type":"TOOL",
    "name":"飞行小天使产生者",
    "description":"生成一个飞行小天使,小宝贝恶魔.",
    "weight":330,
    "volume":3,
    "price":60000,
    "to_hit":-3,
    "bashing":6,
    "cutting":6,
    "material":[ "aluminum", "plastic" ],
    "symbol":",",
    "color":"light_green",
    "use_action":{
      "type":"place_monster",
      "monster_id":"mon_cherub_fly",
      "place_randomly":true
    }
  },
  {
    "id":"bot_imp_revive",
    "type":"TOOL",
    "name":"受伤的小鬼产生者",
    "description":"生成一个受伤小鬼进入世界.",
    "weight":330,
    "volume":3,
    "price":60000,
    "to_hit":-3,
    "bashing":6,
    "cutting":6,
    "material":[ "aluminum", "plastic" ],
    "symbol":",",
    "color":"light_green",
    "use_action":{
      "type":"place_monster",
      "monster_id":"mon_imp_revive",
      "place_randomly":true
    }
  },
  {
    "id":"bot_pinky_revive",
    "type":"TOOL",
    "name":"受伤的粉红恶魔产生者",
    "description":"生成一个伤痕累累的粉红色恶魔进入世界.",
    "weight":330,
    "volume":3,
    "price":60000,
    "to_hit":-3,
    "bashing":6,
    "cutting":6,
    "material":[ "aluminum", "plastic" ],
    "symbol":",",
    "color":"light_green",
    "use_action":{
      "type":"place_monster",
      "monster_id":"mon_pinky_revive",
      "place_randomly":true
    }
  },
  {
    "id":"bot_hell_knight_revive",
    "type":"TOOL",
    "name":"受虐待的地狱骑士产生者",
    "description":"生成一个受到重创的地狱骑士进入世界.",
    "weight":330,
    "volume":3,
    "price":60000,
    "to_hit":-3,
    "bashing":6,
    "cutting":6,
    "material":[ "aluminum", "plastic" ],
    "symbol":",",
    "color":"light_green",
    "use_action":{
      "type":"place_monster",
      "monster_id":"mon_hell_knight_revive",
      "place_randomly":true
    }
  },
  {
    "id":"bot_cacodemon_revive",
    "type":"TOOL",
    "name":"可恶的恶魔产生者",
    "description":"生成了一个令人讨厌的恶魔进入这个世界.",
    "weight":330,
    "volume":3,
    "price":60000,
    "to_hit":-3,
    "bashing":6,
    "cutting":6,
    "material":[ "aluminum", "plastic" ],
    "symbol":",",
    "color":"light_green",
    "use_action":{
      "type":"place_monster",
      "monster_id":"mon_cacodemon_revive",
      "difficulty":90,
      "place_randomly":true,
      "skill1":"survival",
      "skill2":"melee"
    }
  },
  {
    "id":"bot_churl_revive",
    "type":"TOOL",
    "name":"注定人类的产生者",
    "description":"生成一个吝啬鬼进入世界.",
    "weight":330,
    "volume":3,
    "price":60000,
    "to_hit":-3,
    "bashing":6,
    "cutting":6,
    "material":[ "aluminum", "plastic" ],
    "symbol":",",
    "color":"light_green",
    "use_action":{
      "type":"place_monster",
      "monster_id":"mon_churl_revive",
      "difficulty":90,
      "place_randomly":true,
      "skill1":"survival",
      "skill2":"melee"
    }
  },
  {
    "id":"bot_imp",
    "type":"TOOL",
    "name":"小鬼产生者",
    "description":"生成一个小鬼进入世界.",
    "weight":330,
    "volume":3,
    "price":60000,
    "to_hit":-3,
    "bashing":6,
    "cutting":6,
    "material":[ "aluminum", "plastic" ],
    "symbol":",",
    "color":"light_green",
    "use_action":{
      "type":"place_monster",
      "monster_id":"mon_imp",
      "place_randomly":true
    }
  },
  {
    "id":"bot_imp_black",
    "type":"TOOL",
    "name":"黑色小鬼产生者",
    "description":"生成一个黑色小鬼进入世界.",
    "weight":330,
    "volume":3,
    "price":60000,
    "to_hit":-3,
    "bashing":6,
    "cutting":6,
    "material":[ "aluminum", "plastic" ],
    "symbol":",",
    "color":"light_green",
    "use_action":{
      "type":"place_monster",
      "monster_id":"mon_imp_black",
      "place_randomly":true
    }
  },
  {
    "id":"bot_pinky",
    "type":"TOOL",
    "name":"粉红恶魔生成者",
    "description":"生成一个粉红恶魔进入世界.",
    "weight":330,
    "volume":3,
    "price":60000,
    "to_hit":-3,
    "bashing":6,
    "cutting":6,
    "material":[ "aluminum", "plastic" ],
    "symbol":",",
    "color":"light_green",
    "use_action":{
      "type":"place_monster",
      "monster_id":"mon_pinky",
      "place_randomly":true
    }
  },
  {
    "id":"bot_lostsoul",
    "type":"TOOL",
    "name":"迷失灵魂产生者",
    "description":"生成一个迷失灵魂进入世界.",
    "weight":330,
    "volume":3,
    "price":60000,
    "to_hit":-3,
    "bashing":6,
    "cutting":6,
    "material":[ "aluminum", "plastic" ],
    "symbol":",",
    "color":"light_green",
    "use_action":{
      "type":"place_monster",
      "monster_id":"mon_lostsoul",
      "place_randomly":true
    }
  },
  {
    "id":"bot_revenant",
    "type":"TOOL",
    "name":"亡灵产生者",
    "description":"生成一个亡灵进入世界.",
    "weight":330,
    "volume":3,
    "price":60000,
    "to_hit":-3,
    "bashing":6,
    "cutting":6,
    "material":[ "aluminum", "plastic" ],
    "symbol":",",
    "color":"light_green",
    "use_action":{
      "type":"place_monster",
      "monster_id":"mon_revenant",
      "place_randomly":true
    }
  },
  {
    "id":"bot_hell_knight",
    "type":"TOOL",
    "name":"地狱骑士生产者",
    "description":"生成一个地狱骑士进入世界.",
    "weight":330,
    "volume":3,
    "price":60000,
    "to_hit":-3,
    "bashing":6,
    "cutting":6,
    "material":[ "aluminum", "plastic" ],
    "symbol":",",
    "color":"light_green",
    "use_action":{
      "type":"place_monster",
      "monster_id":"mon_hell_knight",
      "place_randomly":true
    }
  },
  {
    "id":"bot_hell_baron",
    "type":"TOOL",
    "name":"地狱男爵生产者",
    "description":"生成一个地狱男爵进入世界.",
    "weight":330,
    "volume":3,
    "price":60000,
    "to_hit":-3,
    "bashing":6,
    "cutting":6,
    "material":[ "aluminum", "plastic" ],
    "symbol":",",
    "color":"light_green",
    "use_action":{
      "type":"place_monster",
      "monster_id":"mon_hell_baron",
      "place_randomly":true
    }
  },
  {
    "id":"bot_mancubus",
    "type":"TOOL",
    "name":"mancubus生产者",
    "description":"生成一个mancubus进入世界.",
    "weight":330,
    "volume":3,
    "price":60000,
    "to_hit":-3,
    "bashing":6,
    "cutting":6,
    "material":[ "aluminum", "plastic" ],
    "symbol":",",
    "color":"light_green",
    "use_action":{
      "type":"place_monster",
      "monster_id":"mon_mancubus",
      "place_randomly":true
    }
  },
  {
    "id":"bot_cacodemon",
    "type":"TOOL",
    "name":"恶魔生产者",
    "description":"生成一个恶魔带入世界.",
    "weight":330,
    "volume":3,
    "price":60000,
    "to_hit":-3,
    "bashing":6,
    "cutting":6,
    "material":[ "aluminum", "plastic" ],
    "symbol":",",
    "color":"light_green",
    "use_action":{
      "type":"place_monster",
      "monster_id":"mon_cacodemon",
      "difficulty":90,
      "place_randomly":true,
      "skill1":"survival",
      "skill2":"melee"
    }
  },
  {
    "id":"bot_mechaspider",
    "type":"TOOL",
    "name":"人脑机械蛛生产者",
    "description":"生成一个人脑机械蛛进入世界.",
    "weight":330,
    "volume":3,
    "price":60000,
    "to_hit":-3,
    "bashing":6,
    "cutting":6,
    "material":[ "aluminum", "plastic" ],
    "symbol":",",
    "color":"light_green",
    "use_action":{
      "type":"place_monster",
      "monster_id":"mon_mechaspider",
      "place_randomly":true
    }
  },
  {
    "id":"bot_cyberdemon",
    "type":"TOOL",
    "name":"cyberdemon生产者",
    "description":"生成一个cyberdemon进入世界.",
    "weight":330,
    "volume":3,
    "price":60000,
    "to_hit":-3,
    "bashing":6,
    "cutting":6,
    "material":[ "aluminum", "plastic" ],
    "symbol":",",
    "color":"light_green",
    "use_action":{
      "type":"place_monster",
      "monster_id":"mon_cyberdemon",
      "place_randomly":true
    }
  },
  {
    "id":"bot_rat",
    "type":"TOOL",
    "name":"老鼠产生者",
    "description":"生成一个老鼠进入世界.",
    "weight":300,
    "volume":1,
    "price":1000,
    "to_hit":-3,
    "bashing":6,
    "cutting":6,
    "material":[ "aluminum", "plastic" ],
    "symbol":".",
    "color":"ltgray",
    "use_action":{
      "type":"place_monster",
      "monster_id":"mon_black_rat",
      "friendly_msg":"老鼠看起来很特别!",
      "hostile_msg":"老鼠看起来很敌人!",
      "place_randomly":true
    }
  },
  {
    "id":"bot_spider_web_s",
    "type":"TOOL",
    "name":"网络幼蛛产生者",
    "description":"生成一只小型网络蜘蛛进入世界.",
    "weight":300,
    "volume":1,
    "price":1000,
    "to_hit":-3,
    "bashing":6,
    "cutting":6,
    "material":[ "aluminum", "plastic" ],
    "symbol":".",
    "color":"ltgray",
    "use_action":{
      "type":"place_monster",
      "monster_id":"mon_spider_web_s",
      "friendly_msg":"蜘蛛环顾四周!",
      "hostile_msg":"蜘蛛看起来很敌人!",
      "place_randomly":true
    }
  },
  {
    "id":"bot_spider_web_omega",
    "type":"TOOL",
    "name":"欧米加网络蜘蛛产生者",
    "description":"生成一个含有欧米加毒素的蜘蛛进入世界.",
    "weight":300,
    "volume":1,
    "price":1000,
    "to_hit":-3,
    "bashing":6,
    "cutting":6,
    "material":[ "aluminum", "plastic" ],
    "symbol":".",
    "color":"ltgray",
    "use_action":{
      "type":"place_monster",
      "monster_id":"mon_spider_web_omega",
      "friendly_msg":"蜘蛛环顾四周!",
      "hostile_msg":"蜘蛛看起来很敌人!",
      "place_randomly":true
    }
  },
  {
    "id":"bot_trapdoor_s",
    "type":"TOOL",
    "name":"陷门幼蛛产生者",
    "description":"生成一个小型的陷门蜘蛛进入世界.",
    "weight":300,
    "volume":1,
    "price":1000,
    "to_hit":-3,
    "bashing":6,
    "cutting":6,
    "material":[ "aluminum", "plastic" ],
    "symbol":".",
    "color":"ltgray",
    "use_action":{
      "type":"place_monster",
      "monster_id":"mon_spider_trapdoor_giant_s",
      "friendly_msg":"蜘蛛环顾四周!",
      "hostile_msg":"蜘蛛看起来很敌人!",
      "place_randomly":true
    }
  },
  {
    "id":"bot_spider_trapdoor_giant",
    "type":"TOOL",
    "name":"陷门蜘蛛产生者",
    "description":"生成陷门蜘蛛进入世界.",
    "weight":300,
    "volume":1,
    "price":1000,
    "to_hit":-3,
    "bashing":6,
    "cutting":6,
    "material":[ "aluminum", "plastic" ],
    "symbol":".",
    "color":"ltgray",
    "use_action":{
      "type":"place_monster",
      "monster_id":"mon_spider_trapdoor_giant",
      "friendly_msg":"蜘蛛环顾四周!",
      "hostile_msg":"蜘蛛看起来很敌人!",
      "place_randomly":true
    }
  },
  {
    "id":"bot_spider_trapdoor_giant_guardian",
    "type":"TOOL",
    "name":"守护者陷门蜘蛛产生者",
    "description":"生成守护者陷门蜘蛛进入世界.",
    "weight":300,
    "volume":1,
    "price":1000,
    "to_hit":-3,
    "bashing":6,
    "cutting":6,
    "material":[ "aluminum", "plastic" ],
    "symbol":".",
    "color":"ltgray",
    "use_action":{
      "type":"place_monster",
      "monster_id":"mon_spider_trapdoor_giant_guardian",
      "friendly_msg":"蜘蛛环顾四周!",
      "hostile_msg":"蜘蛛看起来很敌人!",
      "place_randomly":true
    }
  },
  {
    "id":"bot_fungal_boil",
    "type":"TOOL",
    "name":"煮炸弹",
    "//":"Not really 'unseen', but its function is much similar to the others in this file.",
    "description":"内有一团真菌的罐子.激活释放它.",
    "weight":920,
    "volume":2,
    "price":12500,
    "to_hit":-1,
    "bashing":2,
    "material":[ "plastic", "veggy" ],
    "symbol":"o",
    "color":"light_gray",
    "revert_to":"canister_empty",
    "use_action":{
      "type":"place_monster",
      "monster_id":"mon_fungus_boil",
      "friendly_msg":"煮沸到空中并开始呈指数增长.",
      "hostile_msg":"沸腾的舞蹈在你身边!",
      "difficulty":4,
      "moves":75,
      "place_randomly":true,
      "skill1":"survival",
      "skill2":"firstaid"
    }
  },
  {
    "id":"bot_shady",
    "type":"TOOL",
    "name":"阴影丧失生产者",
    "description":"产生一个阴影僵尸.",
    "weight":330,
    "volume":3,
    "price":60000,
    "to_hit":-3,
    "bashing":6,
    "cutting":6,
    "material":[ "aluminum", "plastic" ],
    "symbol":",",
    "color":"light_green",
    "use_action":{
      "type":"place_monster",
      "monster_id":"mon_zombie_shady",
      "place_randomly":true
    }
  },
  {
    "id":"bot_hollow",
    "type":"TOOL",
    "name":"空洞丧失生产者",
    "description":"生成一个空洞僵尸.",
    "weight":330,
    "volume":3,
    "price":60000,
    "to_hit":-3,
    "bashing":6,
    "cutting":6,
    "material":[ "aluminum", "plastic" ],
    "symbol":",",
    "color":"light_green",
    "use_action":{
      "type":"place_monster",
      "monster_id":"mon_zombie_hollow",
      "place_randomly":true
    }
  },
  {
    "id":"bot_blind",
    "type":"TOOL",
    "name":"盲目丧失生成者",
    "description":"生成一个盲目僵尸.",
    "weight":330,
    "volume":3,
    "price":60000,
    "to_hit":-3,
    "bashing":6,
    "cutting":6,
    "material":[ "aluminum", "plastic" ],
    "symbol":",",
    "color":"light_green",
    "use_action":{
      "type":"place_monster",
      "monster_id":"mon_zombie_blind_pk",
      "place_randomly":true
    }
  },
  {
    "id":"bot_grabber",
    "type":"TOOL",
    "name":"抢夺生产者",
    "description":"生成一个抢夺僵尸.",
    "weight":330,
    "volume":3,
    "price":60000,
    "to_hit":-3,
    "bashing":6,
    "cutting":6,
    "material":[ "aluminum", "plastic" ],
    "symbol":",",
    "color":"light_green",
    "use_action":{
      "type":"place_monster",
      "monster_id":"mon_zombie_grabber",
      "place_randomly":true
    }
  },
  {
    "id":"bot_acidic_pk",
    "type":"TOOL",
    "name":"酸性产生者",
    "description":"生成一个非常粗鲁的酸性僵尸.",
    "weight":330,
    "volume":3,
    "price":60000,
    "to_hit":-3,
    "bashing":6,
    "cutting":6,
    "material":[ "aluminum", "plastic" ],
    "symbol":",",
    "color":"light_green",
    "use_action":{
      "type":"place_monster",
      "monster_id":"mon_zombie_acidic_pk",
      "place_randomly":true
    }
  },
  {
    "id":"bot_ant_acid_ultralisk",
    "type":"TOOL",
    "name":"雷电生产者",
    "description":"生成一个雷电.",
    "weight":330,
    "volume":3,
    "price":60000,
    "to_hit":-3,
    "bashing":6,
    "cutting":6,
    "material":[ "aluminum", "plastic" ],
    "symbol":",",
    "color":"light_green",
    "use_action":{
      "type":"place_monster",
      "monster_id":"mon_ant_acid_ultralisk",
      "place_randomly":true
    }
  }
]

