[
  {
    "id": "water",
    "copy-from": "water",
    "type": "COMESTIBLE",
    "comestible_type": "DRINK",
    "category": "food",
    "name": "water",
    "name_plural": "water",
    "description": "Water, the stuff of life, the best thirst-quencher available.  Not quite clean, but some dirt and radiation won't hurt too much, right?  [1 rad]",
    "effects": [ { "id": "rad_tenths", "duration": 10 } ]
  },
  {
    "id": "water_clean",
    "copy-from": "water_clean",
    "type": "COMESTIBLE",
    "name": "clean water",
    "name_plural": "clean water",
    "description": "Fresh, clean water.  Truly the best thing to quench your thirst.  Mostly free of radiation and dirt. [1/10 rad]",
    "effects": [ { "id": "rad_tenths", "duration": 1 } ]
  },
  {
    "id": "water_mineral",
    "copy-from": "water_mineral",
    "type": "COMESTIBLE",
    "name": "mineral water",
    "name_plural": "mineral water",
    "description": "Fancy mineral water, so fancy it makes you feel fancy just holding it.  Like everything else it carries some ambient radiation. [1/10 rad]",
    "container": "bottle_glass",
    "proportional": { "quench": 1.3 },
    "relative": { "fun": 4 },
    "effects": [ { "id": "rad_tenths", "duration": 1 } ]
  },
  {
    "id": "stomach",
    "copy-from": "stomach",
    "type": "COMESTIBLE",
    "name": "stomach",
    "description": "The stomach of a woodland creature.  It is surprisingly durable. [3/10 rad]",
    "effects": [ { "id": "rad_tenths", "duration": 3 } ]
  },
  {
    "id": "offal",
    "copy-from": "offal",
    "type": "COMESTIBLE",
    "name": "raw offal",
    "description": "Uncooked internal organs and entrails.  Unappealing to eat but filled with essential vitamins. [3/10 rad]",
    "effects": [ { "id": "rad_tenths", "duration": 3 } ]
  },
  {
    "id": "fish",
    "copy-from": "fish",
    "type": "COMESTIBLE",
    "name": "fillet of fish",
    "name_plural": "fillets of fish",
    "description": "Freshly caught fish.  Makes a passable meal raw. [6/10 rad]",
    "effects": [ { "id": "rad_tenths", "duration": 6 } ]
  },
  {
    "id": "human_flesh",
    "copy-from": "human_flesh",
    "type": "COMESTIBLE",
    "name": "human flesh",
    "name_plural": "human fleshes",
    "description": "Freshly butchered from a human body. [4/10 rad]",
    "effects": [ { "id": "rad_tenths", "duration": 4 } ]
  },
  {
    "id": "meat",
    "copy-from": "meat",
    "type": "COMESTIBLE",
    "name": "chunk of meat",
    "name_plural": "chunks of meat",
    "description": "Freshly butchered meat.  You could eat it raw, but cooking it is better. [4/10 rad]",
    "effects": [ { "id": "rad_tenths", "duration": 4 } ]
  },
  {
    "type": "COMESTIBLE",
    "id": "fresh_fries_big",
    "name": "超大杯薯条",
    "name_plural": " 超大杯薯条",
    "weight": 175,
    "color": "yellow",
    "spoils_in": 200,
    "container": "box_small",
    "comestible_type": "FOOD",
    "symbol": "%",
    "quench": -7,
    "healthy": -2,
    "calories": 208,
    "description": "Carl JR. 感谢你的业务。享受你点的“超大杯薯条”吧。当你有能力再买一份“超大号薯条”时，请再来'.",
    "price": 500,
    "material": "junk",
    "volume": 1,
    "charges": 2,
    "flags": [ "EATEN_HOT" ],
    "fun": 9
  },
  {
    "id": "medikit",
    "type": "COMESTIBLE",
    "name": "医疗包",
    "description": "一个PRM品牌的医疗包。可快速应用于战场情况;虽然它的设计是快速附着在受损组织上，而不是消毒.",
    "weight": 400,
    "volume": 2,
    "price": 50000,
    "material": "spess_plastic",
    "symbol": "+",
    "color": "red",
    "comestible_type": "MED",
    "charges": 3,
    "stack_size": 6,
    "use_action": {
      "type": "heal",
      "move_cost": 3300,
      "long_action": true,
      "bandages_power": 8,
      "disinfectant_power": 8,
      "bleed": 0.95,
      "bite": 0.99,
      "effects": [ { "id": "doom_unhealth", "duration": 10 }, { "id": "pkill1", "duration": 300 }, { "id": "gauze", "duration": 17200 } ]
    },
    "flags": [ "USE_ON_NPC", "NPC_SAFE" ]
  },
  {
    "id": "berserker_drug",
    "type": "TOOL_ARMOR",
    "name": "狂战士兴奋剂",
    "description": "在一个静脉注射保护壳里打点滴。PRM专利兴奋剂将在短时间内将身体推向极限，使激烈的战斗变得更容易.",
    "weight": 360,
    "volume": 2,
    "price": 1000000,
    "to_hit": -1,
    "material": [ "plastic" ],
    "symbol": "|",
    "color": "ltgray",
    "covers": [ "HAND_EITHER", "ARM_EITHER" ],
    "coverage": 10,
    "encumbrance": 1,
    "material_thickness": 0,
    "use_action": {
      "target": "berserker_drug_act",
      "msg": "你把针插入静脉，你的血就沸腾了!",
      "target_charges": 7,
      "active": true,
      "moves": 250,
      "type": "transform"
    },
    "flags": [ "WATER_FRIENDLY", "BELTED", "ALLOWS_NATURAL_ATTACKS", "NO_RELOAD", "NO_UNLOAD", "USE_ON_NPC", "NPC_SAFE" ]
  },
  {
    "id": "berserker_drug_act",
    "type": "TOOL_ARMOR",
    "name": "狂战士兴奋剂 (激活)",
    "description": "在一个静脉注射保护壳里打点滴。在内部，PRM品牌的化学药品正在通过针管进入血液，为其用户提供难以置信的力量和灵活性.",
    "weight": 360,
    "volume": 2,
    "price": 1000000,
    "to_hit": -1,
    "material": [ "plastic" ],
    "symbol": "|",
    "color": "i_dkgray",
    "initial_charges": 7,
    "max_charges": 7,
    "turns_per_charge": 1,
    "revert_to": "bag_plastic",
    "covers": [ "HAND_EITHER", "ARM_EITHER" ],
    "coverage": 10,
    "encumbrance": 1,
    "material_thickness": 0,
    "use_action": { "type": "consume_drug", "effects": [ { "id": "doom_stimpack", "duration": 40 } ] },
    "flags": [ "WATER_FRIENDLY", "BELTED", "ALLOWS_NATURAL_ATTACKS", "NO_RELOAD", "USE_ON_NPC", "NPC_SAFE" ]
  },
  {
    "id": "stamina_vial",
    "type": "COMESTIBLE",
    "name": "耐力补充剂",
    "description": "这种三层高密度液体含有大量带电荷的有机化学物质，可能很难下陷，但对于核心运动员和要求苛刻的士兵来说，它能显著提高耐力。像大多数PRM产品一样，它是专为短期使用而设计的，可能会打乱身体的平衡.",
    "weight": 720,
    "volume": 3,
    "price": 100000,
    "to_hit": -1,
    "phase": "liquid",
    "container": "bottle_glass",
    "material": [ "glass" ],
    "symbol": ")",
    "color": "blue",
    "comestible_type": "MED",
    "charges": 3,
    "calories": 104,
    "fun": -5,
    "use_action": {
      "type": "consume_drug",
      "effects": [ { "id": "doom_unhealth", "duration": 3 }, { "id": "stamina_regen", "duration": 150 } ]
    },
    "flags": [ "NO_RELOAD", "NO_UNLOAD", "USE_ON_NPC", "NPC_SAFE" ]
  },
  {
    "id": "homebrew_antiseptic",
    "type": "COMESTIBLE",
    "name": "自制防腐剂",
    "description": "在荒野中发现的绝望的材料混合物,有希望治疗伤口,停止或预防感染.它可能是迷信,但它也可能具有治疗作用. 尽管它很刺人，但它还是最好的.",
    "weight": 450,
    "volume": 1,
    "price": 500,
    "symbol": "%",
    "color": "lt_green",
    "fun": -8,
    "healthy": 1,
    "revert_to": "paper",
    "comestible_type": "MED",
    "use_action": {
      "type": "heal",
      "disinfectant_power": 3,
      "bite": 0.35,
      "move_cost": 1200,
      "long_action": true,
      "effects": [ { "id": "stung", "duration": 12 } ]
    },
    "flags": [ "USE_ON_NPC", "NPC_SAFE" ]
  },
  {
    "id": "antidote_posion",
    "type": "COMESTIBLE",
    "name": "三尖树解毒剂",
    "description": "一种手工酿制的用来抵御基本毒素的饮料。适用于多种已知的毒药，但可能无法胜任更恶劣毒液的任务。治疗和阻断生物毒素.",
    "weight": 175,
    "volume": 1,
    "price": 35000,
    "phase": "liquid",
    "container": "flask_glass",
    "material": [ "powder" ],
    "symbol": ",",
    "color": "ltgreen",
    "comestible_type": "MED",
    "use_action": {
      "type": "consume_drug",
      "tools_needed": "syringe",
      "effects": [ { "id": "triffid_cure", "duration": 1 }, { "id": "doom_unhealth", "duration": 5 } ]
    },
    "flags": [ "USE_ON_NPC", "NPC_SAFE" ]
  },
  {
    "id": "antidote_badpoison",
    "type": "COMESTIBLE",
    "name": "三尖树中和剂",
    "description": "一种浓缩的药物，可以中和大多数已知的毒素，并将它们排出体外。与蜂王浆不同，它被用来预防并阻止未来的攻击.",
    "weight": 175,
    "volume": 1,
    "price": 35000,
    "phase": "liquid",
    "container": "flask_glass",
    "material": [ "powder" ],
    "symbol": ",",
    "color": "ltgreen",
    "comestible_type": "MED",
    "use_action": { "type": "consume_drug", "tools_needed": "syringe", "effects": [ { "id": "triffid_neutralization", "duration": 1 } ] },
    "flags": [ "USE_ON_NPC", "NPC_SAFE" ]
  },
  {
    "type": "COMESTIBLE",
    "id": "clay_lump",
    "copy-from": "clay_lump",
    "name": "lump of clay",
    "category": "other",
    "description": "一块新鲜的粘土。可以用来制作工艺品，煮沸来去除有害细菌，或者生吃来充饥和净化身体的一些辐射.",
    "comestible_type": "MED",
    "charges": 1,
    "calories": 17,
    "quench": -10,
    "fun": -8,
    "parasites": 12,
    "use_action": {
      "type": "consume_drug",
      "activation_message": "You consume a helping of the %s.",
      "effects": [ { "id": "rad_reduce", "duration": 360 } ],
      "vitamins": [ [ "calcium", 0, 4 ], [ "iron", 0, 8 ] ]
    },
    "flags": [ "USE_ON_NPC", "NPC_SAFE" ]
  },
  {
    "type": "COMESTIBLE",
    "id": "clay_boiled",
    "copy-from": "clay_lump",
    "name": "boiled clay",
    "category": "",
    "description": "用盐煮沸以去除硬矿物质和寄生虫的粘土的一部分。去除环境辐射，改善了生粘土的口感，但不适合雕刻.",
    "comestible_type": "MED",
    "charges": 1,
    "calories": 17,
    "quench": -13,
    "fun": -4,
    "parasites": 0,
    "use_action": {
      "type": "consume_drug",
      "activation_message": "您消耗了一个%s.",
      "effects": [ { "id": "rad_reduce", "duration": 360 }, { "id": "rad_reduce", "duration": 120 } ],
      "vitamins": [ [ "iron", 0, 4 ] ]
    },
    "flags": [ "USE_ON_NPC", "NPC_SAFE" ]
  },
  {
    "id": "vitamins",
    "copy-from": "vitamins",
    "type": "COMESTIBLE",
    "name": "复合维生素",
    "use_action": {
      "type": "consume_drug",
      "activation_message": "You take the %s.",
      "vitamins": [ [ "calcium", 16, 32 ], [ "iron", 16, 32 ], [ "vitA", 16, 32 ], [ "vitB", 16, 32 ], [ "vitC", 16, 32 ] ]
    },
    "flags": [ "USE_ON_NPC", "NPC_SAFE" ]
  },
  {
    "id": "gummy_vitamins",
    "copy-from": "vitamins",
    "type": "COMESTIBLE",
    "name": "维他命树脂糖",
    "description": "必需的膳食营养素，方便地包装在水果味耐嚼的糖果里，以掩盖其中的电离铁。当不可能均衡饮食时，这是最后的选择，也会清除体内的微量毒素和放射性颗粒。过量服用会导致维生素过多症，在某些情况下会过量服用.",
    "calories": 9,
    "stim": -1,
    "fun": 4,
    "charges": 10,
    "stack_size": 10,
    "use_action": {
      "type": "consume_drug",
      "activation_message": "你吃了一些%s.",
      "effects": [ { "id": "chelated_iron", "duration": 600 }, { "id": "rad_reduce", "duration": 600 } ],
      "vitamins": [ [ "calcium", 25, 50 ], [ "iron", 25, 50 ], [ "vitA", 25, 50 ], [ "vitB", 25, 50 ], [ "vitC", 25, 50 ] ]
    },
    "flags": [ "USE_ON_NPC", "NPC_SAFE" ]
  },
  {
    "id": "prussian_blue",
    "type": "COMESTIBLE",
    "comestible_type": "MED",
    "name": "Prussian blue tablet",
    "description": "含氧化亚铁氰化盐的药片。如果在辐射后服用，能够清除体内的核污染物。效果需要数小时才能显现，持续一整天，并且可以通过多次服用来加快速度.",
    "weight": 1,
    "volume": 1,
    "price": 3000,
    "charges": 10,
    "stack_size": 200,
    "material": "powder",
    "flags": "NPC_SAFE",
    "symbol": "!",
    "color": "blue",
    "use_action": {
      "type": "consume_drug",
      "activation_message": "你服用了一些普鲁士蓝片.",
      "effects": [ { "id": "pblue", "duration": 14400 } ]
    }
  },
  {
    "type": "COMESTIBLE",
    "id": "fertilizer_chelated",
    "copy-from": "fungicide",
    "sub": "fertilizer_commercial",
    "name": "水族馆肥料",
    "name_plural": "水族馆肥料",
    "color": "ltred",
    "calories": 35,
    "stim": -2,
    "healthy": -4,
    "fun": -20,
    "charges": 16,
    "stack_size": 16,
    "description": "农业级的离子处理肥料，用于水族箱中清除矿物质。可以在紧急情况下清除体内的辐射.",
    "price": 1500,
    "use_action": {
      "type": "consume_drug",
      "activation_message": "You consume a helping of the %s.",
      "effects": [
        { "id": "chelated_iron", "duration": 1200 },
        { "id": "chelated_iron", "duration": 800 },
        { "id": "chelated_iron", "duration": 600 },
        { "id": "rad_reduce", "duration": 600 },
        { "id": "rad_reduce", "duration": 300 }
      ],
      "vitamins": [ [ "iron", 30, 60 ] ]
    },
    "flags": [ "USE_ON_NPC", "NPC_SAFE" ]
  },
  {
    "type": "AMMO",
    "id": "medical_tape",
    "copy-from": "medical_tape",
    "name": "medical tape",
    "description": "A roll of medical tape, similar to duct tape.",
    "count": 100
  },
  {
    "id": "flu_shot",
    "type": "COMESTIBLE",
    "comestible_type": "MED",
    "name": "flu shot",
    "copy-from": "flu_shot",
    "description": "为大规模接种而设计的药物流感疫苗，仍在包装中。据称可以提供对流感的免疫力。大多数的工作是用病毒的弱毒株或惰性毒株或蛋白质感染你，使你的自然免疫力产生特异性免疫.",
    "healthy": 3,
    "flags": [ "USE_ON_NPC", "NPC_SAFE" ]
  },
  {
    "id": "dr_stem_cell",
    "type": "COMESTIBLE",
    "name": "Dr Stem的干细胞药剂",
    "description": "受到严格控制的干细胞剂量.虽然适用于体育和工业事故,大多数治疗都是留给那些负担得起高昂费用的人。使用后可能会经历严重的疼痛.  因个体而异，并不是所有用户都能体验到相同级别的结果。如果你有人造肢体，请咨询你的医生,计划活过30岁，或者已经超过30岁.",
    "weight": 175,
    "volume": 1,
    "price": 777000,
    "phase": "liquid",
    "container": "flask_glass",
    "material": [ "powder" ],
    "symbol": ",",
    "color": "green",
    "comestible_type": "MED",
    "use_action": {
      "type": "consume_drug",
      "tools_needed": "syringe",
      "effects": [ { "id": "stemcell_treatment", "duration": 30 }, { "id": "slashed", "duration": 30 } ]
    },
    "flags": [ "USE_ON_NPC", "NPC_SAFE" ]
  }
]
