[
  {
    "id": "popcan_stove",
    "type": "TOOL",
    "name": "soda can stove kit",
    "description": "This is an ultra-light alcohol-burning stove with simmer ring, crafted by hand from a couple of aluminum soda cans.  It comes with a 250 ml plastic bottle to hold concentrated alcohol fuel.",
    "weight": 45,
    "volume": 3,
    "price": 250,
    "bashing": 1,
    "material": "aluminum",
    "symbol": ";",
    "color": "light_gray",
    "ammo": "conc_alcohol",
    "sub": "hotplate",
    "initial_charges": 140,
    "max_charges": 250,
    "charges_per_use": 4,
    "use_action": "HOTPLATE"
  },
  {
    "id": "pipe_launcher40mm",
    "type": "GUNMOD",
    "name": "40mm pipe launcher",
    "description": "This is a home built launcher tube that can be attached to almost any rifle.  It allows a single 40mm grenade to be loaded and fired.",
    "weight": 2080,
    "volume": 3,
    "price": 25000,
    "material": [ "steel", "plastic" ],
    "symbol": ":",
    "color": "light_gray",
    "location": "underbarrel",
    "mod_targets": [ "rifle", "crossbow", "shotgun" ],
    "gun_data": { "ammo": "40mm", "skill": "launcher", "dispersion": 450, "durability": 10, "clip_size": 1 },
    "dispersion_modifier": 60,
    "min_skills": [ [ "gun", 1 ] ]
  }
]
