[
  {
    "id": "ref_lighter_dare",
    "type": "TOOL",
    "name": "改装的可再充的打火机",
    "copy-from": "lighter",
    "description": "这是一个打火机，已经改装成比正常打火机更大的火焰。虽然它是点火的理想选择，而且能够更快地点火，但它的耗油量有点大，耗油量几乎是普通的两倍.",
    "weight": 20,
    "volume": 0,
    "price": 3000,
    "material": "aluminum",
    "symbol": ",",
    "color": "light_gray",
    "ammo": "gasoline",
    "max_charges": 50,
    "rand_charges": [ 0, 0, 0, 0, 0, 0, 0, 0, 0, 0, 0, 1, 2, 3, 5, 7, 11, 13, 17, 21, 27 ],
    "charges_per_use": 2,
    "use_action": [ { "type": "firestarter", "moves": 30, "moves_slow": 400 } ],
    "flags": [ "FIRE", "FLAMING" ]
  },
  {
    "id": "ref_lighter_string",
    "type": "TOOL_ARMOR",
    "name": "穿戴式打火机",
    "copy-from": "lighter",
    "description": "一种打火机，有一点细绳和胶带，可以像挂绳一样挂在脖子上。有点笨手笨脚，但完全可以使用--------这玩意简直是吃饱了撑的.",
    "weight": 25,
    "volume": 0,
    "price": 3000,
    "material": "aluminum",
    "symbol": ",",
    "color": "light_gray",
    "coverage": 1,
    "encumbrance": 0,
    "storage": 0,
    "warmth": 0,
    "material_thickness": 1,
    "ammo": "gasoline",
    "max_charges": 50,
    "rand_charges": [ 0, 0, 0, 0, 0, 0, 0, 0, 0, 0, 0, 1, 2, 3, 5, 7, 11, 13, 17, 21, 27 ],
    "charges_per_use": 1,
    "use_action": [ { "type": "firestarter", "moves": 60, "moves_slow": 600 } ],
    "flags": [ "FIRE", "FLAMING" ]
  },
  {
    "id": "candle_smoke",
    "copy-from": "candle",
    "type": "GENERIC",
    "name": "烟雾蜡烛",
    "description": "在各个方面都是一支蜡烛，但设计用于产生细细的烟雾。通常用于仪式或增添一种“神秘感”的气氛，但也可能用于减少窗户和门旁边的气味.",
    "emits": [ "emit_smoke_flare" ],
    "use_action": {
      "target": "candle_smoke_lit",
      "msg": "你点燃烟雾蜡烛.",
      "active": true,
      "need_fire": 1,
      "menu_text": "Light",
      "type": "transform"
    }
  },
  {
    "id": "candle_smoke_lit",
    "type": "TOOL",
    "name": "烟雾蜡烛(点燃)",
    "name_plural": "smoking candles (lit)",
    "copy-from": "candle_lit",
    "description": "这支烟雾蜡烛被点燃了，正在散发着柔和的烛光和轻柔的细烟.",
    "emits": [ "emit_smoke_flare" ],
    "use_action": { "target": "candle_smoke", "msg": "蜡烛熄灭了.", "menu_text": "Extinguish", "type": "transform" },
    "flags": [ "LIGHT_8", "TRADER_AVOID", "FIRE" ]
  },
  {
    "id": "smoke_machine",
    "type": "TOOL",
    "name": "烟雾制造机 (关闭)",
    "name_plural": "烟雾制造机 (关闭)",
    "description": "这是一台用蜡烛操作的烟雾制造机。当它被打开时，会在直接的区域产生雾状烟雾，模糊视觉和气味。它可以随意关闭，但当空的时候就需要被解构和重造。它被设置为一次性使用.",
    "weight": 1360,
    "volume": 6,
    "price": 6000,
    "bashing": 3,
    "to_hit": -2,
    "material": [ "plastic" ],
    "symbol": "0",
    "color": "i_white",
    "max_charges": 100,
    "ammo": "smoke_juice",
    "use_action": {
      "type": "transform",
      "target": "smoke_machine_act",
      "active": true,
      "msg": "你打开烟雾制造机.",
      "need_fire": 1,
      "need_charges_msg": "这台机器是空的!解构它，创造一个新的."
    },
    "flags": [ "NO_RELOAD", "NO_REPAIR" ]
  },
  {
    "id": "smoke_machine_unpreped",
    "type": "TOOL",
    "name": "烟雾制造机",
    "name_plural": "烟雾制造机",
    "copy-from": "smoke_machine",
    "description": "这是一台用蜡烛操作的烟雾制造机。当它被打开时，会在直接的区域产生雾状烟雾，模糊视觉和气味。它可以随意关闭，但当空的时候就需要被解构和重造。它被设置为一次性使用，然后再次激活它.",
    "max_charges": 100,
    "initial_charges": 100,
    "use_action": {
      "type": "transform",
      "target": "smoke_machine",
      "active": false,
      "msg": "你把烟雾制造机准备好使用。它仍然是关闭的."
    },
    "flags": [ "NO_RELOAD", "NO_REPAIR" ]
  },
  {
    "id": "smoke_machine_act",
    "copy-from": "smoke_machine",
    "type": "TOOL",
    "name": "烟雾制造机 (开启)",
    "name_plural": "烟雾制造机 (开启)",
    "max_charges": 100,
    "initial_charges": 100,
    "turns_per_charge": 158,
    "revert_to": "smoke_machine",
    "emits": [ "emit_smoke_flare", "emit_smoke_machine" ],
    "use_action": { "menu_text": "Turn off", "type": "transform", "target": "smoke_machine", "msg": "你把烟雾制造机关掉." },
    "flags": [ "NO_RELOAD", "NO_REPAIR", "LIGHT_6", "CHARGEDIM", "TRADER_AVOID" ]
  },
  {
    "id": "pokeball",
    "type": "TOOL",
    "name": "便携式生物储存容器",
    "description": "生物容器的形状是一个小型的球体，基于高度实验性的PRM经纱包装技术。允许生物的安全运输;但似乎可以节省重量，使它的使用不切实际.",
    "weight": 300,
    "volume": 3,
    "price": 2000000,
    "bashing": 3,
    "material": [ "steel", "plastic" ],
    "symbol": "o",
    "color": "light_red",
    "properties": [ [ "monster_size_capacity", "HUGE" ] ],
    "use_action": "CAPTURE_MONSTER_ACT"
  },
  {
    "id": "e_tool_chinese",
    "type": "TOOL",
    "name": "中国挖掘工具",
    "description": "一把用廉价钢材制成的结实的铁锹。铁锹的刃口已经磨尖，它的接缝逐渐变细，细到可以穿过铁丝-------洛阳铲！！！！.",
    "weight": 628,
    "volume": 4,
    "price": 4000,
    "to_hit": 1,
    "bashing": 8,
    "cutting": 8,
    "material": "budget_steel",
    "symbol": "/",
    "color": "light_gray",
    "qualities": [ [ "CUT", 1 ], [ "DIG", 3 ], [ "BUTCHER", -8 ], [ "SAW_W", 1 ], [ "SAW_M", 1 ] ],
    "use_action": "BOLTCUTTERS",
    "flags": [ "DURABLE_MELEE" ]
  },
  {
    "id": "broken_manhack_fire",
    "type": "GENERIC",
    "category": "other",
    "name": "坏掉的火焰炸弹",
    "description": "一个坏掉的火焰炸弹。现在它安静地躺在坚实的地面上，威胁小多了。可以拆掉作为零件.",
    "weight": 2113,
    "volume": 3,
    "price": 9000,
    "price_postapoc": 1000,
    "to_hit": -3,
    "bashing": 6,
    "cutting": 6,
    "material": [ "aluminum", "plastic" ],
    "symbol": ",",
    "color": "red"
  },
  {
    "id": "bot_manhack_fire",
    "type": "TOOL",
    "name": "未激活的火焰炸弹",
    "description": "这是一个未激活的火焰炸弹.  当被激活时，它会飞向敌方并引爆，向该区域喷射火焰.",
    "weight": 500,
    "volume": 1,
    "price": 80000,
    "to_hit": -3,
    "bashing": 6,
    "cutting": 6,
    "material": [ "aluminum", "plastic" ],
    "symbol": ",",
    "color": "red",
    "use_action": {
      "type": "place_monster",
      "monster_id": "mon_manhack_fire",
      "friendly_msg": "火焰炸弹飞离你的手并且扫描该地区!",
      "hostile_msg": "你错误地编写了火焰炸弹的攻击程序;主意隐蔽!",
      "difficulty": 6,
      "moves": 60,
      "place_randomly": true,
      "skill1": "electronics",
      "skill2": "computer"
    }
  },
  {
    "id": "spess_chunk",
    "type": "TOOL",
    "category": "spare_parts",
    "name": "聚乙烯塑料块",
    "description": "这是一块轻质、微分层的太空时代塑料。它不太可能再被制造出来，所以它对某些人来说一定是有价值的.",
    "weight": 60,
    "volume": 1,
    "price": 15000,
    "material": "spess_plastic",
    "symbol": ",",
    "color": "light_green",
    "flags": [ "NO_SALVAGE" ]
  },
  {
    "id": "bot_manhack_missile",
    "type": "TOOL",
    "name": "亡魂的火箭",
    "description": "亡魂的火箭。瞄准一个目标并爆炸，造成中等伤害和一个小型EMP脉冲爆炸.",
    "weight": 330,
    "volume": 3,
    "price": 60000,
    "to_hit": -3,
    "bashing": 6,
    "cutting": 6,
    "material": [ "aluminum", "plastic" ],
    "symbol": ",",
    "color": "light_green",
    "use_action": {
      "type": "place_monster",
      "monster_id": "mon_manhack_missile",
      "friendly_msg": "导弹不确定地起飞了!",
      "hostile_msg": "你给导弹编错了程序;现在这是敌对!",
      "difficulty": 4,
      "moves": 75,
      "place_randomly": true,
      "skill1": "electronics",
      "skill2": "computer"
    }
  },
  {
    "id": "rocket_core",
    "type": "TOOL",
    "category": "weapons",
    "name": "亡魂的火箭核心",
    "description": "亡魂的火箭核心，暴露在空气中。目前看起来足够稳定，但如果你搞砸了，它很可能会爆炸.",
    "weight": 240,
    "volume": 2,
    "to_hit": -1,
    "bashing": 6,
    "material": [ "steel", "plastic" ],
    "symbol": ",",
    "color": "ltblue",
    "explode_in_fire": true,
    "use_action": { "target": "rocket_core_act", "target_charges": 4, "active": true, "type": "transform" },
    "flags": [ "TRADER_AVOID", "CUSTOM_EXPLOSION" ]
  },
  {
    "id": "rocket_core_act",
    "type": "TOOL",
    "category": "weapons",
    "name": "不稳定的亡魂火箭核心",
    "description": "亡魂的火箭核心，暴露在空气中。现在可能会爆炸吗.",
    "weight": 240,
    "volume": 2,
    "to_hit": -1,
    "bashing": 6,
    "material": [ "steel", "plastic" ],
    "symbol": ",",
    "color": "ltred",
    "initial_charges": 1,
    "max_charges": 4,
    "turns_per_charge": 1,
    "emits": [ "emit_radiation_plume" ],
    "use_action": {
      "type": "explosion",
      "draw_explosion_radius": 2,
      "draw_explosion_color": "ltblue",
      "emp_blast_radius": 2,
      "sound_volume": 0,
      "sound_msg": "刺啦.",
      "no_deactivate_msg": "这个核心有一个漏洞,它不起作用!",
      "explosion": { "power": 12, "distance_factor": 0.5, "shrapnel": 1 }
    },
    "flags": [ "BOMB", "TRADER_AVOID", "CUSTOM_EXPLOSION" ]
  },
  {
    "id": "broken_soulcube",
    "type": "TOOL",
    "name": "发光的灵魂盒",
    "description": "一个未知的立方体形状的装置，很明显是来自外星，它的目的是未知的.",
    "weight": 1000,
    "volume": 2,
    "price": 1000000,
    "to_hit": -3,
    "bashing": 6,
    "cutting": 6,
    "material": "diamond",
    "symbol": ",",
    "color": "white",
    "use_action": {
      "target": "soulcube_on",
      "msg": "光芒转移到你身上，治愈你的伤口!",
      "target_charges": 4,
      "active": true,
      "type": "transform"
    },
    "flags": [ "LIGHT_50" ]
  },
  {
    "id": "soulcube_on",
    "type": "TOOL",
    "name": "治愈灵魂盒",
    "description": "一个未知的立方体形状的装置，很明显是来自外星，它的目的是未知的.",
    "weight": 1000,
    "volume": 2,
    "price": 1000000,
    "to_hit": -3,
    "bashing": 6,
    "cutting": 6,
    "material": "diamond",
    "symbol": ",",
    "color": "white",
    "initial_charges": 4,
    "max_charges": 4,
    "turns_per_charge": 1,
    "revert_to": "soulcube_charging",
    "artifact_data": { "effects_activated": [ "AEA_HEAL" ] },
    "use_action": "ARTIFACT"
  },
  {
    "id": "soulcube_charging",
    "type": "TOOL",
    "name": "充电灵魂盒",
    "description": "一个未知的立方体形状的装置，很明显是来自外星，它的目的是未知的.",
    "weight": 1000,
    "volume": 2,
    "price": 1000000,
    "to_hit": -3,
    "bashing": 6,
    "cutting": 6,
    "material": "diamond",
    "symbol": ",",
    "color": "white",
    "use_action": {
      "target": "soulcube",
      "msg": "\"使用我们.\"",
      "moves": 0,
      "type": "delayed_transform",
      "transform_age": 4200,
      "not_ready_msg": "你摆弄这个立方体，但什么也没发生.",
      "//": "7 hours"
    }
  },
  {
    "id": "soulcube",
    "type": "TOOL",
    "name": "灵魂盒",
    "description": "一个未知的立方体形状的装置，很明显是来自外星，它的目的是未知的.",
    "weight": 1000,
    "volume": 2,
    "price": 1000000,
    "to_hit": -3,
    "bashing": 6,
    "cutting": 6,
    "material": "diamond",
    "symbol": ",",
    "color": "white",
    "use_action": {
      "type": "place_monster",
      "monster_id": "mon_soulcube",
      "friendly_msg": "当你摆弄魔方时，它会从你手中飞走!",
      "hostile_msg": "哦,它变得有敌意的。这可能是不应该发生的。可能.",
      "moves": 50,
      "place_randomly": true,
      "skill1": "survival"
    }
  },
  {
    "id": "bot_fungal_boil_egg",
    "type": "TOOL",
    "name": "培育真菌罐",
    "description": "有一团真菌在里面生长的罐子。当它完成孵化后，就可以释放了.",
    "weight": 820,
    "volume": 2,
    "price": 5000,
    "to_hit": -1,
    "bashing": 2,
    "material": [ "plastic", "veggy" ],
    "symbol": "o",
    "color": "dkgray",
    "revert_to": "canister_empty",
    "use_action": {
      "target": "bot_fungal_boil",
      "msg": "里面的真菌成熟了!",
      "active": false,
      "type": "delayed_transform",
      "transform_age": 21600,
      "not_ready_msg": "真菌需要36小时才能成熟。还没有准备好."
    }
  },
  {
    "id": "bot_turret_shockcannon",
    "type": "TOOL",
    "name": "未激活的电磁炮炮塔",
    "description": "这是一个不活动的电磁炮炮塔。使用这个物品包括打开它，把它放在地面上，在那里它会附着自己。炮塔将识别你为一个友好的，并需要100电池每次放电。当你放置炮塔时，你的所有电池都将被用来为炮塔提供动力.",
    "weight": 1450,
    "volume": 12,
    "price": 600000,
    "to_hit": -3,
    "bashing": 8,
    "material": [ "spess_plastic", "steel" ],
    "symbol": ";",
    "color": "white",
    "use_action": {
      "type": "place_monster",
      "monster_id": "mon_turret_shockcannon",
      "difficulty": 6,
      "moves": 100,
      "skill1": "electronics",
      "skill2": "computer"
    }
  },
  {
    "id": "triffid_sap_grenade",
    "type": "TOOL",
    "category": "weapons",
    "name": "凝固粘液手榴弹",
    "description": "从生物兰花的含苞待放的花中提取的提取物，用弱酸水稀释。当它被扔出去时，会产生一种快速增稠的粘稠物，会困住任何进入其中的东西.",
    "weight": 315,
    "volume": 2,
    "material": [ "glass" ],
    "symbol": "%",
    "color": "i_yellow",
    "turns_per_charge": 1,
    "use_action": { "target": "triffid_sap_grenade_act", "target_charges": 3, "active": true, "type": "transform" },
    "flags": [ "ACT_ON_RANGED_HIT" ]
  },
  {
    "id": "triffid_sap_grenade_act",
    "type": "TOOL",
    "category": "weapons",
    "name": "凝固粘液手榴弹",
    "description": "从生物兰花的含苞待放的花中提取的提取物，用弱酸水稀释。当它被扔出去时，会产生一种快速增稠的粘稠物，会困住任何进入其中的东西.",
    "weight": 315,
    "volume": 2,
    "material": [ "glass" ],
    "symbol": "%",
    "color": "i_yellow",
    "turns_per_charge": 1,
    "emits": [ "emit_sap_grenade" ],
    "countdown_interval": 2,
    "countdown_destroy": true,
    "countdown_action": { "type": "explosion", "explosion": { "power": 2, "distance_factor": 0.2 } }
  },
  {
    "id": "bot_robot_drone",
    "type": "TOOL",
    "name": "未激活的无人直升机",
    "description": "这架无人直升机正在等待补给和重新启动.如果你的身上有.223的弹药或者类似的东西，当你激活它的时候，它就会携带弹药飞起来，用于16块以外的东西.",
    "weight": 4250,
    "volume": 35,
    "price": 3000000,
    "to_hit": -3,
    "material": [ "steel", "superalloy" ],
    "symbol": "H",
    "color": "ltgreen",
    "use_action": {
      "type": "place_monster",
      "monster_id": "mon_robot_drone",
      "difficulty": 8,
      "moves": 150,
      "skill1": "electronics",
      "skill2": "computer"
    }
  },
  {
    "id": "broken_robot_drone",
    "type": "GENERIC",
    "category": "other",
    "name": "损毁的无人直升机",
    "description": "一架坏了的无人直升机。现在不那么不祥了.",
    "weight": 4250,
    "volume": 34,
    "price": 100000,
    "to_hit": -3,
    "material": [ "steel", "superalloy" ],
    "symbol": "H",
    "color": "ltgreen"
  },
  {
    "type": "GENERIC",
    "id": "fridge_cargo",
    "name": "冰盒",
    "description": "一个足够宽敞的大冰箱，你可以站在里面安全地储存大量的食物。货架更小，覆盖良好，各种自制的带子和支架可用来固定材料.",
    "weight": 27752,
    "to_hit": -10,
    "color": "light_blue",
    "symbol": "]",
    "material": "steel",
    "volume": 22,
    "category": "veh_parts",
    "price": 90000
  },
  {
    "id": "diveknife",
    "type": "TOOL",
    "category": "weapons",
    "name": "dive knife",
    "name_plural": "dive knives",
    "//": "Too small to be effectively used for butchering, still not bad at it due to serrated edge.",
    "description": "This is a short, sturdy knife with a serrated edge for cutting lines and straps, and a blunt tip for prying.  Used primarily by divers, it is very light and takes up virtually no space in one's pockets.",
    "weight": 226,
    "volume": 0,
    "price": 14000,
    "cutting": 12,
    "material": [ "steel", "plastic" ],
    "symbol": ";",
    "color": "yellow",
    "qualities": [ [ "CUT", 1 ], [ "PRY", 1 ], [ "BUTCHER", 15 ] ],
    "techniques": [ "RAPID" ],
    "flags": [ "SHEATH_KNIFE" ]
  }
]
