[
  {
    "type": "monstergroup",
    "name": "GROUP_TRIFFID_SUPRISE",
    "default": "mon_null",
    "monsters": [
      { "monster": "mon_triffid_young", "freq": 10, "cost_multiplier": 0 },
      { "monster": "mon_triffid", "freq": 15, "cost_multiplier": 0 },
      { "monster": "mon_fungal_fighter", "freq": 20, "cost_multiplier": 1 },
      { "monster": "mon_triffid_queen", "freq": 5, "cost_multiplier": 5 },
      { "monster": "mon_creeper_root", "freq": 20, "cost_multiplier": 5, "pack_size": [ 1, 3 ] },
      { "monster": "mon_creeper_hub", "freq": 5, "cost_multiplier": 10, "starts": 100 },
      { "monster": "mon_creeper_vine_pk", "freq": 10, "cost_multiplier": 5, "pack_size": [ 1, 3 ], "starts": 50 },
      { "monster": "mon_dionaea_sprout", "freq": 5, "cost_multiplier": 3, "starts": 50 },
      { "monster": "mon_treent", "freq": 5, "cost_multiplier": 10, "starts": 100 },
      { "monster": "mon_treent_green", "freq": 1, "cost_multiplier": 0, "starts": 50 },
      { "monster": "mon_minecraft", "freq": 5, "cost_multiplier": 10, "pack_size": [ 1, 3 ], "starts": 25 },
      { "monster": "mon_minecraft_charged", "freq": 5, "cost_multiplier": 15, "pack_size": [ 1, 3 ], "starts": 75 },
      {
        "monster": "mon_spider_wolf_giant",
        "freq": 3,
        "cost_multiplier": 5,
        "pack_size": [ 1, 3 ],
        "starts": 50,
        "conditions": [ "SPRING", "SUMMER", "AUTUMN" ]
      },
      {
        "monster": "mon_spider_wolf_giant_pk",
        "freq": 3,
        "cost_multiplier": 10,
        "starts": 100,
        "conditions": [ "SPRING", "SUMMER", "AUTUMN" ]
      }
    ]
  },
  {
    "type": "item_group",
    "id": "rack_smoke",
    "items": [
      [ "null", 15 ],
      [ "dry_meat", 5 ],
      [ "dry_fish", 5 ],
      [ "dry_veggy", 5 ],
      [ "dry_fruit", 5 ],
      [ "meat_smoked", 10 ],
      [ "fish_smoked", 10 ],
      [ "salt", 5 ],
      [ "pepper", 5 ],
      [ "seasoning_salt", 5 ]
    ]
  },
  {
    "type": "mapgen",
    "om_terrain": [ "orchard_processing" ],
    "method": "json",
    "weight": 2500,
    "object": {
      "fill_ter": "t_metal_floor",
      "rows": [
        "                        ",
        "                        ",
        "                        ",
        "                        ",
        "      $$$$$$$$$$$$$$$$  ",
        "     ------------------ ",
        "    $-,,C_.........OOX-$",
        "    $-Ck,o.OcccO....OX-$",
        "    $-_ox_.........OXX-$",
        "    $-.........--++----$",
        "    $-..O......-T...XX-$",
        "    $-f.c......+....XX-$",
        "    $-f.c......+.....X-$",
        "    $-f.c......-....XX-$",
        "    $-..O......-.... X-$",
        "    $-.........-....|X-$",
        "     ------++---====--- ",
        "         $$]]$$''''''$$ ",
        "   $$$$ 7  ]]  ''''''   ",
        "           ]]  ''''''   ",
        " '''''''''''''''''''''  ",
        " '''''''''''''''''''''  ",
        " '''''''''''''''''''''  ",
        " '''''''''''''''''''''  "
      ],
      "terrain": {
        "7": "t_tree",
        "-": "t_wall_metal",
        "_": "t_wall",
        ",": "t_floor",
        "'": "t_pavement",
        "]": "t_sidewalk",
        "C": "t_floor",
        "k": "t_floor",
        ".": "t_metal_floor",
        "|": "t_gates_control_metal",
        "+": "t_door_metal_c",
        "=": "t_door_metal_locked",
        "x": "t_door_c",
        "o": "t_window",
        " ": [ "t_dirt", "t_grass", "t_grass", "t_grass", "t_grass", "t_grass" ],
        "$": [ "t_shrub", "t_shrub", "t_shrub", "t_shrub", "t_shrub", "t_underbrush" ]
      },
      "furniture": { "T": "f_table", "c": "f_counter", "C": "f_chair", "k": "f_desk", "O": "f_crate_o", "X": "f_crate_c", "f": "f_rack" },
      "place_vehicles": [
        { "vehicle": "suburban_home", "x": 2, "y": 21, "rotation": -90, "chance": 45 },
        { "vehicle": "suburban_home", "x": 7, "y": 21, "rotation": -90, "chance": 45 },
        { "vehicle": "suburban_home", "x": 12, "y": 21, "rotation": -90, "chance": 45 },
        { "vehicle": "highway", "x": 16, "y": 21, "chance": 45 }
      ],
      "place_items": [
        { "item": "office", "chance": 75, "x": 7, "y": 7, "repeat": [ 1, 3 ] },
        { "item": "office", "chance": 50, "x": 16, "y": 10 },
        { "item": "hardware", "chance": 50, "x": 6, "y": [ 11, 13 ], "repeat": [ 1, 2 ] }
      ],
      "place_monsters": [
        { "monster": "GROUP_PEST", "x": [ 1, 22 ], "y": [ 1, 22 ], "chance": 3 },
        { "monster": "GROUP_SAFE", "x": [ 1, 22 ], "y": [ 1, 22 ], "chance": 12 }
      ]
    }
  },
  {
    "type": "mapgen",
    "om_terrain": [ "orchard_stall" ],
    "method": "json",
    "weight": 2500,
    "object": {
      "fill_ter": "t_floor",
      "rows": [
        "  ....................  ",
        "  ...................   ",
        "  ...................   ",
        "  ...................   ",
        "  ...................   ",
        "    ................    ",
        "   .......... ......    ",
        "  ..........  ......    ",
        " ..........   ......    ",
        "..........    ......    ",
        ".........  7  ......    ",
        ".........  7            ",
        "........*  D      ***** ",
        ".......**  *-------+--* ",
        ".......** **-cT{xxS,s-**",
        " ***********oc,,,,,,F-d*",
        "  **********oc,,,,,,F-d*",
        "  **********-POOk,,TF-  ",
        " *********tb-----++---$ ",
        " **********b-XOO,,,ff-$ ",
        " *********tb-XO,,,,,|-$ ",
        " ***********---=====--  ",
        " *********    |         ",
        " *********              "
      ],
      "terrain": {
        "7": "t_tree",
        "-": "t_wall_wood",
        ",": "t_floor",
        ".": "t_pavement",
        "=": "t_door_metal_locked",
        "+": "t_door_c",
        "o": "t_window_empty",
        "$": "t_shrub",
        " ": [ "t_dirt", "t_grass", "t_grass", "t_grass", "t_grass", "t_grass" ],
        "*": "t_dirt",
        "t": "t_dirt",
        "b": "t_dirt",
        "|": "t_barndoor"
      },
      "furniture": {
        "b": "f_bench",
        "T": "f_table",
        "t": "f_table",
        "c": "f_counter",
        "{": "f_sink",
        "O": "f_crate_o",
        "X": "f_crate_c",
        "x": "f_oven",
        "F": "f_fridge",
        "d": "f_dumpster",
        "D": "f_trashcan",
        "P": "f_sign",
        "s": "f_safe_o",
        "k": "f_wood_keg",
        "S": "f_smoking_rack",
        "f": "f_rack"
      },
      "place_monsters": [
        { "monster": "GROUP_PEST", "x": [ 1, 22 ], "y": [ 1, 22 ], "chance": 6 },
        { "monster": "GROUP_SAFE", "x": [ 1, 22 ], "y": [ 1, 22 ], "chance": 6 },
        { "monster": "GROUP_DOMESTIC", "x": [ 1, 22 ], "y": [ 1, 22 ], "chance": 12 }
      ],
      "place_items": [
        { "item": "fridge", "chance": 75, "x": 20, "y": [ 15, 17 ], "repeat": [ 1, 3 ] },
        { "item": "rack_smoke", "chance": 75, "x": 18, "y": 13, "repeat": [ 1, 2 ] },
        { "item": "farming_tools", "chance": 50, "x": [ 19, 20 ], "y": 19, "repeat": [ 1, 2 ] },
        { "item": "trash", "chance": 65, "x": 22, "y": [ 15, 16 ], "repeat": [ 1, 2 ] },
        { "item": "trash", "chance": 75, "x": 11, "y": 12 }
      ],
      "place_vehicles": [ { "vehicle": "suburban_home", "x": 4, "y": 17, "rotation": -90, "chance": 50 } ]
    }
  },
  {
    "type": "mapgen",
    "om_terrain": [ "orchard_tree_apple" ],
    "method": "json",
    "weight": 2500,
    "object": {
      "fill_ter": "t_dirt",
      "rows": [
        "                        ",
        "                        ",
        "  7     7      7     7  ",
        "                        ",
        "                        ",
        "                        ",
        "                        ",
        "                        ",
        "  7     7      7     7  ",
        "                        ",
        "                        ",
        "                        ",
        "                        ",
        "                        ",
        "                        ",
        "  7     7      7     7  ",
        "                        ",
        "                        ",
        "                        ",
        "                        ",
        "                        ",
        "  7     7      7     7  ",
        "                        ",
        "                        "
      ],
      "terrain": {
        "7": "t_tree_apple",
        " ": [
          "t_dirt",
          "t_dirt",
          "t_dirt",
          "t_dirt",
          "t_grass",
          "t_grass",
          "t_grass",
          "t_grass",
          "t_grass",
          "t_grass",
          "t_grass",
          "t_grass",
          "t_grass",
          "t_grass",
          "t_grass",
          "t_grass",
          "t_grass",
          "t_grass",
          "t_grass",
          "t_grass",
          "t_grass",
          "t_grass",
          "t_grass",
          "t_grass",
          "t_grass",
          "t_grass",
          "t_grass",
          "t_grass",
          "t_grass",
          "t_grass",
          "t_grass",
          "t_grass",
          "t_grass",
          "t_grass",
          "t_grass",
          "t_grass",
          "t_grass",
          "t_grass",
          "t_grass",
          "t_grass",
          "t_grass",
          "t_grass",
          "t_grass",
          "t_grass",
          "t_grass",
          "t_grass",
          "t_grass",
          "t_grass",
          "t_grass",
          "t_grass",
          "t_grass",
          "t_grass",
          "t_grass",
          "t_grass",
          "t_grass",
          "t_grass",
          "t_underbrush",
          "t_underbrush",
          "t_tree_young"
        ]
      },
      "place_monsters": [
        { "monster": "GROUP_TRIFFID_SUPRISE", "x": [ 1, 22 ], "y": [ 1, 22 ], "chance": 20 },
        { "monster": "GROUP_PEST", "x": [ 1, 22 ], "y": [ 1, 22 ], "chance": 20 },
        { "monster": "GROUP_DOMESTIC", "x": [ 1, 22 ], "y": [ 1, 22 ], "chance": 12 },
        { "monster": "GROUP_SAFE", "x": [ 1, 22 ], "y": [ 1, 22 ], "chance": 6 }
      ]
    }
  }
]
