[
  {
    "type": "mapgen",
    "comment": "cabin with bandits; adds in shackles.",
    "om_terrain": [ "bandit_cabin" ],
    "method": "json",
    "weight": 250,
    "object": {
      "fill_ter": "t_floor",
      "rows": [
        "....................^...",
        "..z......z....#####.....",
        "..........#####;_8#####.",
        "..z.......#__:#A_8#_@@#.",
        ".....,,,,,#___##+##_@@#.",
        "....,,,,,,#@@_#___#___#.",
        "....,,,,,,#@@_+___+___#.",
        "z...,,,,S,#___#___#_:_#.",
        ".###0###3######___#####.",
        ".#cccF#___77#____BBB__#.",
        ".#=___#_____#___B666B_#.",
        ".0A_____________B666B_#.",
        ".#c_________#____BBB__#.",
        ".#E__D#_____#99_______#.",
        ".##cc##_H___######3####.",
        ".#C__________H#SSSSSSSS.",
        ".#C_?__66_____#SSSSSSSS.",
        ".#__?__66_____3SSSSSSSS.",
        ".#____________#SSSSSSSS.",
        ".#___9????9___#.........",
        ".##0########0##.........",
        "......................z.",
        ".^....z.................",
        ".............z........^."
      ],
      "place_items": [
        { "item": "bed", "chance": 80, "x": [ 11, 12 ], "y": [ 5, 6 ] },
        { "item": "bed", "chance": 80, "x": [ 20, 21 ], "y": [ 3, 4 ] },
        { "item": "stash_wood", "chance": 70, "x": [ 9, 9 ], "y": [ 2, 4 ] },
        { "item": "dresser", "chance": 70, "x": [ 13, 13 ], "y": [ 3, 3 ] },
        { "item": "dresser", "chance": 70, "x": [ 20, 20 ], "y": [ 7, 7 ] },
        { "item": "home_hw", "chance": 60, "x": [ 2, 2 ], "y": [ 13, 13 ] },
        { "item": "cannedfood", "chance": 60, "x": [ 2, 2 ], "y": [ 13, 13 ] },
        { "item": "pasta", "chance": 50, "x": [ 2, 2 ], "y": [ 13, 13 ] },
        { "item": "camping", "chance": 70, "x": [ 13, 14 ], "y": [ 13, 13 ] },
        { "item": "homebooks", "chance": 70, "x": [ 10, 11 ], "y": [ 9, 9 ] },
        { "item": "kitchen", "chance": 70, "x": [ 2, 2 ], "y": [ 9, 12 ] },
        { "item": "fridge", "chance": 70, "x": [ 5, 5 ], "y": [ 9, 9 ] },
        { "item": "dining", "chance": 70, "x": [ 17, 19 ], "y": [ 10, 11 ] },
        { "item": "magazines", "chance": 50, "x": [ 7, 8 ], "y": [ 16, 17 ] }
      ],
      "terrain": {
        ".": "t_grass",
        ",": "t_dirt",
        "#": "t_wall_log",
        "2": "t_window_domestic",
        "0": "t_curtains",
        "3": "t_door_locked",
        " ": "t_floor",
        "+": "t_door_c",
        "=": "t_rock_floor",
        "z": "t_shrub",
        "S": "t_sidewalk",
        "^": "t_tree",
        "{": "t_door_glass_c",
        "[": "t_fence_v",
        "_": "t_rock_floor",
        "~": "t_fence_h"
      },
      "furniture": {
        "6": "f_table",
        "7": "f_bookcase",
        "8": "f_bathtub",
        "9": "f_rack",
        ":": "f_dresser",
        "=": "f_woodstove",
        "c": "f_counter",
        "?": "f_sofa",
        "@": "f_bed",
        "A": "f_sink",
        "B": "f_chair",
        "C": "f_desk",
        "D": "f_trashcan",
        "E": "f_cupboard",
        "F": "f_fridge",
        "H": "f_armchair",
        "G": "f_oven"
      },
      "place_npcs": [ { "class": "bandit", "x": 5, "y": 16 }, { "class": "bandit", "x": 8, "y": 18 } ],
      "toilets": { ";": {  } },
      "set": [ { "point": "furniture", "id": "f_shackle", "x": 4, "y": 4, "chance": 2 } ]
    }
  },
  {
    "type": "mapgen",
    "om_terrain": [ "basement" ],
    "method": "json",
    "comment": "有沙袋的幸存者地下室; 增加了手铐.",
    "weight": 750,
    "object": {
      "fill_ter": "t_rock_floor",
      "rows": [
        " --------------------   ",
        " |######....ccgf...{|   ",
        " |#................{|   ",
        " |#................{|   ",
        " |..y......h.h|--+----| ",
        " |.........###|]....##| ",
        " |.........h.h|]....h#| ",
        " |............|.......| ",
        " |sssss.s|{..{|dbb.bbd| ",
        " |.......|{..{|-------| ",
        " |X...xXX|{..{|...|     ",
        " |Xx....X|{...+..t|     ",
        " |XX..xXX|{..{|k..|     ",
        " |XXx..X.|{..{|------   ",
        " |X......|----|....<|   ",
        " |-|...............<|   ",
        "   |---..........|--|   ",
        "      |----------|      ",
        "                        ",
        "                        ",
        "                        ",
        "                        ",
        "                        ",
        "                        "
      ],
      "terrain": { " ": "t_rock", "|": "t_wall", "-": "t_wall", "<": "t_stairs_up", "+": "t_door_c" },
      "furniture": {
        "#": "f_counter",
        "{": "f_rack",
        "h": "f_chair",
        "b": "f_bed",
        "d": "f_dresser",
        "]": "f_bookcase",
        "s": "f_sandbag_half",
        "x": "f_crate_c",
        "X": "f_crate_o",
        "g": "f_oven",
        "k": "f_sink",
        "f": "f_fridge",
        "c": "f_cupboard",
        "y": "f_woodstove"
      },
      "toilets": { "t": {  } },
      "place_monsters": [ { "monster": "GROUP_PREPPER_HOUSE", "x": [ 2, 10 ], "y": [ 4, 7 ], "chance": 2 } ],
      "place_loot": [
        { "item": "water", "chance": 100, "x": [ 4, 15 ], "y": [ 14, 15 ], "repeat": 3 },
        { "group": "basement_survival_last_stand_casing", "chance": 20, "x": 2, "y": 6, "repeat": [ 1, 10 ] },
        { "group": "basement_survival_last_stand_casing", "chance": 20, "x": 3, "y": 6, "repeat": [ 1, 10 ] },
        { "group": "basement_survival_last_stand_casing", "chance": 20, "x": 4, "y": 6, "repeat": [ 1, 10 ] },
        { "group": "basement_survival_last_stand_casing", "chance": 20, "x": 5, "y": 7, "repeat": [ 1, 10 ] },
        { "group": "basement_survival_last_stand_casing", "chance": 20, "x": 2, "y": 7, "repeat": [ 1, 10 ] },
        { "group": "basement_survival_last_stand_casing", "chance": 20, "x": 3, "y": 7, "repeat": [ 1, 10 ] },
        { "group": "basement_survival_last_stand_casing", "chance": 20, "x": 4, "y": 7, "repeat": [ 1, 10 ] },
        { "group": "basement_survival_last_stand_casing", "chance": 20, "x": 5, "y": 7, "repeat": [ 1, 10 ] },
        { "group": "basement_survival_last_stand", "chance": 100, "x": [ 3, 4 ], "y": 7 },
        { "group": "tools_common", "chance": 100, "x": [ 3, 7 ], "y": 1 },
        { "group": "tools_entry", "chance": 50, "x": [ 3, 7 ], "y": 1 },
        { "item": "fire_ax", "chance": 25, "x": 2, "y": 2 },
        { "item": "2x4", "chance": 100, "x": [ 4, 7 ], "y": [ 3, 4 ], "repeat": [ 2, 4 ] },
        { "item": "log", "chance": 100, "x": [ 4, 7 ], "y": [ 3, 4 ], "repeat": [ 1, 2 ] },
        { "group": "misc_smoking", "chance": 75, "x": 21, "y": 6 },
        { "group": "kitchen", "chance": 100, "x": [ 11, 13 ], "y": 5 },
        { "group": "cannedfood", "chance": 75, "x": 10, "y": 8 },
        { "group": "cannedfood", "chance": 75, "x": 10, "y": 9 },
        { "group": "cannedfood", "chance": 75, "x": 10, "y": 10 },
        { "group": "cannedfood", "chance": 75, "x": 10, "y": 11 },
        { "group": "cannedfood", "chance": 75, "x": 10, "y": 12 },
        { "group": "cannedfood", "chance": 75, "x": 10, "y": 13 },
        { "group": "fridge", "chance": 80, "x": 15, "y": 1, "repeat": [ 1, 3 ] },
        { "group": "book_survival", "chance": 90, "x": 15, "y": 5 },
        { "group": "book_survival", "chance": 30, "x": 15, "y": 6 },
        { "group": "gear_survival", "chance": 75, "x": 13, "y": 8 },
        { "group": "gear_survival", "chance": 75, "x": 13, "y": 9 },
        { "group": "gear_survival", "chance": 75, "x": 13, "y": 10 },
        { "group": "gear_survival", "chance": 75, "x": 13, "y": 12 },
        { "group": "gear_survival", "chance": 75, "x": 13, "y": 13 },
        {
          "group": "guns_survival",
          "chance": 100,
          "x": 19,
          "y": [ 1, 2 ],
          "magazine": 100,
          "ammo": 75,
          "repeat": [ 1, 2 ]
        },
        { "group": "ammo_reloaded", "chance": 100, "x": 19, "y": 3, "magazine": 100, "repeat": [ 1, 3 ] },
        { "group": "guns_pistol_common", "chance": 30, "x": 15, "y": 8, "magazine": 100, "ammo": 75 },
        { "group": "guns_pistol_common", "chance": 30, "x": 21, "y": 8, "magazine": 100, "ammo": 75 },
        { "group": "clothing_outdoor_set", "chance": 30, "x": 15, "y": 8 },
        { "group": "clothing_outdoor_set", "chance": 30, "x": 21, "y": 8 },
        { "item": "blanket", "chance": 30, "x": 16, "y": 8 },
        { "item": "blanket", "chance": 30, "x": 20, "y": 8 },
        { "item": "pillow", "chance": 30, "x": 16, "y": 8 },
        { "item": "pillow", "chance": 30, "x": 20, "y": 8 }
      ],
      "set": [ { "point": "furniture", "id": "f_shackle", "x": 10, "y": 1, "chance": 10 } ]
    }
  },
  {
    "type": "mapgen",
    "comment": "cabin; adds in shackles.",
    "om_terrain": [ "cabin" ],
    "method": "json",
    "weight": 500,
    "object": {
      "fill_ter": "t_floor",
      "rows": [
        "|----------------------|",
        "|......................|",
        "|...#######............|",
        "|...#LCCCL#............|",
        "|...W     W............|",
        "|...#     #............|",
        "|...###+###............|",
        "|......................|",
        "|......................|",
        "|..######+###ww######..|",
        "|..# RRR        DBBD#..|",
        "|..# RSR         BB #..|",
        "|..# rrr            #..|",
        "|..#                #..|",
        "|..w      cttc      w..|",
        "|..w      cttc      w..|",
        "|..# OOO            #..|",
        "|..#                #..|",
        "|..#                #..|",
        "|..#                #..|",
        "|..####ww###+###ww###..|",
        "|......................|",
        "|......................|",
        "-----------GG-----------"
      ],
      "terrain": {
        ".": "t_grass",
        "#": "t_wall_log",
        "-": "t_fence_h",
        "|": "t_fence_v",
        "G": "t_fencegate_c",
        "W": "t_window_boarded",
        "w": "t_window_domestic",
        "+": "t_door_c",
        "R": "t_rock",
        "r": "t_rock_floor"
      },
      "furniture": { "L": "f_locker", "C": "f_counter", "D": "f_dresser", "B": "f_bed", "O": "f_sofa", "c": "f_chair", "t": "f_table" },
      "mapping": { "S": { "terrain": "t_rock_floor", "furniture": "f_woodstove" } },
      "place_items": [
        { "item": "livingroom", "chance": 60, "x": [ 4, 8 ], "y": [ 13, 18 ] },
        { "item": "dining", "chance": 60, "x": [ 11, 12 ], "y": [ 14, 15 ] },
        { "item": "camping", "chance": 70, "x": 19, "y": [ 16, 19 ] },
        { "item": "dresser", "chance": 70, "x": 16, "y": 10 },
        { "item": "dresser", "chance": 70, "x": 19, "y": 10 },
        { "item": "tools_earthworking", "chance": 70, "x": [ 5, 9 ], "y": 3 },
        { "item": "bed", "chance": 60, "x": [ 17, 18 ], "y": [ 10, 11 ] }
      ],
      "place_monsters": [ { "monster": "GROUP_ZOMBIE", "x": 7, "y": 4 } ],
      "set": [ { "point": "furniture", "id": "f_shackle", "x": [ 14, 20 ], "y": [ 3, 6 ], "chance": 4 } ]
    }
  },
  {
    "type": "mapgen",
    "comment": "cabin basement with cult; adds in shackles.",
    "om_terrain": [ "cabin_strange_b" ],
    "method": "json",
    "weight": 300,
    "object": {
      "fill_ter": "t_dirtfloor",
      "rows": [
        "########################",
        "################...h...#",
        "########c.cc####.httth.#",
        "###T..##c....+...ht.th.#",
        "###...G....c####.......#",
        "###BB.##....############",
        "##########D###|---|---|#",
        "##########.###|cdc|<..|#",
        "##.hhh.##...##|.h.|-D-|#",
        "#.......#.C.##|-+-|..h##",
        "#.hh.hh.D...##c......c##",
        "#.......#.C.##ccC..Ccc##",
        "#.hh.hh.#...##cc.....r##",
        "#.......#.C.##ccC..C.r##",
        "#.hh.hh.#...##tt..ch.r##",
        "#.......#.C.##ttCccC..##",
        "#.......#............A##",
        "#.b.S.b.#.C..C.cC..C..##",
        "##.....##..h..ccccBBo.##",
        "###+#+##################",
        "##.....#################",
        "##.....#################",
        "##..8..#################",
        "########################"
      ],
      "terrain": {
        "#": "t_rock",
        "G": "t_door_bar_locked",
        "C": "t_column",
        "-": "t_wall",
        "|": "t_wall",
        "+": "t_door_c",
        "=": "t_door_boarded",
        "D": "t_door_locked_interior",
        "<": "t_stairs_up"
      },
      "furniture": { "A": "f_armchair", "t": "f_table", "B": "f_bed", "h": "f_chair", "d": "f_desk", "8": "f_shackle" },
      "toilets": { "T": {  } },
      "mapping": {
        "b": { "item": { "item": "brazier" } },
        ".": { "items": { "item": "subway", "chance": 10 } },
        "S": { "item": { "item": "etched_skull" }, "furniture": "f_slab" },
        "o": { "items": { "item": "novels", "chance": 40 }, "furniture": "f_bookcase" },
        "c": { "items": { "item": "dresser", "chance": 20 }, "furniture": "f_crate_o" },
        "r": { "items": { "item": "cannedfood", "chance": 30 }, "furniture": "f_rack" }
      },
      "place_monster": [
        { "x": 4, "y": 12, "monster": "mon_dementia", "repeat": [ 3, 6 ] },
        { "x": 19, "y": 2, "monster": "mon_dementia", "repeat": [ 1, 4 ] },
        { "x": 4, "y": 21, "monster": "mon_blood_sacrifice", "repeat": 1 }
      ]
    }
  },
  {
    "type": "mapgen",
    "om_terrain": [ "s_library" ],
    "method": "json",
    "comment": "图书馆需要石墙.",
    "weight": 500,
    "object": {
      "fill_ter": "t_floor",
      "rows": [
        "~~~~~~~~~~~~~~~~~~~~~~~~",
        "**qq~~~~qq|-O-|||||O|||*",
        "**qq~~~~qq|%dy-TTT-.dd|*",
        "**qq~~~~qq|dh.-..T-.h%|*",
        "*|===::===|--+-+---+--|*",
        "*|Th......%...........|*",
        "*|Th......###%###%###.|*",
        "*|Th..................|*",
        "*|------..............|*",
        "*O.hhh.+..h%T%h.h%T%h.|*",
        "*|.TTT.-..............O*",
        "*|------..h%T%h.h%T%h.|*",
        "*|.hhh.+..............|*",
        "*O.TTT.-..]..]]..]]..]|*",
        "*|.hhh.-..]..]]..]]..]|*",
        "*O------..]..]]..]]..]|*",
        "*|#s#s#-..]..]]..]]..]|*",
        "*|.....+..]..]]..]]..]|*",
        "*|+-+-+-..]..]]..]]..]|*",
        "*|.-.-.-..]..]]..]]..]|*",
        "*|t-t-t-.............T|*",
        "*||||||||O||O|||O|||O||*",
        "************************",
        "************************"
      ],
      "terrain": {
        ".": "t_floor",
        "*": "t_grass",
        "~": "t_sidewalk",
        "|": "t_rock_smooth",
        "-": "t_wall",
        "+": "t_door_c",
        ":": "t_door_glass_c",
        "O": "t_window",
        "=": "t_wall_glass",
        "q": "t_grass",
        "%": "t_console_broken"
      },
      "furniture": {
        "#": "f_counter",
        "h": "f_chair",
        "T": "f_table",
        "d": "f_desk",
        "y": "f_indoor_plant_y",
        "s": "f_sink",
        "]": "f_bookcase",
        "q": "f_bluebell"
      },
      "toilets": { "t": {  } },
      "place_items": [
        { "item": "magazines", "chance": 50, "x": 10, "y": [ 13, 19 ], "repeat": [ 3, 6 ] },
        { "item": "novels", "chance": 60, "x": 13, "y": [ 13, 19 ], "repeat": [ 4, 8 ] },
        { "item": "homebooks", "chance": 60, "x": 14, "y": [ 13, 19 ], "repeat": [ 3, 6 ] },
        { "item": "manuals", "chance": 50, "x": 17, "y": [ 13, 19 ], "repeat": [ 3, 6 ] },
        { "item": "textbooks", "chance": 50, "x": 18, "y": [ 13, 19 ], "repeat": [ 3, 6 ] },
        { "item": "novels", "chance": 50, "x": 21, "y": [ 13, 15 ], "repeat": [ 2, 4 ] },
        { "item": "mansion_books", "chance": 50, "x": 21, "y": [ 16, 19 ], "repeat": [ 2, 5 ] },
        { "item": "library_elec", "chance": 50, "x": [ 15, 17 ], "y": 2, "repeat": [ 2, 3 ] },
        { "item": "office", "chance": 30, "x": 11, "y": 3 },
        { "item": "office", "chance": 30, "x": 12, "y": 2 },
        { "item": "office", "chance": 80, "x": [ 20, 21 ], "y": 2 }
      ]
    }
  },
  {
    "type": "mapgen",
    "om_terrain": [ "s_library" ],
    "method": "json",
    "comment": "图书馆需要砖墙.",
    "weight": 250,
    "object": {
      "fill_ter": "t_floor",
      "rows": [
        "~~~~~~~~~~~~~~~~~~~~~~~~",
        "~~~~~~~~~~~~~~~~~~~~~~~~",
        "********~~**************",
        "*qrqrqrq~~qrqrqrqrqrqrq*",
        "*|||||==::=====|||OO|||*",
        "*|d..#.........|.hh.h.|*",
        "*|d..%.....hTh.|.TTTT.|*",
        "*|d..#.....hTh.|..hhh.|*",
        "*|f..%.........|+||||||*",
        "*|...#................O*",
        "*O........h%%h...]]..]|*",
        "*|]..]]...h%%h...]]..]|*",
        "*|]..]]...h%%h...]]..]|*",
        "*|]..]]...h%%h...]]..]|*",
        "*|]..]]...h%%h...]]..]|*",
        "*|....................|*",
        "*|]]]]]]]]]]]]]]]]]]]]|*",
        "*||||||||||||||||||||||*",
        "************************",
        "************************",
        "****4*******************",
        "*******************4****",
        "************************",
        "************************"
      ],
      "place_monsters": [ { "monster": "GROUP_MAYBE_ZOMBIE", "x": [ 16, 21 ], "y": [ 5, 7 ], "density": 1 } ],
      "terrain": {
        ".": "t_floor",
        "*": "t_grass",
        "~": "t_sidewalk",
        "|": "t_brick_wall",
        "+": "t_door_c",
        ";": "t_door_locked",
        ":": "t_door_glass_c",
        "O": "t_window",
        "=": "t_wall_glass",
        "q": "t_grass",
        "r": "t_grass",
        "4": "t_tree_pine",
        "%": "t_console_broken"
      },
      "furniture": {
        "#": "f_counter",
        "h": "f_chair",
        "T": "f_table",
        "f": "f_indoor_plant",
        "d": "f_desk",
        "]": "f_bookcase",
        "q": "f_bluebell",
        "r": "f_dahlia"
      },
      "place_items": [
        { "item": "magazines", "chance": 50, "x": 21, "y": [ 10, 14 ], "repeat": [ 3, 6 ] },
        { "item": "novels", "chance": 60, "x": [ 2, 21 ], "y": 16, "repeat": [ 12, 20 ] },
        { "item": "homebooks", "chance": 50, "x": [ 17, 18 ], "y": [ 10, 14 ], "repeat": [ 4, 8 ] },
        { "item": "manuals", "chance": 40, "x": 2, "y": [ 11, 14 ], "repeat": [ 2, 4 ] },
        { "item": "textbooks", "chance": 40, "x": 2, "y": [ 11, 14 ], "repeat": 2 },
        { "item": "manuals", "chance": 40, "x": [ 5, 6 ], "y": [ 11, 14 ], "repeat": [ 2, 6 ] },
        { "item": "textbooks", "chance": 40, "x": [ 5, 6 ], "y": [ 11, 14 ], "repeat": [ 2, 3 ] },
        { "item": "office", "chance": 50, "x": 2, "y": [ 5, 7 ], "repeat": [ 1, 3 ] }
      ]
    }
  },
  {
    "type": "overmap_terrain",
    "id": "museum",
    "name": "博物馆",
    "rotate": true,
    "sym": 77,
    "color": "white",
    "see_cost": 5,
    "extras": "build",
    "mondensity": 2,
    "sidewalk": true,
    "mapgen": [
      {
        "method": "json",
        "comment": "stone wall varient",
        "weight": 500,
        "object": {
          "fill_ter": "t_floor",
          "rows": [
            ".||||||||||LL||||||||||.",
            ".|#5                  |.",
            ".|-5            888   |.",
            ".|#5  DD   DD   5#5   |.",
            ".|-5  DD   DD   5#5   |.",
            ".|#5            888  D|.",
            ".|-5                 D|.",
            ".|#5            888  D|.",
            ".|-5  DD   DD   5#5   |.",
            ".|#5  DD   DD   5#5   |.",
            ".|-5            888  D|.",
            ".|#5                 D|.",
            ".|------        888  D|.",
            ".|GGGGG-        5#5   |.",
            ".|Gc   -        5#5   |.",
            ".|G    L        888   |.",
            ".|G    - DDD          |.",
            ".|-----------L--------|.",
            ".|        -           |.",
            ".|  ####  -           |.",
            ".|  ####  +   ccccc   |.",
            ".|        -   ttttt   |.",
            ".||||||||||||||||||||||.",
            "........................"
          ],
          "terrain": {
            ".": "t_grass",
            "_": "t_pavement",
            ",": "t_pavement_y",
            " ": "t_floor",
            "-": "t_wall",
            "|": "t_rock_smooth",
            "O": "t_window",
            "L": "t_door_locked_alarm",
            "+": "t_door_c",
            "M": "t_door_metal_locked",
            "w": "t_gates_mech_control",
            "x": "t_console_broken",
            "&": "t_door_metal_locked",
            "B": "t_palisade",
            "*": "t_door_locked",
            "5": "t_wall_glass",
            "8": "t_wall_glass"
          },
          "furniture": {
            "c": "f_chair",
            "#": "f_counter",
            "&": "f_counter",
            "r": "f_rack",
            "^": "f_indoor_plant",
            "t": "f_table",
            "F": "f_fridge",
            "@": "f_bed",
            ":": "f_dresser",
            "T": "f_toilet",
            "l": "f_vending_c",
            "G": "f_desk",
            "f": "f_glass_fridge",
            "D": "f_displaycase"
          },
          "place_items": [
            { "item": "museum_armor", "chance": 45, "x": [ 2, 2 ], "y": [ 1, 1 ] },
            { "item": "museum_armor", "chance": 45, "x": [ 2, 2 ], "y": [ 3, 3 ] },
            { "item": "museum_armor", "chance": 45, "x": [ 2, 2 ], "y": [ 5, 5 ] },
            { "item": "museum_armor", "chance": 45, "x": [ 2, 2 ], "y": [ 7, 7 ] },
            { "item": "museum_armor", "chance": 45, "x": [ 2, 2 ], "y": [ 9, 9 ] },
            { "item": "museum_primitive", "chance": 65, "x": [ 6, 7 ], "y": [ 3, 4 ] },
            { "item": "museum_primitive", "chance": 65, "x": [ 6, 7 ], "y": [ 8, 9 ] },
            { "item": "museum_melee", "chance": 50, "x": [ 11, 12 ], "y": [ 3, 4 ] },
            { "item": "museum_melee", "chance": 50, "x": [ 11, 12 ], "y": [ 8, 9 ] },
            { "item": "museum_guns", "chance": 45, "x": [ 16, 16 ], "y": [ 3, 4 ] },
            { "item": "museum_guns", "chance": 45, "x": [ 16, 16 ], "y": [ 8, 9 ] },
            { "item": "museum_misc", "chance": 85, "x": [ 16, 16 ], "y": [ 13, 14 ] },
            { "item": "museum_misc", "chance": 85, "x": [ 11, 12 ], "y": [ 8, 9 ] },
            { "item": "museum_primitive", "chance": 65, "x": [ 21, 21 ], "y": [ 5, 7 ] },
            { "item": "museum_melee", "chance": 50, "x": [ 21, 21 ], "y": [ 10, 12 ] },
            { "item": "museum_guns", "chance": 45, "x": [ 9, 11 ], "y": [ 16, 16 ] },
            { "item": "museum_armor", "chance": 40, "x": [ 4, 7 ], "y": [ 19, 20 ] },
            { "item": "museum_melee", "chance": 40, "x": [ 4, 7 ], "y": [ 19, 20 ] },
            { "item": "museum_guns", "chance": 40, "x": [ 4, 7 ], "y": [ 19, 20 ] },
            { "item": "museum_misc", "chance": 50, "x": [ 4, 7 ], "y": [ 19, 20 ] },
            { "item": "museum_security", "chance": 60, "x": [ 2, 6 ], "y": [ 13, 13 ] },
            { "item": "museum_security", "chance": 60, "x": [ 2, 2 ], "y": [ 14, 16 ] }
          ]
        }
      }
    ]
  },
  {
    "type": "mapgen",
    "om_terrain": [ "s_pizza_parlor" ],
    "method": "json",
    "comment": "Stone walls; should probs also make a brick one too.",
    "weight": 1000,
    "object": {
      "fill_ter": "t_floor",
      "rows": [
        "||||||||||||||||        ",
        "|FwlwL|P#######|        ",
        "|Flwlw#..U.U.U.g        ",
        "|#wlwl@........g        ",
        "|#lwlw#........g        ",
        "|#wlwl{........g        ",
        "|Olwlw{........g        ",
        "|Owlwl{........|        ",
        "|#lwlw{........G        ",
        "|#wlwl#........|        ",
        "|wlwlw#....BB..g        ",
        "|lwlwl#....TT..g        ",
        "|##f###....BB..g        ",
        "|.............P|rfrrrrrR",
        "|..............gcccccccR",
        "|C.....BB..BB..gccccBccR",
        "|C.....TT..TT..gcccBTBcR",
        "|......BB..BB..gccccBccR",
        "|..............|cccccccR",
        "|--+-..........GccccBccR",
        "|sll-..BB..BB..|cccBTBcR",
        "|lll-..TT..TT..gccccBccR",
        "|tll-..BB..BB.PgcccccccR",
        "||||||||||||||||rfrrrrrR"
      ],
      "terrain": {
        "-": "t_wall",
        "|": "t_rock_smooth",
        "g": "t_wall_glass",
        "G": "t_door_glass_c",
        "r": "t_railing_h",
        "R": "t_railing_v",
        ".": "t_floor",
        "c": "t_concrete",
        "f": "t_fencegate_c",
        "+": "t_door_c",
        " ": "t_sidewalk",
        "@": "t_console_broken",
        "w": "t_linoleum_white",
        "l": "t_linoleum_gray",
        "t": "t_linoleum_gray",
        "s": "t_linoleum_gray",
        "F": "t_linoleum_white",
        "#": "t_linoleum_white",
        "O": "t_linoleum_white",
        "{": "t_linoleum_white",
        "L": "t_linoleum_white"
      },
      "furniture": {
        "s": "f_sink",
        "B": "f_bench",
        "T": "f_table",
        "P": "f_indoor_plant",
        "C": "f_trashcan",
        "#": "f_counter",
        "O": "f_woodstove",
        "{": "f_rack",
        "F": "f_fridge",
        "H": "f_chair",
        "L": "f_locker",
        "U": "f_chair"
      },
      "toilets": { "t": {  } },
      "//": "Default terrain is floor but some things are outside (tables)",
      "set": [
        { "line": "terrain", "x": 20, "y": 15, "x2": 20, "y2": 17, "id": "t_concrete" },
        { "point": "terrain", "id": "t_concrete", "x": 21, "y": 16 },
        { "point": "terrain", "id": "t_concrete", "x": 19, "y": 16 },
        { "line": "terrain", "x": 20, "y": 19, "x2": 20, "y2": 21, "id": "t_concrete" },
        { "point": "terrain", "id": "t_concrete", "x": 21, "y": 20 },
        { "point": "terrain", "id": "t_concrete", "x": 19, "y": 20 }
      ],
      "place_items": [
        { "item": "pizza_display", "x": 6, "y": [ 5, 8 ], "chance": 45, "repeat": [ 3, 4 ] },
        { "item": "pizza_kitchen", "x": 1, "y": [ 3, 5 ], "chance": 40, "repeat": [ 7, 10 ] },
        { "item": "pizza_kitchen", "x": 1, "y": [ 8, 9 ], "chance": 42, "repeat": [ 7, 9 ] },
        { "item": "pizza_fridge", "x": 1, "y": [ 1, 2 ], "chance": 40, "repeat": [ 9, 10 ] },
        { "item": "pizza_beer", "x": [ 9, 13 ], "y": 1, "chance": 30, "repeat": [ 2, 3 ] },
        { "item": "pizza_soda", "x": 6, "y": [ 9, 12 ], "chance": 30, "repeat": [ 2, 5 ] },
        { "item": "pizza_table", "x": [ 11, 12 ], "y": 11, "chance": 25 },
        { "item": "pizza_beer", "x": [ 11, 12 ], "y": 11, "chance": 15, "repeat": [ 1, 2 ] },
        { "item": "pizza_table", "x": [ 7, 8 ], "y": 16, "chance": 25 },
        { "item": "pizza_table", "x": [ 11, 12 ], "y": 16, "chance": 23, "repeat": [ 1, 2 ] },
        { "item": "pizza_soda", "x": [ 11, 12 ], "y": 16, "chance": 15, "repeat": [ 1, 2 ] },
        { "item": "pizza_table", "x": 20, "y": 16, "chance": 25 },
        { "item": "pizza_table", "x": [ 7, 8 ], "y": 21, "chance": 23, "repeat": [ 1, 2 ] },
        { "item": "pizza_beer", "x": [ 7, 8 ], "y": 21, "chance": 15, "repeat": [ 1, 2 ] },
        { "item": "pizza_table", "x": [ 11, 12 ], "y": 21, "chance": 25 },
        { "item": "pizza_table", "x": 20, "y": 20, "chance": 23, "repeat": [ 1, 2 ] },
        { "item": "pizza_soda", "x": 20, "y": 20, "chance": 15, "repeat": [ 1, 2 ] },
        { "item": "pizza_locker", "x": 5, "y": 1, "chance": 55, "repeat": [ 5, 6 ] },
        { "item": "pizza_bathroom", "x": [ 2, 3 ], "y": [ 20, 22 ], "chance": 37, "repeat": [ 1, 3 ] },
        { "item": "pizza_trash", "x": 1, "y": [ 15, 16 ], "chance": 50, "repeat": [ 7, 9 ] }
      ]
    }
  },
  {
    "type": "mapgen",
    "om_terrain": [ "s_bookstore" ],
    "method": "json",
    "comment": "Stone walls, a brick one also wouldn't hurt immersion any.",
    "weight": 500,
    "object": {
      "fill_ter": "t_floor",
      "rows": [
        "~~~~~~~~~~~~~~~~~~~~~~~~",
        "~~~~~~~~~~~~~~~~~~~~~~~~",
        "*|||||OOO|::||OO||OO|||*",
        "*|s..#.Thf..#ccccccccc|*",
        "*|e..%................|*",
        "*|#..#.hT...##%#%#%#|O|*",
        "*|...%..............:.:*",
        "*|.###.Th...........:.:*",
        "*|..................|||*",
        "*|.h..h...TT.TT..]]..]|*",
        "*|.T..T..........]]..]|*",
        "*|.h..h...TT.TT..]]..]|*",
        "*|f..............]]..]|*",
        "*|...............]]..]|*",
        "*|]..]]..]]..]]].....]|*",
        "*|]..]]..]]........---|*",
        "*|]..]]..]]........+..|*",
        "*|]..........]]]]]]-st|*",
        "*||||||||||||||||||||||*",
        "************************",
        "************************",
        "************************",
        "***************^********",
        "************************"
      ],
      "terrain": {
        ".": "t_floor",
        "*": "t_grass",
        "~": "t_sidewalk",
        "-": "t_wall",
        "|": "t_brick_wall",
        "+": "t_door_c",
        ":": "t_door_glass_c",
        "O": "t_window",
        "^": "t_tree",
        "%": "t_console_broken"
      },
      "furniture": {
        "#": "f_counter",
        "h": "f_chair",
        "T": "f_table",
        "c": "f_cupboard",
        "f": "f_indoor_plant",
        "s": "f_sink",
        "e": "f_fridge",
        "]": "f_rack"
      },
      "toilets": { "t": {  } },
      "place_items": [
        { "item": "magazines", "chance": 40, "x": 21, "y": [ 9, 14 ], "repeat": [ 4, 8 ] },
        { "item": "bookstore_misc", "chance": 40, "x": [ 17, 18 ], "y": [ 9, 13 ], "repeat": [ 5, 10 ] },
        { "item": "novels", "chance": 50, "x": [ 10, 11 ], "y": 9, "repeat": [ 2, 3 ] },
        { "item": "novels", "chance": 50, "x": [ 13, 14 ], "y": 9, "repeat": [ 4, 3 ] },
        { "item": "novels", "chance": 50, "x": [ 10, 11 ], "y": 11, "repeat": [ 2, 3 ] },
        { "item": "novels", "chance": 50, "x": [ 13, 14 ], "y": 11, "repeat": [ 2, 3 ] },
        { "item": "manuals", "chance": 50, "x": 2, "y": [ 14, 17 ], "repeat": 2 },
        { "item": "textbooks", "chance": 50, "x": 2, "y": [ 14, 17 ], "repeat": 2 },
        { "item": "homebooks", "chance": 50, "x": [ 5, 6 ], "y": [ 14, 16 ], "repeat": [ 3, 4 ] },
        { "item": "homebooks", "chance": 50, "x": [ 9, 10 ], "y": [ 14, 16 ], "repeat": [ 3, 4 ] },
        { "item": "novels", "chance": 40, "x": [ 13, 15 ], "y": 14, "repeat": [ 2, 3 ] },
        { "item": "novels", "chance": 50, "x": [ 13, 18 ], "y": 17, "repeat": [ 4, 5 ] },
        { "item": "coffee_display", "chance": 50, "x": 2, "y": 5, "repeat": [ 2, 3 ] },
        { "item": "coffee_fridge", "chance": 50, "x": 2, "y": 4, "repeat": [ 2, 3 ] },
        { "item": "bookstore_misc", "chance": 50, "x": [ 13, 21 ], "y": 3, "repeat": [ 3, 6 ] }
      ],
      "add": [ { "item": "coffeemaker", "x": 4, "y": 7, "amount": 1, "repeat": 1, "chance": 1 } ]
    }
  },
  {
    "type": "overmap_terrain",
    "id": "bowling_alley",
    "name": "保龄球馆",
    "rotate": true,
    "sym": 66,
    "color": "red",
    "see_cost": 5,
    "extras": "build",
    "mondensity": 2,
    "sidewalk": true,
    "mapgen": [
      {
        "method": "json",
        "comment": "我见过的木制保龄球馆太少了，我真想把旧的完全换掉.",
        "weight": 7500000,
        "object": {
          "fill_ter": "t_floor",
          "rows": [
            ",,,,,__________________,",
            ",,,,,_y____y____y____y_,",
            ",,,,,_y____y____y____y_,",
            ",,,,,_y____y____y____y_,",
            ",,,,,_y____y____y____y_,",
            ",,,,,_y____y____y____y_,",
            ",,,,,_y____y____y____y_,",
            "--+------OOOO----OOOO---",
            "-            lll&   # r-",
            "-ctc   ctc          # r-",
            "-ctc   ctc             -",
            "-ctc   ctc     c    c  -",
            "-             ctc  ctc -",
            "-          r           -",
            "- ####     r    =  =   -",
            "-r   #c   &- GSSGSSGSSG-",
            "-r   #     - GSSGSSGSSG-",
            "-r   #c    - GSSGSSGSSG-",
            "--+---     - GSSGSSGSSG-",
            "-F  r-     - GSSGSSGSSG-",
            "-F  r-+--+-- GSSGSSGSSG-",
            "-F  r-LU-LU- GSSGSSGSSG-",
            "-F  r-T%-T%- GSSGSSGSSG-",
            "------------------------"
          ],
          "terrain": {
            ".": "t_grass",
            "_": "t_pavement",
            ",": "t_sidewalk",
            "y": "t_pavement_y",
            " ": "t_floor",
            "-": "t_wall",
            "O": "t_window",
            "+": "t_door_c",
            "M": "t_door_metal_locked",
            "w": "t_gates_mech_control",
            "x": "t_console_broken",
            "T": "t_linoleum_white",
            "S": "t_floor_waxed",
            "L": "t_linoleum_white",
            "U": "t_linoleum_white",
            "%": "t_linoleum_white"
          },
          "furniture": {
            "c": "f_chair",
            "#": "f_counter",
            "r": "f_rack",
            "^": "f_indoor_plant",
            "t": "f_table",
            "F": "f_fridge",
            "@": "f_bed",
            ":": "f_dresser",
            "l": "f_vending_c",
            "S": "f_null",
            "=": "f_ball_mach",
            "G": "f_lane",
            "U": "f_sink",
            "&": "f_trashcan",
            "%": "f_trashcan"
          },
          "set": [  ],
          "place_monsters": [ { "monster": "GROUP_PLAIN", "chance": 1, "x": [ 2, 21 ], "y": [ 7, 22 ] } ],
          "place_items": [
            { "item": "bowling_item", "chance": 70, "x": [ 22, 22 ], "y": [ 8, 9 ] },
            { "item": "bowling_item", "chance": 70, "x": [ 4, 4 ], "y": [ 19, 22 ] },
            { "item": "bowling_balls", "chance": 80, "x": [ 11, 11 ], "y": [ 13, 14 ] },
            { "item": "bowling_balls", "chance": 80, "x": [ 16, 16 ], "y": [ 15, 15 ] },
            { "item": "bowling_balls", "chance": 80, "x": [ 19, 19 ], "y": [ 14, 14 ] },
            { "item": "vending_food_items", "chance": 90, "x": [ 12, 14 ], "y": [ 7, 7 ] },
            { "item": "bowling_item", "chance": 70, "x": [ 12, 22 ], "y": [ 15, 22 ] },
            { "item": "bowling_trash", "chance": 55, "x": [ 16, 16 ], "y": [ 8, 8 ] },
            { "item": "bowling_trash", "chance": 55, "x": [ 10, 10 ], "y": [ 15, 15 ] },
            { "item": "bowling_alcohol", "chance": 50, "x": [ 1, 1 ], "y": [ 17, 17 ] },
            { "item": "bowling_alcohol", "chance": 50, "x": [ 1, 1 ], "y": [ 22, 22 ] },
            { "item": "bowling_bathroom", "chance": 35, "x": [ 6, 7 ], "y": [ 21, 22 ], "repeat": [ 1, 2 ] },
            { "item": "bowling_bathroom", "chance": 35, "x": [ 9, 10 ], "y": [ 21, 22 ], "repeat": [ 1, 2 ] },
            { "item": "bowling_table", "chance": 40, "x": [ 2, 2 ], "y": [ 9, 11 ], "repeat": [ 1, 2 ] },
            { "item": "bowling_table", "chance": 40, "x": [ 8, 8 ], "y": [ 9, 11 ], "repeat": [ 1, 2 ] },
            { "item": "bowling_table", "chance": 40, "x": [ 5, 5 ], "y": [ 14, 17 ], "repeat": [ 1, 2 ] },
            { "item": "bowling_table", "chance": 40, "x": [ 15, 15 ], "y": [ 12, 12 ] },
            { "item": "bowling_table", "chance": 40, "x": [ 20, 20 ], "y": [ 12, 12 ] },
            { "item": "bowling_food", "chance": 60, "x": [ 1, 1 ], "y": [ 15, 16 ] },
            { "item": "bowling_fridge", "chance": 70, "x": [ 1, 1 ], "y": [ 19, 21 ] }
          ],
          "toilets": { "T": {  } }
        }
      }
    ]
  },
  {
    "type": "mapgen",
    "om_terrain": [ "s_electronics" ],
    "method": "json",
    "comment": "严格控制的电子商店;更难闯入.",
    "weight": 150,
    "object": {
      "fill_ter": "t_linoleum_gray",
      "rows": [
        "zs______,______,______sz",
        "zs______,______,______sz",
        "zs______,______,______sz",
        "zs______,______,______sz",
        "zs______,______,______sz",
        "zs______,______,______sz",
        "ssssssssssssssssssssssss",
        "_||5555||5555||+||55555|",
        "_|.CCCC..CCCC.^.^-rrrr8|",
        "_8r.............r-L----|",
        "_8r..CCCCrr......x....8|",
        "_8r..###rr1......#....8|",
        "_|r..............#...r-|",
        "_|...######......#c..r-|",
        "_|r..######..-------I--|",
        "_8r..........-EEEEt..F-|",
        "_8r..xxxwyw..-E.c...cE8|",
        "_8r..xxxywy..I.......E8|",
        "_|...........-.##llll^-|",
        "_|D---D|||||||L||||55|||",
        "_|.S-S.|sssssssddd______",
        "_|T#-#T|_______ddd______",
        "_|||||||________________",
        "________________________"
      ],
      "terrain": {
        "_": "t_pavement",
        ",": "t_pavement_y",
        "s": "t_sidewalk",
        "-": "t_wall",
        "|": "t_rock_smooth",
        "5": "t_window_bars_alarm",
        "8": "t_window_bars_alarm",
        "1": "t_column",
        ".": "t_linoleum_gray",
        "+": "t_door_metal_pickable",
        "D": "t_door_c",
        "L": "t_door_metal_pickable",
        "H": "t_window",
        "I": "t_door_locked_interior",
        "w": "t_linoleum_gray",
        "y": "t_linoleum_gray",
        "W": "t_curtains",
        "%": "t_shrub",
        "x": "t_console_broken",
        "d": "t_pavement",
        "z": "t_shrub"
      },
      "furniture": {
        "w": "f_washer",
        "y": "f_dryer",
        "^": "f_indoor_plant",
        "r": "f_rack",
        "l": "f_locker",
        "#": "f_counter",
        "E": "f_desk",
        "t": "f_trashcan",
        "C": "f_displaycase",
        "c": "f_chair",
        "F": "f_fridge",
        "S": "f_sink",
        "d": "f_dumpster"
      },
      "toilets": { "T": {  } },
      "add": [
        { "item": "television", "x": 16, "y": 14, "chance": 30 },
        { "item": "laptop", "x": 14, "y": 15, "chance": 70 },
        { "item": "multitool", "x": 21, "y": 17, "chance": 60 }
      ],
      "place_items": [
        { "item": "fridgesnacks", "chance": 70, "x": 21, "y": 15, "repeat": [ 1, 2 ] },
        { "item": "elecsto_cameras", "chance": 60, "x": [ 3, 6 ], "y": 8, "repeat": 1 },
        { "item": "bionics_common", "chance": 50, "x": [ 9, 12 ], "y": 8, "repeat": [ 2, 3 ] },
        { "item": "elecsto_lights", "chance": 70, "x": 2, "y": [ 9, 12 ], "repeat": [ 2, 3 ] },
        { "item": "elecsto_pcs", "chance": 75, "x": [ 5, 8 ], "y": 10, "repeat": 1 },
        { "item": "elecsto_stor", "chance": 65, "x": [ 9, 10 ], "y": 10, "repeat": [ 1, 2 ] },
        { "item": "elecsto_entapl", "chance": 50, "x": [ 5, 7 ], "y": 11, "repeat": [ 2, 4 ] },
        { "item": "elecsto_persele", "chance": 50, "x": [ 8, 9 ], "y": 11, "repeat": [ 1, 6 ] },
        { "item": "elecsto_homapl", "chance": 80, "x": [ 5, 10 ], "y": [ 13, 14 ], "repeat": [ 1, 2 ] },
        { "item": "elecsto_books", "chance": 75, "x": 2, "y": 14 },
        { "item": "elecsto_diy", "chance": 50, "x": 2, "y": [ 15, 17 ], "repeat": [ 2, 3 ] },
        { "item": "bionics_common", "chance": 30, "x": [ 18, 21 ], "y": 8, "repeat": 2 },
        { "item": "elecsto_displ", "chance": 50, "x": [ 18, 21 ], "y": 8, "repeat": [ 2, 3 ] },
        { "item": "electronics", "chance": 50, "x": 21, "y": [ 16, 17 ], "repeat": [ 1, 3 ] },
        { "item": "elecsto_diy", "chance": 45, "x": [ 15, 20 ], "y": 18, "repeat": [ 1, 2 ] },
        { "item": "electronics", "chance": 65, "x": [ 17, 20 ], "y": 18, "repeat": [ 1, 2 ] },
        { "item": "electronics", "chance": 65, "x": [ 14, 17 ], "y": 14, "repeat": 1 },
        { "item": "snacks", "chance": 85, "x": 16, "y": 9 },
        { "item": "magazines", "chance": 60, "x": 16, "y": 9 },
        { "item": "electronics", "chance": 75, "x": 21, "y": [ 12, 13 ], "repeat": [ 1, 2 ] },
        { "item": "trash", "chance": 65, "x": 18, "y": 15 },
        { "item": "trash", "chance": 80, "x": [ 15, 17 ], "y": [ 20, 21 ] }
      ]
    }
  },
  {
    "type": "mapgen",
    "om_terrain": [ "s_grocery" ],
    "method": "json",
    "comment": "Stone walls.",
    "weight": 200,
    "object": {
      "fill_ter": "t_floor",
      "rows": [
        "ssssssssssssssssssssssss",
        "ssWWWWWWWWssssssssssssss",
        "sswsssssssssssssssssssss",
        "sswsssssssssssssssssssss",
        "__|====|====|=[[=|====|_",
        "__|tttt^ttttt^RR^#    |_",
        "__|t             #%## |_",
        "__|t  rrr  rrr        |_",
        "__|r  r|r  r|r  f|rrr |_",
        "__|r  r|r  r|r  f|777 |_",
        "__|r  r|r  r|r  f|7   |_",
        "__|r  r|r  r|r  f|7   |_",
        "__|r  r|r  r|r  f|t   |_",
        "|||-                  |_",
        "|ll+   |r  r|t  t|r  r|_",
        "|TS-^  |r  r|t  t|r  r|_",
        "|---   |r  r|t  t|r  r|_",
        "|TS-^ A|r  r|t  t|r  r|_",
        "|ll+  A|r  r|t  t|r  r|_",
        "||||-I--              |_",
        "___|**C-[[[[-[[[[-[[[[|_",
        "___|**C-]]]]]]]]]]]]]]|_",
        "___L***+**************|_",
        "___||||||||||||||||||||_"
      ],
      "terrain": {
        "_": "t_pavement",
        " ": "t_linoleum_white",
        "-": "t_wall",
        "=": "t_wall_glass",
        "|": "t_brick_wall",
        "[": "t_door_glass_c",
        "+": "t_door_c",
        "L": "t_door_locked",
        "I": "t_door_locked_interior",
        "W": "t_chainfence_h",
        "w": "t_chainfence_v",
        "R": "t_carpet_red",
        "l": "t_linoleum_gray",
        "T": "t_linoleum_gray",
        "S": "t_linoleum_gray",
        "*": "t_floor",
        "s": "t_sidewalk",
        "%": "t_console_broken",
        "A": "t_atm",
        "^": "t_linoleum_white",
        "t": "t_linoleum_white",
        "r": "t_linoleum_white",
        "#": "t_linoleum_white",
        "7": "t_linoleum_white",
        "f": "t_linoleum_white"
      },
      "furniture": {
        "S": "f_sink",
        "C": "f_crate_c",
        "]": "f_rack",
        "^": "f_indoor_plant",
        "t": "f_table",
        "r": "f_rack",
        "#": "f_counter",
        "7": "f_bookcase",
        "f": "f_glass_fridge"
      },
      "toilets": { "T": {  } },
      "place_vehicles": [
        { "vehicle": "shopping_cart", "chance": 10, "x": 3, "y": 2 },
        { "vehicle": "shopping_cart", "chance": 10, "x": 4, "y": 2 },
        { "vehicle": "shopping_cart", "chance": 10, "x": 5, "y": 2 },
        { "vehicle": "shopping_cart", "chance": 10, "x": 6, "y": 2 },
        { "vehicle": "shopping_cart", "chance": 10, "x": 7, "y": 2 },
        { "vehicle": "shopping_cart", "chance": 10, "x": 8, "y": 2 },
        { "vehicle": "shopping_cart", "chance": 10, "x": 9, "y": 2 },
        { "vehicle": "shopping_cart", "chance": 10, "x": 3, "y": 3 },
        { "vehicle": "shopping_cart", "chance": 10, "x": 4, "y": 3 },
        { "vehicle": "shopping_cart", "chance": 10, "x": 5, "y": 3 },
        { "vehicle": "shopping_cart", "chance": 10, "x": 6, "y": 3 },
        { "vehicle": "shopping_cart", "chance": 10, "x": 7, "y": 3 },
        { "vehicle": "shopping_cart", "chance": 10, "x": 8, "y": 3 },
        { "vehicle": "shopping_cart", "chance": 10, "x": 9, "y": 3 },
        { "vehicle": "shopping_cart", "chance": 15, "x": [ 4, 21 ], "y": 13 }
      ],
      "place_items": [
        { "item": "produce", "chance": 65, "x": [ 3, 6 ], "y": 5, "repeat": [ 1, 2 ] },
        { "item": "produce", "chance": 65, "x": [ 8, 12 ], "y": 5, "repeat": [ 1, 2 ] },
        { "item": "produce", "chance": 65, "x": 3, "y": [ 6, 7 ], "repeat": [ 1, 2 ] },
        { "item": "snacks", "chance": 60, "x": [ 6, 8 ], "y": 7, "repeat": [ 1, 2 ] },
        { "item": "snacks", "chance": 60, "x": [ 11, 13 ], "y": 7, "repeat": [ 1, 2 ] },
        { "item": "cannedfood", "chance": 60, "x": 3, "y": [ 8, 12 ], "repeat": [ 1, 2 ] },
        { "item": "cannedfood", "chance": 60, "x": 6, "y": [ 8, 12 ], "repeat": [ 1, 2 ] },
        { "item": "snacks", "chance": 60, "x": 8, "y": [ 8, 12 ], "repeat": [ 1, 2 ] },
        { "item": "snacks", "chance": 60, "x": 11, "y": [ 8, 12 ], "repeat": [ 1, 2 ] },
        { "item": "snacks", "chance": 60, "x": 13, "y": [ 8, 12 ], "repeat": [ 1, 2 ] },
        { "item": "groce_premade", "chance": 60, "x": 16, "y": [ 8, 12 ], "repeat": [ 1, 2 ] },
        { "item": "behindcounter", "chance": 60, "x": [ 18, 20 ], "y": 8, "repeat": [ 1, 2 ] },
        { "item": "magazines", "chance": 60, "x": [ 18, 20 ], "y": 9, "repeat": [ 1, 2 ] },
        { "item": "novels", "chance": 60, "x": 18, "y": [ 10, 12 ], "repeat": [ 1, 2 ] },
        { "item": "groce_cereal", "chance": 60, "x": 8, "y": [ 14, 15 ], "repeat": [ 1, 2 ] },
        { "item": "groce_bread", "chance": 60, "x": 8, "y": [ 16, 18 ], "repeat": [ 1, 2 ] },
        { "item": "groce_pasta", "chance": 60, "x": 11, "y": [ 14, 15 ], "repeat": [ 1, 2 ] },
        { "item": "groce_ingredient", "chance": 60, "x": 11, "y": [ 16, 18 ], "repeat": [ 1, 2 ] },
        { "item": "alcohol", "chance": 60, "x": 13, "y": [ 14, 18 ], "repeat": [ 1, 2 ] },
        { "item": "groce_softdrink", "chance": 60, "x": 16, "y": [ 14, 18 ], "repeat": [ 1, 2 ] },
        { "item": "groce_condiment", "chance": 60, "x": 18, "y": [ 14, 18 ], "repeat": [ 1, 2 ] },
        { "item": "softdrugs", "chance": 60, "x": 21, "y": [ 14, 15 ], "repeat": [ 1, 2 ] },
        { "item": "cleaning", "chance": 60, "x": 21, "y": [ 16, 18 ], "repeat": [ 1, 2 ] },
        { "item": "groce_frozen", "chance": 60, "x": [ 8, 12 ], "y": 21, "repeat": [ 1, 2 ] },
        { "item": "groce_meat", "chance": 60, "x": [ 13, 17 ], "y": 21, "repeat": [ 1, 2 ] },
        { "item": "groce_dairyegg", "chance": 60, "x": [ 18, 21 ], "y": 21, "repeat": [ 1, 2 ] }
      ]
    }
  },
  {
    "type": "mapgen",
    "om_terrain": [ "s_gun" ],
    "method": "json",
    "comment": "harder to break into and stone walls.",
    "weight": 250,
    "object": {
      "fill_ter": "t_floor",
      "rows": [
        "__________________sss___",
        "_,___,___,___,___,sss_%_",
        "_,___,___,___,___,sss_%_",
        "_,___,___,___,___,sss_%_",
        "_,___,___,___,___,sss_%_",
        "_,___,___,___,___,sss___",
        "ssssssssssssssssssssssss",
        "s||5555||5555||+||55555s",
        "s|r..rrrrrr...^.^|rrrr8s",
        "s8r..............L...r8s",
        "s8r..rrrrrr...###||||||_",
        "s8r..rrrrrr...x..rrrrr|_",
        "s8r...........#......r|_",
        "s|r..rrrrrr...#......r|_",
        "s||||||||||D||||||||+||_",
        "s|#######|...|tccEc..^|_",
        "s|#.c..c#|...|t.xEc...w_",
        "sL...c...L...D........w_",
        "_|l.###.l|..^|##FCC...|_",
        "_|l.rrr.l||L|||||||D|D|_",
        "_|l.rrr.l|ssss____WS|SW_",
        "_|l.....l|s__,_dd_|T|T|_",
        "_||WW|WW||s__,_dd_|||||_",
        "__________s__,_dd_______"
      ],
      "terrain": {
        "_": "t_pavement",
        ",": "t_pavement_y",
        "s": "t_sidewalk",
        "-": "t_wall",
        "|": "t_rock_smooth",
        "5": "t_window_bars_alarm",
        "8": "t_window_bars_alarm",
        ".": "t_floor",
        "+": "t_door_metal_pickable",
        "D": "t_door_c",
        "L": "t_door_metal_pickable",
        "w": "t_window_bars_alarm",
        "W": "t_window_bars_alarm",
        "%": "t_shrub",
        "x": "t_console_broken",
        "d": "t_pavement"
      },
      "furniture": {
        "^": "f_indoor_plant",
        "r": "f_rack",
        "l": "f_locker",
        "#": "f_counter",
        "E": "f_desk",
        "t": "f_table",
        "c": "f_chair",
        "C": "f_sofa",
        "F": "f_fridge",
        "S": "f_sink",
        "d": "f_dumpster"
      },
      "toilets": { "T": {  } },
      "set": [
        { "point": "terrain", "id": "t_tree_young", "x": 22, "y": [ 1, 4 ], "chance": 10, "repeat": [ 1, 3 ] },
        { "point": "terrain", "id": "t_tree_apple", "x": 22, "y": [ 1, 4 ], "chance": 30, "repeat": [ 1, 2 ] }
      ],
      "place_loot": [
        { "group": "gunmod_common", "chance": 100, "x": [ 5, 10 ], "y": 10, "repeat": [ 1, 2 ] },
        { "group": "gunmod_rare", "chance": 100, "x": [ 5, 10 ], "y": 11, "repeat": [ 2, 4 ] },
        { "group": "ammo_casings", "chance": 100, "x": [ 5, 10 ], "y": 13, "repeat": [ 2, 4 ] },
        { "group": "book_gunref", "chance": 100, "x": 2, "y": [ 8, 13 ], "repeat": [ 1, 4 ] },
        { "group": "mags_pistol_rare", "chance": 100, "x": 17, "y": 11 },
        { "group": "mags_pistol_rare", "chance": 20, "x": 18, "y": 11 },
        { "group": "mags_smg_rare", "chance": 60, "x": 19, "y": 11 },
        { "group": "mags_shotgun_rare", "chance": 80, "x": 21, "y": 12 },
        { "group": "mags_rifle_rare", "chance": 100, "x": 21, "y": 13 },
        { "group": "guns_pistol_obscure", "chance": 30, "x": 18, "y": 8, "magazine": 80 },
        { "group": "guns_shotgun_obscure", "chance": 30, "x": 19, "y": 8, "magazine": 80 },
        { "group": "guns_rifle_obscure", "chance": 30, "x": 20, "y": 8, "magazine": 80 },
        { "group": "guns_smg_obscure", "chance": 30, "x": 20, "y": 8, "magazine": 80 },
        { "group": "fridgesnacks", "chance": 70, "x": 16, "y": 18, "repeat": [ 1, 2 ] },
        { "group": "tools_common", "chance": 100, "x": [ 3, 4 ], "y": 15, "repeat": [ 2, 3 ] },
        { "group": "tools_blacksmith", "chance": 80, "x": [ 5, 6 ], "y": 15, "repeat": [ 1, 2 ] },
        { "group": "ammo_parts", "chance": 100, "x": [ 4, 6 ], "y": [ 19, 20 ], "repeat": [ 4, 8 ] },
        { "item": "forge", "chance": 30, "x": 4, "y": 18 },
        { "item": "puller", "chance": 100, "x": 5, "y": 18 },
        { "item": "press", "chance": 100, "x": 6, "y": 18 },
        { "item": "welder", "chance": 30, "x": 7, "y": 15 },
        { "item": "goggles_welding", "chance": 30, "x": 7, "y": 15 },
        { "item": "small_repairkit", "chance": 100, "x": [ 5, 6 ], "y": 8 },
        { "item": "small_repairkit", "chance": 30, "x": [ 7, 8 ], "y": 8 },
        { "item": "large_repairkit", "chance": 30, "x": [ 9, 10 ], "y": 8 },
        { "item": "television", "chance": 60, "x": 14, "y": 16 },
        { "item": "laptop", "chance": 30, "x": 17, "y": 15 }
      ]
    }
  },
  {
    "type": "mapgen",
    "om_terrain": [ "s_gun" ],
    "method": "json",
    "comment": "harder to break into and stone walls.",
    "weight": 2000,
    "object": {
      "fill_ter": "t_floor",
      "rows": [
        "_ssssssssssssssssssssss_",
        "_s@@@@@@@_ssss_@@@@@@@s_",
        "_s||555||_ssss_||555||s_",
        "_s|#####5_ssss_5#####|s_",
        "_s|.....5_ssss_5.....|s_",
        "_s|.....5_ssss_5.....|s_",
        "_s|.....|55++55|.....|s_",
        "_s|..................|s_",
        "_s|..................|s_",
        "_s|....rrr....rrr....|s_",
        "_s|u...rrr....rrr...u|s_",
        "_s|^................^|s_",
        "_||u...rrr....rrr...u|s_",
        "_A|....rrr....rrr....|s_",
        "_||..................|s_",
        "_s|..................|s_",
        "_s||D|||&&&&&&&&||L|||s_",
        "_s|....|..####..|..cE|s_",
        "_s|....|........D...E|s_",
        "_s|S..;|lll##lll|l...|s_",
        "_s|||||||||||||||||L||s_",
        "_ssssssssssssssssssssss_",
        "________________________",
        "________________________"
      ],
      "terrain": {
        "_": "t_pavement",
        "s": "t_sidewalk",
        "|": "t_wall",
        "5": "t_window_bars_alarm",
        ".": "t_floor",
        "+": "t_door_metal_pickable",
        "D": "t_door_c",
        "L": "t_door_metal_locked",
        "@": "t_shrub",
        "A": "t_atm",
        "&": "t_bars",
        "*": "t_door_locked_alarm"
      },
      "furniture": {
        "^": "f_indoor_plant",
        "r": "f_rack",
        "l": "f_locker",
        "#": "f_counter",
        "E": "f_desk",
        "c": "f_chair",
        "S": "f_sink",
        "u": "f_vending_reinforced"
      },
      "toilets": { ";": {  } },
      "place_loot": [
        { "group": "guns_pistol_rare", "chance": 100, "x": [ 8, 10 ], "y": 19, "magazine": 100, "repeat": [ 1, 2 ] },
        { "group": "guns_shotgun_rare", "chance": 80, "x": [ 8, 10 ], "y": 19, "magazine": 100 },
        { "group": "guns_rifle_rare", "chance": 100, "x": [ 13, 16 ], "y": 19, "magazine": 100 },
        { "group": "guns_smg_rare", "chance": 80, "x": [ 13, 16 ], "y": 19, "magazine": 100 },
        { "group": "ammo_rare", "chance": 100, "x": [ 10, 13 ], "y": 17, "repeat": [ 1, 4 ] },
        { "group": "ammo_pistol_common", "chance": 100, "x": [ 7, 9 ], "y": [ 9, 10 ], "repeat": [ 3, 6 ] },
        { "group": "ammo_rifle_common", "chance": 100, "x": [ 7, 9 ], "y": 12, "repeat": [ 1, 4 ] },
        { "group": "ammo_shotgun_common", "chance": 100, "x": [ 7, 9 ], "y": 13, "repeat": [ 1, 3 ] },
        { "group": "guns_pistol_common", "chance": 75, "x": 14, "y": [ 9, 10 ] },
        { "group": "guns_shotgun_common", "chance": 75, "x": 15, "y": [ 9, 10 ] },
        { "group": "guns_rifle_common", "chance": 75, "x": 16, "y": [ 9, 10 ] },
        { "group": "mags_common", "chance": 100, "x": [ 14, 16 ], "y": 12, "repeat": [ 1, 4 ] },
        { "group": "mags_rare", "chance": 75, "x": [ 14, 16 ], "y": 13, "repeat": [ 1, 3 ] }
      ]
    }
  },
  {
    "type": "mapgen",
    "om_terrain": [ "s_gun" ],
    "method": "json",
    "comment": "harder to break into and stone walls.",
    "weight": 800,
    "object": {
      "fill_ter": "t_floor",
      "rows": [
        "  ____________________  ",
        "  *___*___*______*___*  ",
        "  *___*___*______*___*  ",
        "  *___*___*______*___*  ",
        "  *___*___*______*___*  ",
        "  *___*___*______*___*  ",
        "  |||:::||+|||||:::|||  ",
        "  |{....#...........{|  ",
        "  |{....#...........{|  ",
        "  |{....#...{{..{...{|  ",
        "  |{....#...{{..{...{|  ",
        "  |{....#...{{..{...{|  ",
        "  |{....#...........{|  ",
        "  |{............{{{{{|  ",
        "  ||:::::::::::|||||||  ",
        "  |..................|  ",
        "  |||#||#||#||#||#||+|  ",
        "  |..................|  ",
        "  |..................|  ",
        "  |..................|  ",
        "  |..................|  ",
        "  |..................|  ",
        "  |..................|  ",
        "  --------------------  "
      ],
      "terrain": {
        ":": "t_window_bars_alarm",
        "|": "t_sconc_wall",
        "+": [ "t_door_metal_pickable", "t_door_metal_pickable", "t_door_metal_pickable", "t_door_metal_locked" ],
        "_": "t_pavement",
        "*": "t_pavement_y",
        " ": [ "t_grass", "t_grass", "t_grass", "t_dirt" ]
      },
      "furniture": { "#": "f_counter", "{": "f_rack" },
      "place_terrain": [ { "x": [ 5, 14 ], "y": 14, "ter": "t_door_metal_pickable" } ],
      "place_loot": [
        { "group": "guns_pistol_common", "chance": 75, "x": 12, "y": 9, "magazine": 100 },
        { "group": "guns_pistol_common", "chance": 75, "x": 13, "y": 9, "magazine": 100 },
        { "group": "guns_pistol_common", "chance": 100, "x": [ 12, 13 ], "y": 10, "magazine": 100 },
        { "group": "guns_pistol_rare", "chance": 15, "x": 12, "y": 11, "magazine": 100 },
        { "group": "guns_pistol_rare", "chance": 15, "x": 13, "y": 11, "magazine": 100 },
        { "group": "guns_shotgun_common", "chance": 50, "x": 16, "y": 9, "magazine": 100 },
        { "group": "guns_shotgun_common", "chance": 100, "x": 16, "y": 10, "magazine": 100 },
        { "group": "guns_shotgun_rare", "chance": 25, "x": 16, "y": 11, "magazine": 100 },
        { "group": "guns_rifle_common", "chance": 25, "x": 20, "y": 7, "magazine": 100 },
        { "group": "guns_rifle_rare", "chance": 25, "x": 20, "y": 8, "magazine": 100 },
        { "group": "guns_rifle_common", "chance": 100, "x": 20, "y": 9, "magazine": 100 },
        { "group": "guns_rifle_common", "chance": 50, "x": 20, "y": 10, "magazine": 100 },
        { "group": "guns_rifle_common", "chance": 50, "x": 20, "y": 11, "magazine": 100 },
        { "group": "guns_rifle_common", "chance": 50, "x": 20, "y": 12, "magazine": 100 },
        { "group": "guns_smg_common", "chance": 85, "x": 17, "y": 13, "magazine": 100 },
        { "group": "guns_smg_rare", "chance": 15, "x": 18, "y": 13, "magazine": 100 },
        { "group": "ammo_common", "chance": 100, "x": 3, "y": [ 11, 13 ], "repeat": 2 },
        { "group": "ammo_pistol_common", "chance": 100, "x": 3, "y": 11, "repeat": [ 1, 3 ] },
        { "group": "ammo_shotgun_common", "chance": 75, "x": 3, "y": 12, "repeat": [ 1, 2 ] },
        { "group": "ammo_rifle_common", "chance": 75, "x": 3, "y": 13, "repeat": [ 1, 2 ] },
        { "group": "mags_common", "chance": 100, "x": 3, "y": 10 },
        { "group": "mags_pistol_common", "chance": 100, "x": 3, "y": 9 },
        { "group": "mags_rifle_common", "chance": 75, "x": 3, "y": 8 },
        { "group": "mags_shotgun_common", "chance": 50, "x": 3, "y": 7 },
        { "group": "mags_pistol_rare", "chance": 50, "x": 3, "y": [ 7, 10 ] },
        { "group": "mags_rifle_rare", "chance": 25, "x": 3, "y": [ 7, 10 ] },
        { "group": "mags_shotgun_rare", "chance": 10, "x": 3, "y": [ 7, 10 ] },
        { "group": "book_gunmags", "chance": 100, "x": 8, "y": [ 8, 9 ] },
        { "group": "book_gunmags", "chance": 50, "x": 8, "y": [ 11, 12 ] },
        { "group": "guns_pistol_common", "chance": 20, "x": 5, "y": 16, "ammo": 25, "magazine": 100 },
        { "group": "guns_pistol_rare", "chance": 20, "x": 8, "y": 16, "ammo": 75, "magazine": 100 },
        { "group": "guns_pistol_obscure", "chance": 20, "x": 11, "y": 16, "ammo": 100, "magazine": 100 },
        { "group": "guns_pistol_rare", "chance": 20, "x": 14, "y": 16, "ammo": 75, "magazine": 100 },
        { "group": "guns_pistol_common", "chance": 20, "x": 17, "y": 16, "ammo": 25, "magazine": 100 }
      ],
      "place_monsters": [ { "monster": "GROUP_ZOMBIE", "chance": 2, "x": [ 0, 23 ], "y": [ 0, 23 ], "repeat": [ 2, 3 ] } ]
    }
  },
  {
    "type": "mapgen",
    "om_terrain": [ "s_restaurant" ],
    "method": "json",
    "comment": "Some columns, stone walls, and not much else",
    "weight": 500,
    "object": {
      "fill_ter": "t_floor",
      "rows": [
        "ssssssssssssssssssssssss",
        "ssssssssssssssssssssssss",
        "ssss|||||||||||||||sssss",
        "____|&wlwF|.......|sssss",
        "____DwlwlF|A...@#^gsssss",
        "____|lwlw#|i......+sssss",
        "____|#lwlS|A......+sssss",
        "___d|#wlwS|i.....^gsssss",
        "___d|Rlwl#|A......|sssss",
        "____|Rwlw#|i.....BCsssss",
        "____|#lwlO|A.....T'sssss",
        "____|#wlwO|i.....BCsssss",
        "____|#lwl#|A......|sssss",
        "____|{wlw{|i......|sssss",
        "____|wlwlw|A.....BCsssss",
        "_||||||+|||......T'sssss",
        "_|Sl+............BCsssss",
        "_|ll|.............|sssss",
        "_|Pl|.............|sssss",
        "_||||BTB..BTB..BTB|sssss",
        "____|C'C||C'C||C'C|sssss",
        "sssbbbbbbbbbbbbbbbbbssss",
        "ssssssssssssssssssssssss",
        "ssssssssssssssssssssssss"
      ],
      "terrain": {
        "|": "t_rock_smooth",
        "W": "t_window",
        "+": "t_door_c",
        "D": "t_door_locked",
        "_": "t_pavement",
        ",": "t_pavement_y",
        "G": "t_wall_glass",
        "g": "t_wall_glass",
        "C": "t_curtains",
        "s": "t_sidewalk",
        "@": "t_console_broken",
        "b": "t_shrub",
        "'": "t_window",
        "f": "t_floor",
        ".": "t_carpet_green",
        "w": "t_linoleum_white",
        "l": "t_linoleum_gray",
        "d": "t_pavement",
        "#": "t_linoleum_white",
        "&": "t_linoleum_white",
        "{": "t_linoleum_white",
        "O": "t_linoleum_white",
        "S": "t_linoleum_white",
        "P": "t_linoleum_white",
        "R": "t_linoleum_white",
        "F": "t_linoleum_white",
        "i": "t_column"
      },
      "furniture": {
        "B": "f_bench",
        "T": "f_table",
        "#": "f_counter",
        "F": "f_fridge",
        "S": "f_sink",
        "d": "f_dumpster",
        "{": "f_rack",
        "O": "f_oven",
        "R": "f_woodstove",
        "&": "f_trashcan",
        "^": "f_indoor_plant",
        "A": "f_statue"
      },
      "toilets": { "P": {  } },
      "place_items": [
        { "item": "restaur_table", "chance": 30, "x": 17, "y": 10, "repeat": [ 1, 2 ] },
        { "item": "restaur_table", "chance": 30, "x": 17, "y": 15, "repeat": [ 1, 2 ] },
        { "item": "restaur_table", "chance": 30, "x": 6, "y": 19, "repeat": [ 1, 2 ] },
        { "item": "restaur_table", "chance": 30, "x": 11, "y": 19, "repeat": [ 1, 2 ] },
        { "item": "restaur_table", "chance": 30, "x": 16, "y": 19, "repeat": [ 1, 2 ] },
        { "item": "restaur_bath", "chance": 25, "x": [ 2, 3 ], "y": [ 3, 18 ] },
        { "item": "restaur_trash", "chance": 75, "x": 5, "y": 3, "repeat": [ 1, 3 ] },
        { "item": "restaur_fridge", "chance": 70, "x": 9, "y": [ 3, 4 ], "repeat": [ 2, 3 ] },
        { "item": "restaur_sink", "chance": 75, "x": 9, "y": [ 6, 7 ], "repeat": [ 2, 3 ] },
        { "item": "restaur_kitchen", "chance": 25, "x": 9, "y": 5, "repeat": [ 1, 2 ] },
        { "item": "restaur_kitchen", "chance": 25, "x": 9, "y": [ 8, 9 ], "repeat": [ 1, 2 ] },
        { "item": "restaur_kitchen", "chance": 25, "x": 9, "y": 12, "repeat": [ 1, 2 ] },
        { "item": "restaur_kitchen", "chance": 25, "x": 5, "y": [ 6, 7 ], "repeat": [ 1, 2 ] },
        { "item": "restaur_kitchen", "chance": 25, "x": 5, "y": [ 10, 12 ], "repeat": [ 1, 2 ] },
        { "item": "restaur_rack", "chance": 75, "x": 5, "y": 13 },
        { "item": "restaur_rack", "chance": 75, "x": 9, "y": 13 },
        { "item": "restaur_trash", "chance": 50, "x": 3, "y": [ 7, 8 ], "repeat": [ 1, 2 ] },
        { "item": "trash", "chance": 50, "x": 3, "y": [ 7, 8 ], "repeat": [ 1, 2 ] },
        { "item": "trash", "chance": 20, "x": [ 0, 2 ], "y": [ 3, 13 ], "repeat": [ 1, 2 ] }
      ],
      "place_monsters": [
        { "monster": "GROUP_GROCERY", "chance": 5, "x": [ 5, 9 ], "y": [ 9, 14 ] },
        { "monster": "GROUP_ROACH", "chance": 20, "x": [ 7, 19 ], "y": 19 }
      ]
    }
  },
  {
    "type": "mapgen",
    "om_terrain": [ "warehouse" ],
    "method": "json",
    "comment": "I dont recall too many non-stone warehouses, though I dont doubt their existence somewhere",
    "weight": 1500,
    "object": {
      "fill_ter": "t_floor",
      "rows": [
        "....S.SSSSSSSSSSSS......",
        "zzzzSzSSSSSSSSSSSSzzzzzz",
        ".---3-MMMMMMMMMMMM-----.",
        ".-11 6            w111-.",
        ".-11               1 1-.",
        ".-1  1               1-.",
        ".-11                11-.",
        ".-1                 11-.",
        ".-111                1-.",
        ".-1 1              1  -.",
        ".-1111               @-.",
        ".-1111                -.",
        ".-111               1 -.",
        ".-111                 -.",
        ".-11   1            61-.",
        ".---3---            11-.",
        ".-55   -@        1  11-.",
        ".-4    -1          111-.",
        ".O2   9-1 11  111  111-.",
        ".-5 6 9-1 111  611 111-.",
        "z-5@788-11111111111111-z",
        "z---O------------------z",
        "z^^zzzz^^zz^^zz^^zzzz^^z",
        "zzzz..zzzzzzzzzzzz..zzzz"
      ],
      "terrain": {
        ".": "t_grass",
        "-": "t_rock_smooth",
        "S": "t_sidewalk",
        "M": "t_door_metal_locked",
        "O": "t_window",
        "w": "t_gates_mech_control",
        "z": "t_shrub",
        "^": "t_tree_pine",
        "3": "t_door_locked"
      },
      "furniture": {
        "1": "f_crate_c",
        "2": "f_sink",
        "5": "f_counter",
        "6": "f_chair",
        "7": "f_desk",
        "8": "f_bookcase",
        "9": "f_sofa",
        "@": "f_trashcan"
      },
      "toilets": { "4": {  } },
      "set": [
        { "point": "terrain", "id": "t_dirt", "x": 23, "y": [ 0, 23 ], "repeat": [ 5, 10 ] },
        { "point": "terrain", "id": "t_dirt", "x": [ 0, 23 ], "y": 23, "repeat": [ 5, 8 ] },
        { "point": "terrain", "id": "t_tree_pine", "x": [ 0, 5 ], "y": 0, "repeat": [ 0, 1 ] },
        { "point": "terrain", "id": "t_tree_pine", "x": [ 18, 23 ], "y": 0, "repeat": [ 0, 1 ] },
        { "point": "terrain", "id": "t_shrub", "x": 0, "y": [ 2, 19 ], "repeat": [ 1, 4 ] },
        { "point": "terrain", "id": "t_shrub", "x": 23, "y": [ 2, 19 ], "repeat": [ 1, 4 ] },
        { "point": "terrain", "id": "t_tree_pine", "x": 0, "y": [ 2, 19 ], "repeat": [ 0, 2 ] },
        { "point": "terrain", "id": "t_tree_pine", "x": 23, "y": [ 2, 19 ], "repeat": [ 0, 2 ] }
      ],
      "place_vehicles": [ { "vehicle": "flatbed_truck", "chance": 50, "x": 12, "y": 13, "rotation": 270 } ],
      "place_items": [
        { "item": "home_hw", "chance": 4, "x": [ 3, 20 ], "y": [ 3, 20 ] },
        { "item": "cannedfood", "chance": 20, "x": [ 2, 2 ], "y": [ 19, 20 ] },
        { "item": "softdrugs", "chance": 30, "x": [ 2, 3 ], "y": [ 16, 16 ] }
      ],
      "place_monsters": [ { "monster": "GROUP_ZOMBIE", "chance": 2, "x": [ 2, 21 ], "y": [ 2, 21 ] } ]
    }
  }
]
