[
  {
    "id": "mon_mosquito_giant",
    "type": "MONSTER",
    "copy-from": "mon_mosquito_giant",
    "description": "一只巨大的变异蚊子，不规律地扇动着翅膀。它的面部长有一个长而尖的针刺。它试图抓住足够大的猎物.",
    "melee_skill": 4,
    "melee_dice": 1,
    "melee_dice_sides": 3,
    "melee_damage": [ { "damage_type": "stab", "amount": 5 } ],
    "attack_effs": [ { "id": "doom_unhealth", "duration": 2, "chance": 20 } ],
    "special_attacks": [ [ "numbing_poison", 20 ], [ "wound_minor", 30 ] ],
    "flags": [ "SEES", "SMELLS", "HEARS", "STUMBLES", "VENOM", "FLIES", "HIT_AND_RUN", "PARALYZEVENOM", "GRABS" ]
  },
  {
    "id": "mon_slug_giant",
    "type": "MONSTER",
    "copy-from": "mon_slug_giant",
    "name": "巨型蛞蝓",
    "emit_fields": [ "emit_acid_trail_slow" ],
    "flags": [ "SEES", "SMELLS", "BASHES", "ACIDPROOF", "FAT", "ARTHROPOD_BLOOD" ]
  },
  {
    "id": "mon_centipede_giant",
    "type": "MONSTER",
    "copy-from": "mon_centipede_giant",
    "description": "一种一米长的蜈蚣，有一对凶恶的钳子，几十条细长的腿，剧毒.",
    "melee_dice": 2,
    "melee_dice_sides": 3,
    "melee_cut": 3,
    "melee_damage": [ { "damage_type": "stab", "amount": 3 } ],
    "special_attacks": [ [ "ACID_ACCURATE", 30 ], [ "numbing_poison", 20 ], [ "wound_minor", 15 ] ],
    "attack_effs": [ { "id": "poison", "duration": 400, "chance": 35 } ],
    "flags": [ "SEES", "SMELLS", "HEARS", "VENOM", "CLIMBS" ]
  },
  {
    "id": "mon_maggot",
    "type": "MONSTER",
    "name": "巨型腐蛆",
    "description": "腐蛆，一种白色的大蛆，为了觅食腐烂的食物，最终会变成一只苍蝇吗.",
    "default_faction": "small_animal",
    "categories": [ "WILDLIFE" ],
    "species": [ "INSECT" ],
    "diff": 2,
    "size": "TINY",
    "harvest": "meatslug",
    "hp": 10,
    "speed": 15,
    "material": [ "iflesh" ],
    "symbol": "a",
    "color": "white",
    "aggression": -20,
    "morale": 0,
    "melee_skill": 1,
    "melee_dice": 1,
    "melee_dice_sides": 2,
    "melee_cut": 1,
    "dodge": 1,
    "armor_bash": 0,
    "armor_cut": 1,
    "armor_acid": 1,
    "death_function": [ "NORMAL" ],
    "flags": [ "HEARS", "SMELLS", "CAN_DIG", "LARVA" ]
  },
  {
    "id": "mon_caterpillar",
    "type": "MONSTER",
    "name": "giant caterpillar",
    "description": "A multi-segmented caterpillar the size of a couch cushion.  While not menacing, it is colored so as to warn off predators.",
    "default_faction": "small_animal",
    "categories": [ "WILDLIFE" ],
    "species": [ "INSECT" ],
    "diff": 5,
    "size": "SMALL",
    "hp": 12,
    "speed": 15,
    "material": [ "iflesh" ],
    "harvest": "meatslug",
    "symbol": "w",
    "color": "ltgreen",
    "aggression": -30,
    "morale": 10,
    "melee_skill": 1,
    "melee_dice": 1,
    "melee_dice_sides": 2,
    "melee_cut": 2,
    "dodge": 1,
    "armor_bash": 2,
    "vision_day": 5,
    "vision_night": 2,
    "special_attacks": [ [ "SHRIEK", 30 ] ],
    "anger_triggers": [ "PLAYER_CLOSE" ],
    "placate_triggers": [ "HURT", "FRIEND_DIED" ],
    "death_function": [ "NORMAL" ],
    "flags": [ "SEES", "HEARS", "SMELLS", "LARVA", "NOHEAD", "CLIMBS", "WEBWALK" ]
  },
  {
    "id": "mon_pupae",
    "type": "MONSTER",
    "name": "pupal sac",
    "description": "Some manner of insect encased in a thick chitinous pupal case and covered in delicate sticky webs.  Quite a bit more durable than it looks.",
    "default_faction": "small_animal",
    "categories": [ "WILDLIFE" ],
    "species": [ "INSECT" ],
    "diff": 4,
    "size": "SMALL",
    "hp": 15,
    "speed": 5,
    "material": [ "iflesh" ],
    "harvest": "meatslug",
    "symbol": "q",
    "color": "brown",
    "aggression": -50,
    "morale": 0,
    "melee_skill": 0,
    "melee_dice": 0,
    "melee_dice_sides": 0,
    "melee_cut": 0,
    "dodge": 0,
    "armor_bash": 10,
    "armor_cut": 14,
    "armor_acid": 6,
    "armor_fire": 7,
    "emit_fields": [ "emit_web" ],
    "special_when_hit": [ "ACIDSPLASH", 10 ],
    "death_function": [ "NORMAL" ],
    "flags": [ "NOHEAD", "WEBWALK", "STUMBLES", "IMMOBILE" ]
  },
  {
    "id": "mon_pupae_pk",
    "type": "MONSTER",
    "name": "pupal sac",
    "description": "Some manner of insect encased in a thick chitinous pupal case and covered in delicate sticky webs.  Quite a bit more durable than it looks.",
    "default_faction": "roach",
    "categories": [ "WILDLIFE" ],
    "species": [ "INSECT" ],
    "diff": 4,
    "size": "SMALL",
    "hp": 15,
    "speed": 5,
    "material": [ "iflesh" ],
    "harvest": "meatslug",
    "symbol": "q",
    "color": "brown",
    "aggression": -50,
    "morale": 0,
    "melee_skill": 0,
    "melee_dice": 0,
    "melee_dice_sides": 0,
    "melee_cut": 0,
    "dodge": 0,
    "armor_bash": 10,
    "armor_cut": 14,
    "armor_acid": 6,
    "armor_fire": 7,
    "emit_fields": [ "emit_web" ],
    "special_when_hit": [ "ACIDSPLASH", 10 ],
    "death_function": [ "NORMAL" ],
    "flags": [ "NOHEAD", "WEBWALK", "STUMBLES", "IMMOBILE" ]
  },
  {
    "id": "mon_butterfly",
    "type": "MONSTER",
    "name": "giant butterfly",
    "description": "What looks -mostly- like a monarch butterfly, with delicate looking limbs and a curled pair of antenae.  Its wingspan is enough to engulf you.",
    "default_faction": "roach",
    "categories": [ "WILDLIFE" ],
    "species": [ "INSECT" ],
    "diff": 12,
    "size": "MEDIUM",
    "hp": 30,
    "speed": 130,
    "material": [ "iflesh" ],
    "harvest": "meatslug",
    "symbol": "W",
    "color": "ltred",
    "aggression": -35,
    "morale": 20,
    "melee_skill": 3,
    "melee_dice": 1,
    "melee_dice_sides": 3,
    "melee_damage": [ { "damage_type": "stab", "amount": 3 }, { "damage_type": "acid", "amount": 1 } ],
    "melee_cut": 0,
    "dodge": 6,
    "vision_day": 15,
    "vision_night": 5,
    "emit_fields": [ "emit_fungacidal_small" ],
    "special_attacks": [ [ "ACID_ACCURATE", 45 ] ],
    "special_when_hit": [ "ACIDSPLASH", 30 ],
    "anger_triggers": [ "PLAYER_CLOSE", "STALK", "FRIEND_ATTACKED" ],
    "fear_triggers": [ "HURT", "PLAYER_CLOSE", "FRIEND_DIED", "FIRE" ],
    "death_function": [ "NORMAL" ],
    "flags": [
      "SEES",
      "HEARS",
      "SMELLS",
      "KEENNOSE",
      "STUMBLES",
      "FLIES",
      "ACIDPROOF",
      "HARDTOSHOOT",
      "GROUP_MORALE",
      "SWARMS",
      "NO_BREATHE"
    ]
  },
  {
    "id": "mon_moth",
    "type": "MONSTER",
    "name": "giant moth",
    "description": "A torso-sized translucent white moth.  It flutters around erratically, drawn to light sources, and releases a faint trail of anti-fungal powder in its wake.",
    "default_faction": "roach",
    "categories": [ "WILDLIFE" ],
    "species": [ "INSECT" ],
    "diff": 12,
    "size": "SMALL",
    "hp": 35,
    "speed": 155,
    "material": [ "iflesh" ],
    "harvest": "meatslug",
    "symbol": "W",
    "color": "white",
    "aggression": -35,
    "morale": 20,
    "melee_skill": 4,
    "melee_dice": 1,
    "melee_dice_sides": 3,
    "melee_damage": [ { "damage_type": "stab", "amount": 3 }, { "damage_type": "acid", "amount": 1 } ],
    "melee_cut": 0,
    "dodge": 5,
    "vision_day": 5,
    "vision_night": 15,
    "emit_fields": [ "emit_fungacidal_small" ],
    "special_attacks": [ [ "ACID_ACCURATE", 30 ] ],
    "special_when_hit": [ "ACIDSPLASH", 35 ],
    "anger_triggers": [ "PLAYER_CLOSE", "FIRE", "STALK", "FRIEND_ATTACKED" ],
    "fear_triggers": [ "HURT", "PLAYER_CLOSE", "FRIEND_DIED" ],
    "death_function": [ "NORMAL" ],
    "flags": [
      "SEES",
      "HEARS",
      "SMELLS",
      "KEENNOSE",
      "STUMBLES",
      "FLIES",
      "ACIDPROOF",
      "HARDTOSHOOT",
      "GROUP_MORALE",
      "SWARMS",
      "NO_BREATHE"
    ]
  },
  {
    "id": "mon_tardigrade",
    "type": "MONSTER",
    "name": "tardigrade",
    "description": "One of the most durable creatures in the world, the tardigrade has outlived the dinosaurs and humanity both.  This is a plump and now moose-sized eight-legged critter that sports a creviced shell with in-laid segments.  Along the length of the shell pairs of sensory tentacles can be seen waving around.  Although its clawed digits seem to be for grasping, the tentacles, due to their sheer size, lend themselves to flailing in defense.",
    "default_faction": "herbivore",
    "categories": [ "WILDLIFE" ],
    "species": [ "INSECT" ],
    "diff": 5,
    "size": "LARGE",
    "hp": 450,
    "speed": 15,
    "material": [ "flesh" ],
    "harvest": "arachnid",
    "symbol": "B",
    "color": "brown_white",
    "aggression": -5,
    "morale": 100,
    "melee_skill": 2,
    "melee_dice": 1,
    "melee_dice_sides": 24,
    "armor_bash": 30,
    "armor_cut": 35,
    "armor_acid": 6,
    "armor_fire": 9,
    "vision_day": 5,
    "vision_night": 3,
    "special_attacks": [ [ "wound_minor", 20 ], [ "GRAB", 30 ], [ "VINE", 15 ] ],
    "anger_triggers": [ "HURT", "STALK", "FRIEND_DIED" ],
    "placate_triggers": [ "PLAYER_WEAK" ],
    "death_function": [ "NORMAL" ],
    "flags": [
      "SEES",
      "SMELLS",
      "PATH_AVOID_DANGER_1",
      "STUMBLES",
      "BASHES",
      "ARTHROPOD_BLOOD",
      "NO_BREATHE",
      "SWIMS",
      "ANIMAL",
      "FAT",
      "CHITIN"
    ]
  },
  {
    "id": "mon_spider_cellar_giant",
    "type": "MONSTER",
    "copy-from": "mon_spider_cellar_giant",
    "hp": 45,
    "speed": 145,
    "melee_skill": 6,
    "melee_dice": 1,
    "melee_dice_sides": 3,
    "melee_cut": 4,
    "dodge": 7,
    "melee_damage": [ { "damage_type": "stab", "amount": 2 } ],
    "attack_effs": [ { "id": "badpoison", "duration": 800, "chance": 25 } ],
    "armor_bash": 2,
    "armor_cut": 4,
    "armor_acid": 4,
    "vision_day": 5,
    "vision_night": 9,
    "special_attacks": [ [ "wound_minor", 20 ] ]
  },
  {
    "id": "mon_spider_widow_giant",
    "type": "MONSTER",
    "copy-from": "mon_spider_widow_giant",
    "melee_skill": 6,
    "melee_dice": 1,
    "melee_dice_sides": 4,
    "melee_cut": 4,
    "dodge": 4,
    "attack_effs": [ { "id": "poison", "duration": 1200, "chance": 50 }, { "id": "badpoison", "duration": 1200, "chance": 50 } ],
    "emit_fields": [ "emit_web" ],
    "special_attacks": [ [ "wound_minor", 20 ] ],
    "flags": [ "SEES", "SMELLS", "HEARS", "WEBWALK", "CHITIN", "CLIMBS" ]
  },
  {
    "id": "mon_spider_trapdoor_giant",
    "type": "MONSTER",
    "copy-from": "mon_spider_trapdoor_giant",
    "description": "A gigantic spider with a bulbous thorax.  It digs an underground burrow that serves as a pit to trap unwary prey.",
    "diff": 15,
    "hp": 55,
    "speed": 115,
    "aggression": 60,
    "morale": 100,
    "melee_skill": 6,
    "melee_dice": 1,
    "melee_dice_sides": 4,
    "melee_cut": 6,
    "dodge": 2,
    "melee_damage": [ { "damage_type": "acid", "amount": 2 } ],
    "attack_effs": [ { "id": "poison", "duration": 400, "chance": 5 } ],
    "armor_bash": 4,
    "armor_cut": 8,
    "vision_day": 5,
    "vision_night": 7,
    "special_attacks": [ [ "wound_minor", 20 ] ],
    "death_function": [ "NORMAL" ],
    "upgrades": { "half_life": 19, "into_group": "TRAP_SPIDER_UPGRADE" },
    "flags": [ "SEES", "SMELLS", "HEARS", "CAN_DIG", "WEBWALK", "CHITIN", "FAT", "CLIMBS", "PUSH_MON" ]
  },
  {
    "id": "mon_spider_jumping_giant",
    "type": "MONSTER",
    "copy-from": "mon_spider_jumping_giant",
    "hp": 35,
    "melee_skill": 5,
    "melee_dice": 1,
    "melee_dice_sides": 3,
    "melee_cut": 4,
    "dodge": 6,
    "melee_damage": [ { "damage_type": "stab", "amount": 2 }, { "damage_type": "acid", "amount": 2 } ],
    "attack_effs": [ { "id": "poison", "duration": 400, "chance": 30 } ],
    "armor_bash": 2,
    "armor_cut": 5,
    "vision_day": 20,
    "vision_night": 7,
    "special_attacks": [ [ "wound_minor", 20 ] ],
    "fear_triggers": [ "HURT", "FIRE" ],
    "upgrades": { "half_life": 17, "into": "mon_spider_jumping_giant_acid" },
    "flags": [ "SEES", "SMELLS", "KEENNOSE", "HEARS", "CHITIN", "CLIMBS", "ACIDPROOF", "PUSH_MON" ],
    "anger_triggers": [ "PLAYER_CLOSE", "PLAYER_WEAK", "FRIEND_ATTACKED", "STALK" ]
  },
  {
    "id": "mon_spider_web_s",
    "type": "MONSTER",
    "copy-from": "mon_spider_web_s",
    "description": "A still immature giant grass spider.  Too young to be truly venomous, or to walk proficiently for that matter",
    "diff": 7,
    "hp": 20,
    "speed": 65,
    "aggression": 20,
    "morale": 100,
    "melee_skill": 2,
    "melee_dice": 1,
    "melee_dice_sides": 2,
    "melee_cut": 2,
    "dodge": 1,
    "melee_damage": [ { "damage_type": "stab", "amount": 2 } ],
    "attack_effs": [ { "id": "poison", "duration": 400, "chance": 40 } ],
    "armor_bash": 2,
    "armor_cut": 6,
    "vision_day": 15,
    "vision_night": 5,
    "special_attacks": [ [ "wound_minor", 30 ] ],
    "death_function": [ "NORMAL" ],
    "upgrades": { "half_life": 3, "into": "mon_spider_web" },
    "flags": [ "SEES", "SMELLS", "HEARS", "WEBWALK", "STUMBLES", "CHITIN", "CLIMBS", "PUSH_MON" ]
  },
  {
    "id": "mon_spider_web",
    "type": "MONSTER",
    "copy-from": "mon_spider_web",
    "description": "A giant mutated grass spider, it waits for prey to become ensnared in the vast webs that it weaves between the trees.",
    "diff": 14,
    "hp": 40,
    "speed": 110,
    "aggression": 20,
    "morale": 100,
    "melee_skill": 4,
    "melee_dice": 1,
    "melee_dice_sides": 6,
    "melee_cut": 4,
    "dodge": 2,
    "attack_effs": [ { "id": "poison", "duration": 650, "chance": 40 } ],
    "armor_bash": 2,
    "armor_cut": 6,
    "vision_day": 5,
    "vision_night": 5,
    "emit_fields": [ "emit_web_small" ],
    "death_function": [ "NORMAL" ],
    "upgrades": { "half_life": 19, "into_group": "WEB_SPIDER_UPGRADE" },
    "flags": [ "SEES", "SMELLS", "HEARS", "WEBWALK", "CHITIN", "CLIMBS", "PUSH_MON" ]
  },
  {
    "id": "mon_spider_wolf_giant",
    "type": "MONSTER",
    "copy-from": "mon_spider_wolf_giant",
    "diff": 20,
    "size": "MEDIUM",
    "hp": 40,
    "speed": 160,
    "aggression": 30,
    "morale": 100,
    "melee_skill": 5,
    "melee_dice": 2,
    "melee_dice_sides": 4,
    "melee_cut": 8,
    "dodge": 4,
    "attack_effs": [ { "id": "poison", "duration": 650, "chance": 15 } ],
    "armor_bash": 4,
    "armor_cut": 8,
    "armor_acid": 2,
    "vision_day": 7,
    "vision_night": 15,
    "special_attacks": [ [ "wound_minor", 20 ] ],
    "upgrades": { "half_life": 29, "into": "mon_spider_wolf_giant_pk" },
    "flags": [ "SEES", "SMELLS", "HEARS", "CHITIN", "FAT", "CLIMBS", "PATH_AVOID_DANGER_1" ],
    "anger_triggers": [ "STALK", "PLAYER_WEAK", "HURT", "PLAYER_CLOSE" ],
    "fear_triggers": [ "FRIEND_DIED" ]
  },
  {
    "id": "mon_spider_wolf_giant_pk",
    "type": "MONSTER",
    "name": "huge wolf spider",
    "description": "This wolf spider has grown to truly monstrous proportions.  Its venom is relatively weak compared to its assault.",
    "default_faction": "spider_wolf",
    "species": [ "SPIDER" ],
    "diff": 30,
    "size": "LARGE",
    "hp": 100,
    "speed": 145,
    "material": [ "iflesh" ],
    "harvest": "arachnid",
    "symbol": "S",
    "color": "brown",
    "aggression": 35,
    "morale": 100,
    "melee_skill": 6,
    "melee_dice": 2,
    "melee_dice_sides": 5,
    "melee_cut": 8,
    "dodge": 6,
    "attack_effs": [ { "id": "poison", "duration": 650, "chance": 15 } ],
    "armor_bash": 9,
    "armor_cut": 14,
    "armor_acid": 4,
    "vision_day": 9,
    "vision_night": 20,
    "special_attacks": [ [ "wound_minor", 20 ] ],
    "death_function": [ "NORMAL" ],
    "flags": [ "SEES", "SMELLS", "HEARS", "CHITIN", "FAT", "CLIMBS", "PATH_AVOID_DANGER_1" ],
    "anger_triggers": [ "STALK", "PLAYER_WEAK", "PLAYER_CLOSE" ],
    "fear_triggers": [ "HURT", "FRIEND_DIED" ]
  },
  {
    "id": "mon_spider_web_queen",
    "type": "MONSTER",
    "name": "large egg sack",
    "description": "A large egg sack with periodically hatching eggs, and a few care-tenders.  This one seems somehow more important than the rest.",
    "default_faction": "spider_web",
    "species": [ "ABERRATION" ],
    "diff": 10,
    "size": "LARGE",
    "hp": 90,
    "speed": 100,
    "material": [ "iflesh" ],
    "harvest": "exempt",
    "symbol": "O",
    "color": "i_yellow",
    "aggression": 100,
    "morale": 200,
    "melee_skill": 0,
    "melee_dice": 0,
    "melee_dice_sides": 0,
    "dodge": 0,
    "armor_bash": 2,
    "armor_acid": 3,
    "vision_day": 20,
    "vision_night": 20,
    "starting_ammo": { "bot_spider_web_omega": 10, "bot_spider_web_s": 40 },
    "special_attacks": [ [ "GRENADIER_ELITE", 30 ], [ "GRENADIER", 20 ] ],
    "death_drops": { "subtype": "collection", "groups": [ [ "spider_eggs", 100 ] ] },
    "death_function": [ "DISINTEGRATE" ],
    "flags": [ "SEES", "NO_BREATHE", "IMMOBILE", "QUEEN" ]
  },
  {
    "id": "mon_trapdoor_egg",
    "type": "MONSTER",
    "name": "egg sack",
    "description": "An egg sack with periodically hatching eggs.",
    "default_faction": "spider_trapdoor",
    "species": [ "ABERRATION" ],
    "diff": 10,
    "size": "MEDIUM",
    "hp": 40,
    "speed": 100,
    "material": [ "iflesh" ],
    "harvest": "exempt",
    "symbol": "O",
    "color": "light_gray",
    "aggression": 100,
    "morale": 200,
    "melee_skill": 0,
    "melee_dice": 0,
    "melee_dice_sides": 0,
    "dodge": 0,
    "armor_bash": 2,
    "armor_acid": 1,
    "vision_day": 20,
    "vision_night": 20,
    "starting_ammo": { "bot_spider_trapdoor_giant": 3, "bot_trapdoor_s": 17 },
    "special_attacks": [ [ "GRENADIER", 20 ] ],
    "death_drops": { "subtype": "collection", "groups": [ [ "spider_eggs", 100 ] ] },
    "death_function": [ "DISINTEGRATE" ],
    "flags": [ "SEES", "NO_BREATHE", "IMMOBILE" ]
  },
  {
    "id": "mon_trapdoor_queen",
    "type": "MONSTER",
    "name": "large egg sack",
    "description": "A large egg sack with periodically hatching eggs, and a few care-tenders.  This one seems somehow more important than the rest.",
    "default_faction": "spider_trapdoor",
    "species": [ "ABERRATION" ],
    "diff": 10,
    "size": "LARGE",
    "hp": 90,
    "speed": 100,
    "material": [ "iflesh" ],
    "harvest": "arachnid",
    "symbol": "O",
    "color": "dark_gray",
    "aggression": 100,
    "morale": 200,
    "melee_skill": 0,
    "melee_dice": 0,
    "melee_dice_sides": 0,
    "dodge": 0,
    "armor_bash": 2,
    "armor_acid": 3,
    "vision_day": 20,
    "vision_night": 20,
    "starting_ammo": { "bot_spider_trapdoor_giant": 7, "bot_spider_trapdoor_giant_guardian": 3, "bot_trapdoor_s": 30 },
    "special_attacks": [ [ "GRENADIER_ELITE", 30 ], [ "GRENADIER", 20 ] ],
    "death_drops": { "subtype": "collection", "groups": [ [ "spider_eggs", 100 ] ] },
    "death_function": [ "DISINTEGRATE" ],
    "flags": [ "SEES", "NO_BREATHE", "IMMOBILE", "QUEEN" ]
  },
  {
    "id": "mon_spider_trapdoor_giant_s",
    "type": "MONSTER",
    "name": "giant immature trapdoor spider",
    "description": "A small trapdoor spider.  Too small to hunt effectively on its own, the loose commune of mutated trapdoor spiders offers limited protection from predators, although it places the spider at increased risk of being cannibalized.",
    "default_faction": "spider_trapdoor",
    "species": [ "SPIDER" ],
    "diff": 12,
    "size": "SMALL",
    "hp": 30,
    "speed": 70,
    "material": [ "iflesh" ],
    "harvest": "arachnid",
    "symbol": "s",
    "color": "ltblue",
    "aggression": 40,
    "morale": 100,
    "melee_skill": 4,
    "melee_dice": 1,
    "melee_dice_sides": 2,
    "melee_cut": 3,
    "dodge": 0,
    "attack_effs": [ { "id": "poison", "duration": 400, "chance": 5 } ],
    "armor_bash": 3,
    "armor_cut": 7,
    "vision_day": 5,
    "vision_night": 7,
    "special_attacks": [ [ "wound_minor", 30 ] ],
    "death_function": [ "NORMAL" ],
    "upgrades": { "half_life": 3, "into": "mon_spider_trapdoor_giant" },
    "flags": [ "SEES", "SMELLS", "STUMBLES", "HEARS", "GRABS", "CAN_DIG", "WEBWALK", "CHITIN", "FAT", "CLIMBS", "PUSH_MON" ]
  },
  {
    "id": "mon_spider_trapdoor_giant_guardian",
    "type": "MONSTER",
    "name": "alpha trapdoor spider",
    "description": "A large and heavily armored trapdoor spider.  Primarily found at the center of larger congregations of trapdoor spiders that can keep it fed if food becomes scarce.",
    "default_faction": "spider_trapdoor",
    "species": [ "SPIDER" ],
    "diff": 20,
    "size": "LARGE",
    "harvest": "arachnid",
    "hp": 150,
    "speed": 95,
    "material": [ "iflesh" ],
    "symbol": "s",
    "color": "i_blue",
    "aggression": 80,
    "morale": 100,
    "melee_skill": 6,
    "melee_dice": 1,
    "melee_dice_sides": 10,
    "melee_cut": 7,
    "dodge": 3,
    "melee_damage": [ { "damage_type": "acid", "amount": 6 }, { "damage_type": "stab", "amount": 4 } ],
    "attack_effs": [ { "id": "poison", "duration": 400, "chance": 4 } ],
    "armor_bash": 9,
    "armor_cut": 14,
    "vision_day": 10,
    "vision_night": 13,
    "special_attacks": [ [ "wound_minor", 20 ], [ "wasp_sting", 20 ] ],
    "death_function": [ "NORMAL" ],
    "flags": [ "SEES", "SMELLS", "HEARS", "CAN_DIG", "WEBWALK", "CHITIN", "FAT", "CLIMBS", "PUSH_MON", "PATH_AVOID_DANGER_1" ]
  },
  {
    "id": "mon_spider_trapdoor_giant_pk",
    "type": "MONSTER",
    "name": "giant trapdoor spider",
    "description": "A gigantic, nimble spider with a bulbous thorax.  It digs a deep underground burrow that serves as a pit from which to ambush unwary prey.",
    "default_faction": "spider_trapdoor",
    "species": [ "SPIDER" ],
    "diff": 18,
    "size": "MEDIUM",
    "hp": 80,
    "speed": 110,
    "material": [ "iflesh" ],
    "harvest": "arachnid",
    "symbol": "s",
    "color": "blue",
    "aggression": 60,
    "morale": 100,
    "melee_skill": 6,
    "melee_dice": 2,
    "melee_dice_sides": 4,
    "melee_cut": 6,
    "dodge": 3,
    "melee_damage": [ { "damage_type": "acid", "amount": 3 } ],
    "attack_effs": [ { "id": "poison", "duration": 400, "chance": 5 } ],
    "armor_bash": 4,
    "armor_cut": 8,
    "vision_day": 5,
    "vision_night": 7,
    "special_attacks": [ [ "LUNGE", 30 ], [ "wound_minor", 20 ] ],
    "death_function": [ "NORMAL" ],
    "flags": [ "SEES", "SMELLS", "HEARS", "CAN_DIG", "WEBWALK", "CHITIN", "FAT", "CLIMBS", "PUSH_MON" ]
  },
  {
    "id": "mon_spider_web_alpha",
    "type": "MONSTER",
    "name": "giant web spider",
    "description": "A larger, more aggressive ambush predator, this web spider uses force to catch its prey.",
    "default_faction": "spider_web",
    "species": [ "SPIDER" ],
    "diff": 16,
    "size": "MEDIUM",
    "hp": 60,
    "speed": 105,
    "material": [ "iflesh" ],
    "harvest": "arachnid",
    "symbol": "s",
    "color": "yellow",
    "aggression": 60,
    "morale": 100,
    "melee_skill": 4,
    "melee_dice": 2,
    "melee_dice_sides": 4,
    "melee_cut": 4,
    "dodge": 3,
    "melee_damage": [ { "damage_type": "stab", "amount": 8 } ],
    "attack_effs": [
      { "id": "spider_web_slow", "duration": 600, "chance": 65 },
      { "id": "spider_web_alpha", "duration": 360, "chance": 65 },
      { "id": "poison", "duration": 400, "chance": 50 }
    ],
    "armor_bash": 4,
    "armor_cut": 10,
    "vision_day": 15,
    "vision_night": 10,
    "emit_fields": [ "emit_web_small" ],
    "death_function": [ "NORMAL" ],
    "flags": [ "SEES", "SMELLS", "HEARS", "WEBWALK", "CHITIN", "CLIMBS", "PUSH_MON" ]
  },
  {
    "id": "mon_spider_web_omega",
    "type": "MONSTER",
    "name": "giant web spider",
    "description": "This web spider uses long-lasting toxins to incapacitate stronger foes.",
    "default_faction": "spider_web",
    "species": [ "SPIDER" ],
    "diff": 16,
    "size": "MEDIUM",
    "hp": 50,
    "speed": 115,
    "material": [ "iflesh" ],
    "harvest": "arachnid",
    "symbol": "s",
    "color": "yellow",
    "aggression": 40,
    "morale": 100,
    "melee_skill": 5,
    "melee_dice": 2,
    "melee_dice_sides": 3,
    "melee_cut": 6,
    "dodge": 5,
    "melee_damage": [ { "damage_type": "stab", "amount": 6 } ],
    "attack_effs": [
      { "id": "spider_web_slow", "duration": 600, "chance": 65 },
      { "id": "spider_web_omega", "duration": 360, "chance": 65 },
      { "id": "poison", "duration": 400, "chance": 50 }
    ],
    "armor_bash": 3,
    "armor_cut": 8,
    "vision_day": 15,
    "vision_night": 10,
    "emit_fields": [ "emit_web_small" ],
    "death_function": [ "NORMAL" ],
    "flags": [ "SEES", "SMELLS", "HEARS", "WEBWALK", "CHITIN", "CLIMBS", "PUSH_MON", "PRIORITIZE_TARGETS" ]
  },
  {
    "id": "mon_spider_web_mu",
    "type": "MONSTER",
    "name": "giant web spider",
    "description": "This web spider seems to have specialized to take down creatures infected with fungal spores; a surely under-utilized food source.",
    "default_faction": "spider_web",
    "species": [ "SPIDER" ],
    "diff": 14,
    "size": "MEDIUM",
    "hp": 50,
    "speed": 130,
    "material": [ "iflesh" ],
    "harvest": "arachnid",
    "symbol": "s",
    "color": "yellow",
    "aggression": 40,
    "morale": 100,
    "melee_skill": 6,
    "melee_dice": 2,
    "melee_dice_sides": 2,
    "melee_cut": 2,
    "dodge": 4,
    "melee_damage": [ { "damage_type": "stab", "amount": 10 } ],
    "attack_effs": [
      { "id": "spider_web_slow", "duration": 600, "chance": 65 },
      { "id": "spider_web_mu", "duration": 360, "chance": 65 },
      { "id": "poison", "duration": 650, "chance": 50 }
    ],
    "armor_bash": 3,
    "armor_cut": 8,
    "vision_day": 20,
    "vision_night": 10,
    "emit_fields": [ "emit_web_small" ],
    "death_function": [ "NORMAL" ],
    "flags": [ "SEES", "SMELLS", "HEARS", "WEBWALK", "CHITIN", "CLIMBS", "PARALYZEVENOM", "HIT_AND_RUN", "PUSH_MON" ]
  },
  {
    "id": "mon_spider_jumping_giant_acid",
    "type": "MONSTER",
    "name": "medusa spider",
    "description": "A spider the size of a large dog with slender forelegs and massive hind legs.  From its maw corrosive saliva drips, and can be manipulated by its agile limbs.",
    "default_faction": "spider_jumping",
    "species": [ "SPIDER" ],
    "diff": 12,
    "size": "SMALL",
    "hp": 45,
    "speed": 110,
    "material": [ "iflesh" ],
    "harvest": "arachnid",
    "symbol": "s",
    "color": "i_white",
    "aggression": -5,
    "morale": 80,
    "melee_skill": 6,
    "melee_dice": 1,
    "melee_dice_sides": 6,
    "melee_cut": 2,
    "dodge": 6,
    "melee_damage": [ { "damage_type": "stab", "amount": 6 }, { "damage_type": "acid", "amount": 3 } ],
    "attack_effs": [ { "id": "badpoison", "duration": 900, "chance": 50 } ],
    "armor_bash": 3,
    "armor_cut": 7,
    "vision_day": 20,
    "vision_night": 7,
    "special_attacks": [
      [ "wound_minor", 15 ],
      [ "ACID_ACCURATE", 25 ],
      [ "ACID_BARF", 25 ],
      { "type": "leap", "cooldown": 2, "max_range": 7 }
    ],
    "special_when_hit": [ "ACIDSPLASH", 10 ],
    "death_function": [ "NORMAL" ],
    "flags": [ "SEES", "SMELLS", "KEENNOSE", "HEARS", "CHITIN", "CLIMBS", "ACIDPROOF", "ACID_BLOOD", "PUSH_MON" ],
    "anger_triggers": [ "PLAYER_CLOSE", "PLAYER_WEAK", "FRIEND_ATTACKED", "STALK" ],
    "fear_triggers": [ "HURT", "FIRE" ]
  },
  {
    "id": "mon_bee",
    "type": "MONSTER",
    "copy-from": "mon_bee",
    "description": "With a stinger the size of a kitchen knife, this dog-sized insect's black and yellow markings warn you to leave it undisturbed.  Its fine coat of bristles seems to attract electric charge.",
    "hp": 35,
    "aggression": -10,
    "morale": 40,
    "melee_skill": 4,
    "melee_dice": 2,
    "melee_dice_sides": 5,
    "melee_damage": [ { "damage_type": "stab", "amount": 2 } ],
    "dodge": 4,
    "attack_effs": [ { "id": "poison", "duration": 50, "chance": 75 } ],
    "armor_bash": 4,
    "armor_cut": 6,
    "vision_day": 11,
    "vision_night": 5,
    "special_attacks": [
      [ "numbing_poison", 15 ],
      {
        "id": "wasp_sting",
        "cooldown": 15,
        "damage_max_instance": [
          { "damage_type": "bash", "amount": 6, "armor_multiplier": 0.85 },
          { "damage_type": "cut", "amount": 6, "armor_multiplier": 0.85 }
        ],
        "effects": [ { "id": "poison", "duration": 800 }, { "id": "infection_minor", "duration": 8400, "chance": 35 } ]
      }
    ],
    "special_when_hit": [ "ZAPBACK", 20 ],
    "death_drops": { "subtype": "collection", "groups": [ [ "bees", 35 ] ] },
    "flags": [ "SEES", "SMELLS", "KEENNOSE", "FLIES", "STUMBLES", "CHITIN", "SWARMS", "GROUP_MORALE", "ELECTRIC" ],
    "anger_triggers": [ "HURT", "FRIEND_ATTACKED" ]
  },
  {
    "id": "mon_bee_scout",
    "type": "MONSTER",
    "name": "giant bee",
    "description": "With a stinger the size of a kitchen knife, this dog-sized insect's black and yellow markings warn you to leave it undisturbed.  Its fine coat of bristles seems to attract electric charge.",
    "default_faction": "bee",
    "species": [ "INSECT" ],
    "diff": 16,
    "size": "SMALL",
    "hp": 28,
    "speed": 160,
    "material": [ "iflesh" ],
    "harvest": "arachnid_bee",
    "symbol": "a",
    "color": "yellow",
    "aggression": -10,
    "morale": 20,
    "melee_skill": 5,
    "melee_dice": 2,
    "melee_dice_sides": 3,
    "melee_damage": [ { "damage_type": "electric", "amount": 1 }, { "damage_type": "stab", "amount": 4 } ],
    "dodge": 5,
    "armor_bash": 4,
    "armor_cut": 6,
    "vision_day": 11,
    "vision_night": 5,
    "special_attacks": [
      [ "numbing_poison", 20 ],
      {
        "id": "wasp_sting",
        "cooldown": 20,
        "damage_max_instance": [
          { "damage_type": "bash", "amount": 5, "armor_multiplier": 0.85 },
          { "damage_type": "cut", "amount": 5, "armor_multiplier": 0.85 }
        ],
        "effects": [ { "id": "poison", "duration": 600 }, { "id": "infection_minor", "duration": 8400, "chance": 30 } ]
      }
    ],
    "special_when_hit": [ "ZAPBACK", 25 ],
    "death_drops": { "subtype": "collection", "groups": [ [ "bees", 35 ] ] },
    "attack_effs": [ { "id": "poison", "duration": 400, "chance": 75 } ],
    "death_function": [ "NORMAL" ],
    "flags": [ "SEES", "SMELLS", "KEENNOSE", "FLIES", "STUMBLES", "CHITIN", "SWARMS", "GROUP_MORALE", "ELECTRIC" ],
    "anger_triggers": [ "HURT", "FRIEND_DIED" ]
  },
  {
    "id": "mon_bee_soldier",
    "type": "MONSTER",
    "name": "giant bee",
    "description": "With a stinger the size of a kitchen knife, this dog-sized insect's black and yellow markings warn you to leave it undisturbed.  Its fine coat of bristles seems to attract electric charge.",
    "default_faction": "bee",
    "species": [ "INSECT" ],
    "diff": 18,
    "size": "SMALL",
    "hp": 49,
    "speed": 130,
    "material": [ "iflesh" ],
    "harvest": "arachnid_bee",
    "symbol": "a",
    "color": "yellow",
    "aggression": 0,
    "morale": 40,
    "melee_skill": 5,
    "melee_dice": 2,
    "melee_dice_sides": 5,
    "melee_damage": [ { "damage_type": "stab", "amount": 6 } ],
    "dodge": 3,
    "armor_bash": 5,
    "armor_cut": 7,
    "vision_day": 11,
    "vision_night": 5,
    "special_attacks": [
      [ "numbing_poison", 12 ],
      {
        "id": "wasp_sting",
        "cooldown": 12,
        "damage_max_instance": [
          { "damage_type": "bash", "amount": 7, "armor_multiplier": 0.85 },
          { "damage_type": "cut", "amount": 7, "armor_multiplier": 0.85 }
        ],
        "effects": [ { "id": "poison", "duration": 600 }, { "id": "infection_minor", "duration": 8400, "chance": 30 } ]
      }
    ],
    "special_when_hit": [ "ZAPBACK", 15 ],
    "death_drops": { "subtype": "collection", "groups": [ [ "bees", 35 ] ] },
    "death_function": [ "NORMAL" ],
    "attack_effs": [ { "id": "poison", "duration": 400, "chance": 75 } ],
    "flags": [ "SEES", "SMELLS", "KEENNOSE", "FLIES", "STUMBLES", "CHITIN", "SWARMS", "GROUP_MORALE", "ELECTRIC" ],
    "anger_triggers": [ "HURT", "FRIEND_ATTACKED", "PLAYER_CLOSE" ]
  },
  {
    "id": "mon_bee_queen",
    "type": "MONSTER",
    "name": "giant queen bee",
    "description": "The queen bee, a typically unchallenged figure of dominance in bee society.  The fine coat of bristles along its abdomen seems to conduct electric energy.  Without her, the hive would melt away, seeking death or a new master.",
    "default_faction": "bee",
    "species": [ "INSECT" ],
    "diff": 20,
    "size": "SMALL",
    "hp": 63,
    "speed": 140,
    "material": [ "iflesh" ],
    "harvest": "arachnid_bee",
    "symbol": "Q",
    "color": "yellow",
    "aggression": -5,
    "morale": 30,
    "melee_skill": 5,
    "melee_dice": 2,
    "melee_dice_sides": 4,
    "melee_damage": [ { "damage_type": "electric", "amount": 4 }, { "damage_type": "stab", "amount": 6 } ],
    "dodge": 3,
    "armor_bash": 4,
    "armor_cut": 6,
    "vision_day": 10,
    "vision_night": 5,
    "special_attacks": [
      [ "SHOCKSTORM", 40 ],
      [ "numbing_poison", 20 ],
      {
        "id": "wasp_sting",
        "cooldown": 15,
        "damage_max_instance": [
          { "damage_type": "bash", "amount": 6, "armor_multiplier": 0.85 },
          { "damage_type": "cut", "amount": 6, "armor_multiplier": 0.85 }
        ],
        "effects": [ { "id": "poison", "duration": 800 }, { "id": "infection_minor", "duration": 8400, "chance": 35 } ]
      }
    ],
    "special_when_hit": [ "ZAPBACK", 50 ],
    "anger_triggers": [ "HURT", "FRIEND_DIED", "PLAYER_CLOSE" ],
    "death_drops": { "subtype": "collection", "groups": [ [ "bees", 20 ] ] },
    "death_function": [ "NORMAL" ],
    "attack_effs": [ { "id": "poison", "duration": 400, "chance": 75 } ],
    "flags": [ "SEES", "SMELLS", "FLIES", "STUMBLES", "CHITIN", "SWARMS", "GROUP_MORALE", "ELECTRIC", "QUEEN" ]
  },
  {
    "id": "mon_bee_king",
    "type": "MONSTER",
    "name": "giant royal bee",
    "description": "A fecund bee of unknown sex.  Although the queen potentially tolerates the presence of other mating females within her hive, they are all her offspring, and if conflict arises all but one will end up leaving.",
    "default_faction": "bee",
    "species": [ "INSECT" ],
    "diff": 18,
    "size": "SMALL",
    "hp": 42,
    "speed": 140,
    "material": [ "iflesh" ],
    "harvest": "arachnid_bee",
    "symbol": "Q",
    "color": "yellow",
    "aggression": -5,
    "morale": 30,
    "melee_skill": 4,
    "melee_dice": 2,
    "melee_dice_sides": 4,
    "melee_damage": [ { "damage_type": "electric", "amount": 2 }, { "damage_type": "stab", "amount": 6 } ],
    "dodge": 4,
    "armor_bash": 4,
    "armor_cut": 6,
    "vision_day": 11,
    "vision_night": 5,
    "special_attacks": [
      [ "SHOCKSTORM", 60 ],
      [ "numbing_poison", 20 ],
      {
        "id": "wasp_sting",
        "cooldown": 15,
        "damage_max_instance": [
          { "damage_type": "bash", "amount": 6, "armor_multiplier": 0.85 },
          { "damage_type": "cut", "amount": 6, "armor_multiplier": 0.85 }
        ],
        "effects": [ { "id": "poison", "duration": 800 }, { "id": "infection_minor", "duration": 8400, "chance": 35 } ]
      }
    ],
    "special_when_hit": [ "ZAPBACK", 35 ],
    "anger_triggers": [ "HURT", "FRIEND_ATTACKED", "PLAYER_CLOSE" ],
    "death_drops": { "subtype": "collection", "groups": [ [ "bees", 20 ] ] },
    "death_function": [ "NORMAL" ],
    "attack_effs": [ { "id": "poison", "duration": 400, "chance": 50 } ],
    "flags": [ "SEES", "SMELLS", "KEENNOSE", "FLIES", "STUMBLES", "CHITIN", "SWARMS", "GROUP_MORALE", "ELECTRIC" ]
  },
  {
    "id": "mon_bee_larvae",
    "type": "MONSTER",
    "name": "bee larvae",
    "description": "A writhing mass of white flesh, this grub-like monster will mature based on its diet; richer diets will result in a more noble caste.",
    "default_faction": "bee",
    "species": [ "INSECT" ],
    "diff": 5,
    "size": "SMALL",
    "hp": 15,
    "speed": 45,
    "material": [ "iflesh" ],
    "harvest": "meatslug",
    "symbol": "a",
    "color": "white",
    "aggression": 0,
    "morale": 20,
    "melee_skill": 2,
    "melee_dice": 1,
    "melee_dice_sides": 2,
    "melee_cut": 5,
    "armor_bash": 4,
    "armor_cut": 4,
    "armor_acid": 2,
    "anger_triggers": [ "HURT", "PLAYER_WEAK" ],
    "placate_triggers": [ "MEAT" ],
    "death_function": [ "NORMAL" ],
    "upgrades": { "half_life": 14, "into_group": "GROUP_BEE" },
    "flags": [ "HEARS", "SMELLS", "LARVA", "CHITIN", "IMMOBILE" ]
  },
  {
    "id": "mon_wasp",
    "type": "MONSTER",
    "copy-from": "mon_wasp",
    "vision_day": 12,
    "vision_night": 7,
    "special_attacks": [ [ "wasp_sting", 3 ], [ "ant_sinject", 3 ] ],
    "flags": [ "SEES", "SMELLS", "FLIES", "CHITIN", "SWARMS", "GROUP_MORALE" ]
  },
  {
    "id": "mon_wasp_queen",
    "type": "MONSTER",
    "copy-from": "mon_wasp",
    "name": "queen wasp",
    "description": "This wasp seems to provide overarching direction to the other wasps.  Killing this one will probably cause them to disperse.",
    "symbol": "a",
    "color": "light_gray",
    "aggression": 10,
    "morale": 40,
    "melee_skill": 7,
    "melee_dice": 2,
    "melee_dice_sides": 6,
    "melee_cut": 8,
    "dodge": 5,
    "armor_bash": 6,
    "armor_cut": 8,
    "vision_day": 12,
    "vision_night": 7,
    "special_attacks": [ [ "wasp_sting", 3 ], [ "ant_sinject", 3 ] ],
    "flags": [ "SEES", "SMELLS", "FLIES", "CHITIN", "SWARMS", "GROUP_MORALE", "QUEEN" ]
  },
  {
    "id": "mon_wasp_larvae",
    "type": "MONSTER",
    "copy-from": "mon_bee_larvae",
    "default_faction": "wasp",
    "name": "larval wasp",
    "description": "A wriggling larvae that will mature into a giant wasp if allowed to grow."
  }
]
