[
  {
    "abstract": "tiny_bird",
    "type": "MONSTER",
    "name": "tiny bird",
    "default_faction": "small_animal",
    "categories": [ "WILDLIFE" ],
    "species": [ "BIRD" ],
    "diff": 1,
    "size": "TINY",
    "harvest": "bird_tiny",
    "hp": 4,
    "volume": "750 ml",
    "weight": 1000,
    "material": [ "flesh" ],
    "symbol": "v",
    "morale": 15,
    "melee_skill": 5,
    "melee_dice": 1,
    "melee_dice_sides": 1,
    "melee_damage": [ { "damage_type": "stab", "amount": 1 } ],
    "melee_cut": 1,
    "dodge": 5,
    "vision_day": 40,
    "anger_triggers": [ "PLAYER_CLOSE", "STALK", "FRIEND_ATTACKED" ],
    "fear_triggers": [ "SOUND", "HURT", "FRIEND_DIED", "FIRE" ],
    "placate_triggers": [ "SOUND", "PLAYER_WEAK" ],
    "death_function": [ "NORMAL" ],
    "biosignature": { "biosig_item": "feces_bird", "biosig_timer": 8 }
  },
  {
    "id": "mon_frog_giant",
    "type": "MONSTER",
    "copy-from": "mon_frog_giant",
    "diff": 15,
    "hp": 70,
    "speed": 80,
    "aggression": 1,
    "morale": 99,
    "melee_skill": 5,
    "melee_dice": 5,
    "melee_dice_sides": 4,
    "melee_cut": 0,
    "dodge": 3,
    "armor_bash": 4,
    "path_settings": { "max_dist": 8 },
    "special_attacks": [
      [ "RANGED_PULL", 60 ],
      { "type": "leap", "cooldown": 10, "move_cost": 0, "max_range": 10, "min_consider_range": 2 },
      {
        "type": "bite",
        "cooldown": 30,
        "no_infection_chance": 50,
        "damage_max_instance": [ { "damage_type": "bash", "amount": 15, "armor_multiplier": 1.35 } ],
        "effects": [
          { "id": "stunned", "duration": 5, "chance": 33 },
          { "id": "grabbed", "duration": 1000, "bp": "TORSO" },
          { "id": "grabbed", "duration": 1000, "bp": "HEAD" },
          { "id": "grabbed", "duration": 1000, "bp": "LEG_L" },
          { "id": "grabbed", "duration": 1000, "bp": "LEG_R" },
          { "id": "grabbed", "duration": 1000, "bp": "ARM_L" },
          { "id": "grabbed", "duration": 1000, "bp": "ARM_R" }
        ]
      }
    ],
    "anger_triggers": [ "STALK", "PLAYER_WEAK", "PLAYER_CLOSE" ],
    "death_function": [ "NORMAL" ],
    "flags": [ "SEES", "SMELLS", "HEARS", "SWIMS" ]
  },
  {
    "id": "mon_rattlesnake",
    "type": "MONSTER",
    "copy-from": "mon_rattlesnake",
    "attack_effs": [ { "id": "badpoison", "duration": 700 }, { "id": "infection_minor", "duration": 14400, "chance": 5 } ],
    "flags": [ "SEES", "HEARS", "SMELLS", "HARDTOSHOOT", "SWIMS" ]
  },
  {
    "id": "mon_rattlesnake_giant",
    "type": "MONSTER",
    "copy-from": "mon_rattlesnake_giant",
    "attack_effs": [
      { "id": "badpoison", "duration": 1200 },
      { "id": "rad_tenths", "duration": 3 },
      { "id": "rad_tenths", "duration": 10 },
      { "id": "rad_tenths", "duration": 30 },
      { "id": "infection_minor", "duration": 5200, "chance": 10 }
    ],
    "flags": [ "SEES", "HEARS", "SMELLS", "HARDTOSHOOT", "SWIMS" ]
  },
  {
    "id": "mon_null",
    "type": "MONSTER",
    "copy-from": "mon_null",
    "color": "white",
    "description": "The most bugged description."
  },
  {
    "id": "mon_gator",
    "type": "MONSTER",
    "name": "sewer gator",
    "copy-from": "mon_gator",
    "description": "In the late 20th century there was an urban legend about pet alligators getting flushed down the toilet and growing to adulthood in sewers.  This large specimen doesn't look like it is used to humans as anything other than a meal.",
    "default_faction": "gator",
    "categories": [ "WILDLIFE" ],
    "species": [ "REPTILE" ],
    "diff": 23,
    "size": "LARGE",
    "hp": 90,
    "speed": 90,
    "material": [ "flesh" ],
    "symbol": "A",
    "color": "ltgreen",
    "aggression": 35,
    "morale": 60,
    "melee_skill": 4,
    "melee_dice": 1,
    "melee_dice_sides": 10,
    "melee_cut": 12,
    "dodge": 2,
    "attack_effs": [ { "id": "rad_tenths", "duration": 2 } ],
    "armor_bash": 6,
    "armor_cut": 8,
    "vision_day": 5,
    "vision_night": 35,
    "path_settings": { "max_dist": 8 },
    "special_attacks": [
      {
        "type": "bite",
        "cooldown": 20,
        "accuracy": 6,
        "no_infection_chance": 2,
        "damage_max_instance": [
          { "damage_type": "stab", "amount": 14, "armor_multiplier": 0.5 },
          { "damage_type": "bash", "amount": 31, "armor_multiplier": 0.5 }
        ],
        "effects": [ { "id": "grabbed", "duration": 1000, "bp": "TORSO" }, { "id": "infection_minor", "duration": 28800 } ]
      }
    ],
    "anger_triggers": [ "PLAYER_CLOSE", "PLAYER_WEAK" ],
    "fear_triggers": [ "FIRE", "HURT" ],
    "placate_triggers": [ "MEAT" ],
    "death_function": [ "NORMAL" ],
    "flags": [ "SEES", "HEARS", "GOODHEARING", "SMELLS", "KEENNOSE", "PATH_AVOID_DANGER_1", "ANIMAL", "BLEED", "ATTACKMON", "SWIMS" ]
  },
  {
    "id": "mon_hallu_mannequin",
    "type": "MONSTER",
    "name": "mannequin",
    "description": "It moves in spurts when you blink, or at least you think it does.",
    "default_faction": "factionless",
    "species": [ "HALLUCINATION" ],
    "diff": 1,
    "size": "MEDIUM",
    "hp": 80,
    "speed": 100,
    "material": [ "plastic" ],
    "harvest": "exempt",
    "symbol": "@",
    "color": "ltgray",
    "aggression": 50,
    "morale": 100,
    "melee_skill": 3,
    "melee_dice": 1,
    "melee_dice_sides": 2,
    "dodge": 1,
    "attack_effs": [ { "id": "rad_tenths", "duration": 10 } ],
    "armor_bash": 2,
    "armor_cut": 4,
    "armor_acid": 6,
    "vision_day": 35,
    "vision_night": 5,
    "path_settings": { "max_dist": 35 },
    "special_attacks": [ [ "GRAB", 30 ] ],
    "death_function": [ "DISAPPEAR" ],
    "flags": [ "SEES", "PATH_AVOID_DANGER_1", "NO_BREATHE", "PLASTIC" ]
  },
  {
    "id": "mon_pig",
    "type": "MONSTER",
    "copy-from": "mon_pig",
    "melee_skill": 4,
    "melee_dice": 1,
    "melee_dice_sides": 10,
    "melee_cut": 4,
    "dodge": 2,
    "biosignature": { "biosig_item": "feces_manure", "biosig_timer": 12 },
    "anger_triggers": [ "PLAYER_WEAK", "FRIEND_ATTACKED", "SOUND" ],
    "fear_triggers": [ "SOUND", "HURT" ],
    "placate_triggers": [ "MEAT", "PLAYER_CLOSE" ]
  },
  {
    "id": "mon_sewer_rat",
    "type": "MONSTER",
    "copy-from": "mon_sewer_rat",
    "melee_skill": 5,
    "melee_dice": 1,
    "melee_dice_sides": 2,
    "melee_cut": 2,
    "special_attacks": [ [ "wound_minor", 7 ], { "type": "bite", "cooldown": 5, "no_infection_chance": 18, "moves": 250 } ],
    "attack_effs": [
      { "id": "doom_unhealth", "duration": 1 },
      { "id": "rad_tenths", "duration": 3 },
      { "id": "infection_minor", "duration": 2400 }
    ],
    "vision_day": 3,
    "vision_night": 20,
    "flags": [ "SEES", "SMELLS", "HEARS", "WARM", "SWIMS", "ANIMAL", "PATH_AVOID_DANGER_1", "SWARMS" ]
  },
  {
    "id": "mon_black_rat",
    "type": "MONSTER",
    "copy-from": "mon_black_rat",
    "categories": [ "WILDLIFE" ],
    "diff": 3,
    "hp": 8,
    "speed": 100,
    "aggression": 5,
    "morale": 10,
    "melee_skill": 5,
    "melee_dice": 2,
    "melee_dice_sides": 2,
    "melee_cut": 1,
    "dodge": 3,
    "armor_bash": 0,
    "armor_cut": 1,
    "vision_day": 25,
    "vision_night": 10,
    "special_attacks": [ [ "wound_minor", 30 ], { "type": "bite", "cooldown": 5, "no_infection_chance": 8, "moves": 250 } ],
    "anger_triggers": [ "PLAYER_WEAK", "FRIEND_ATTACKED", "FRIEND_DIED", "HURT" ],
    "fear_triggers": [ "PLAYER_CLOSE" ],
    "death_function": [ "NORMAL" ],
    "flags": [ "SEES", "SMELLS", "HEARS", "WARM", "SWIMS", "PATH_AVOID_DANGER_1", "ANIMAL", "SWARMS", "GROUP_MORALE" ]
  },
  {
    "id": "mon_rat_king",
    "type": "MONSTER",
    "copy-from": "mon_rat_king",
    "diff": 18,
    "hp": 250,
    "speed": 40,
    "aggression": 0,
    "morale": 100,
    "melee_skill": 4,
    "melee_dice": 9,
    "melee_dice_sides": 2,
    "melee_cut": 5,
    "dodge": 0,
    "armor_bash": 2,
    "armor_cut": 0,
    "vision_day": 5,
    "vision_night": 25,
    "starting_ammo": { "bot_rat": 25 },
    "attack_effs": [
      { "id": "doom_unhealth", "duration": 10 },
      { "id": "rad_tenths", "duration": 10 },
      { "id": "rad_tenths", "duration": 10 },
      { "id": "infection_minor", "duration": 3600 }
    ],
    "special_attacks": [ [ "wound_minor", 60 ], [ "RATKING", 3 ], [ "GRENADIER", 10 ] ],
    "anger_triggers": [ "STALK", "HURT", "FRIEND_ATTACKED", "FRIEND_DIED" ],
    "fear_triggers": [ "PLAYER_CLOSE" ],
    "flags": [ "SEES", "SMELLS", "WARM", "SWIMS", "BONES" ]
  },
  {
    "id": "mon_cow",
    "type": "MONSTER",
    "copy-from": "mon_cow",
    "aggression": -10,
    "morale": 65,
    "anger_triggers": [ "PLAYER_CLOSE", "SOUND", "FRIEND_ATTACKED" ],
    "placate_triggers": [ "PLAYER_WEAK", "SOUND", "FIRE" ],
    "fear_triggers": [ "FRIEND_DIED", "HURT" ]
  },
  {
    "id": "mon_horse",
    "type": "MONSTER",
    "copy-from": "mon_horse",
    "categories": [ "WILDLIFE" ],
    "hp": 110,
    "speed": 210,
    "aggression": -5,
    "morale": 20,
    "melee_skill": 6,
    "melee_dice": 2,
    "melee_dice_sides": 8,
    "melee_damage": { "damage_type": "stab", "amount": 8 },
    "melee_cut": 0,
    "dodge": 2,
    "armor_bash": 4,
    "armor_cut": 1,
    "armor_acid": 2,
    "vision_day": 40,
    "special_attacks": [ [ "hammer", 15 ], [ "wound_minor", 30 ] ],
    "anger_triggers": [ "FRIEND_DIED", "HURT" ],
    "fear_triggers": [ "SOUND" ],
    "placate_triggers": [ "PLAYER_WEAK" ]
  },
  {
    "id": "mon_bear",
    "type": "MONSTER",
    "copy-from": "mon_bear",
    "diff": 18,
    "hp": 140,
    "speed": 170,
    "aggression": -10,
    "morale": 60,
    "melee_skill": 6,
    "melee_dice": 3,
    "melee_dice_sides": 12,
    "melee_damage": { "damage_type": "cut", "amount": 8 },
    "melee_cut": 8,
    "dodge": 3,
    "armor_bash": 1,
    "armor_cut": 3,
    "vision_day": 30,
    "vision_night": 15,
    "path_settings": { "max_dist": 30 },
    "special_attacks": [
      [ "hammer", 30 ],
      [ "EAT_FOOD", 20 ],
      {
        "type": "bite",
        "cooldown": 15,
        "no_infection_chance": 18,
        "//": "strong jaws",
        "damage_max_instance": [ { "damage_type": "bash", "amount": 20, "armor_multiplier": 0.75 } ],
        "effects": [ { "id": "infection_minor", "duration": 5200 } ]
      }
    ],
    "anger_triggers": [ "HURT", "PLAYER_NEAR_BABY" ],
    "fear_triggers": [ "SOUND" ],
    "placate_triggers": [ "MEAT" ]
  },
  {
    "id": "mon_bear_pk",
    "type": "MONSTER",
    "name": "bear",
    "copy-from": "mon_bear",
    "description": "The American black bear.  A large omnivorous scavenger, it has powerful claws and jaws, and is an effective ambush hunter.  It can pose a considerable threat, although most individuals are shy around humans.  This one is confident in its stride.",
    "hp": 165,
    "speed": 160,
    "aggression": -10,
    "morale": 65,
    "melee_skill": 6,
    "melee_dice": 2,
    "melee_dice_sides": 16,
    "melee_cut": 8,
    "dodge": 3,
    "armor_bash": 1,
    "armor_cut": 3,
    "vision_day": 30,
    "vision_night": 15
  },
  {
    "id": "mon_bear_weak",
    "type": "MONSTER",
    "name": "bear",
    "copy-from": "mon_bear",
    "description": "The American black bear.  A large omnivorous scavenger, it has powerful claws and jaws, and is an effective ambush hunter.  It can pose a considerable threat, although most individuals are shy around humans.  This one has mottled fur and desperate, hungry eyes.",
    "hp": 120,
    "speed": 140,
    "aggression": -6,
    "morale": 30,
    "melee_skill": 6,
    "melee_dice": 4,
    "melee_dice_sides": 6,
    "melee_cut": 4,
    "dodge": 2,
    "armor_bash": 1,
    "armor_cut": 3,
    "vision_day": 25,
    "vision_night": 10,
    "anger_triggers": [ "HURT", "PLAYER_NEAR_BABY", "PLAYER_WEAK" ]
  },
  {
    "id": "mon_cougar",
    "type": "MONSTER",
    "copy-from": "mon_cougar",
    "diff": 20,
    "hp": 80,
    "speed": 190,
    "aggression": 0,
    "morale": 40,
    "melee_dice": 2,
    "melee_dice_sides": 6,
    "melee_cut": 8,
    "dodge": 6,
    "vision_day": 40,
    "vision_night": 15,
    "path_settings": { "max_dist": 40 },
    "special_attacks": [ [ "scratch", 50 ], { "type": "leap", "cooldown": 5, "max_range": 5 }, [ "LUNGE", 40 ] ]
  },
  {
    "id": "mon_cougar_pk",
    "type": "MONSTER",
    "name": "cougar",
    "copy-from": "mon_cougar",
    "description": "The Eastern cougar, a large feline predator.  Once thought extinct in this region, conservation efforts were successful in restoring a thriving population.  This specimen is brimming with vigor.",
    "hp": 125,
    "speed": 205,
    "aggression": 0,
    "morale": 60,
    "melee_skill": 8,
    "melee_dice": 2,
    "melee_dice_sides": 8,
    "melee_cut": 8,
    "dodge": 6,
    "armor_bash": 2,
    "armor_cut": 3,
    "vision_day": 40,
    "vision_night": 20,
    "special_attacks": [ [ "LUNGE", 30 ], [ "scratch", 40 ], { "type": "leap", "cooldown": 5, "max_range": 5 } ],
    "anger_triggers": [ "STALK", "PLAYER_WEAK", "HURT", "PLAYER_CLOSE", "FRIEND_ATTACKED" ],
    "fear_triggers": [ "SOUND" ],
    "placate_triggers": [ "MEAT" ]
  },
  {
    "id": "mon_cougar_weak",
    "type": "MONSTER",
    "name": "cougar",
    "copy-from": "mon_cougar",
    "description": "The Eastern cougar, a large feline predator.  Once thought extinct in this region, conservation efforts were successful in restoring a thriving population.  Its eyes have a cloudy glaze to them.",
    "hp": 60,
    "speed": 180,
    "aggression": 0,
    "morale": 40,
    "melee_skill": 6,
    "melee_dice": 2,
    "melee_dice_sides": 4,
    "melee_cut": 6,
    "dodge": 7,
    "armor_bash": 1,
    "armor_cut": 0,
    "vision_day": 40,
    "vision_night": 10,
    "special_attacks": [ [ "LUNGE", 50 ], [ "scratch", 60 ], { "type": "leap", "cooldown": 5, "max_range": 5 } ],
    "anger_triggers": [ "STALK", "PLAYER_WEAK", "PLAYER_CLOSE", "FRIEND_ATTACKED" ],
    "fear_triggers": [ "SOUND" ],
    "placate_triggers": [ "MEAT", "SOUND" ]
  },
  {
    "id": "mon_dog",
    "type": "MONSTER",
    "copy-from": "mon_dog",
    "hp": 35,
    "speed": 170,
    "aggression": -10,
    "morale": 15,
    "melee_skill": 4,
    "melee_dice": 2,
    "melee_dice_sides": 3,
    "melee_cut": 3,
    "dodge": 3,
    "armor_bash": 0,
    "armor_cut": 0,
    "vision_day": 45,
    "vision_night": 5,
    "path_settings": { "max_dist": 25 },
    "flags": [
      "SEES",
      "HEARS",
      "SMELLS",
      "ANIMAL",
      "PATH_AVOID_DANGER_1",
      "WARM",
      "HIT_AND_RUN",
      "KEENNOSE",
      "BLEED",
      "GROUP_MORALE"
    ],
    "anger_triggers": [ "HURT", "FRIEND_ATTACKED", "FRIEND_DIED", "PLAYER_WEAK" ],
    "placate_triggers": [ "MEAT", "SOUND" ]
  },
  {
    "id": "mon_dog_large",
    "type": "MONSTER",
    "name": "large dog",
    "copy-from": "mon_dog",
    "description": "A large feral dog, with an equally impressive maw coated with stray saliva.",
    "diff": 14,
    "size": "MEDIUM",
    "hp": 60,
    "speed": 140,
    "symbol": "D",
    "color": "ltgray",
    "aggression": -5,
    "morale": 25,
    "melee_skill": 4,
    "melee_dice": 2,
    "melee_dice_sides": 4,
    "melee_cut": 4,
    "dodge": 3,
    "armor_bash": 0,
    "armor_cut": 0,
    "vision_day": 40,
    "vision_night": 5,
    "path_settings": { "max_dist": 25 },
    "special_attacks": [ [ "wound_minor", 60 ], { "type": "bite", "cooldown": 20, "min_mul": 0.4, "no_infection_chance": 15 } ],
    "anger_triggers": [ "STALK", "HURT", "FRIEND_ATTACKED", "PLAYER_WEAK" ],
    "fear_triggers": [ "FRIEND_DIED" ],
    "placate_triggers": [ "MEAT", "SOUND" ],
    "flags": [ "SEES", "HEARS", "SMELLS", "ANIMAL", "PATH_AVOID_DANGER_1", "WARM", "KEENNOSE", "BLEED", "GROUP_MORALE" ]
  },
  {
    "id": "mon_moose",
    "type": "MONSTER",
    "copy-from": "mon_moose",
    "diff": 15,
    "hp": 170,
    "speed": 200,
    "aggression": -15,
    "morale": 80,
    "melee_skill": 6,
    "melee_dice": 2,
    "melee_dice_sides": 6,
    "melee_cut": 2,
    "melee_damage": [ { "damage_type": "bash", "amount": 6 }, { "damage_type": "stab", "amount": 2 } ],
    "dodge": 1,
    "armor_bash": 4,
    "armor_cut": 1,
    "armor_acid": 2,
    "path_settings": { "max_dist": 25 },
    "special_attacks": [ [ "SMASH", 50 ] ],
    "anger_triggers": [ "HURT", "MATING_SEASON", "FRIEND_ATTACKED" ],
    "placate_triggers": [ "PLAYER_WEAK" ],
    "flags": [ "SEES", "HEARS", "SMELLS", "PATH_AVOID_DANGER_1", "ANIMAL", "BASHES", "WARM", "BLEED", "ATTACKMON" ]
  },
  {
    "id": "mon_moose_pk",
    "type": "MONSTER",
    "name": "moose",
    "copy-from": "mon_moose",
    "description": "The Eastern moose, the largest living species of deer.  The bulls are quite ill-tempered, especially in the rutting season.  Its fur sheens with majesty.",
    "diff": 22,
    "hp": 190,
    "speed": 200,
    "aggression": -15,
    "morale": 80,
    "melee_skill": 7,
    "melee_dice": 2,
    "melee_dice_sides": 8,
    "melee_cut": 3,
    "melee_damage": [ { "damage_type": "bash", "amount": 12 }, { "damage_type": "stab", "amount": 3 } ],
    "dodge": 2,
    "armor_bash": 5,
    "armor_cut": 2,
    "armor_acid": 2,
    "vision_day": 40,
    "vision_night": 8,
    "special_attacks": [ [ "SMASH", 50 ] ],
    "anger_triggers": [ "HURT", "MATING_SEASON", "FRIEND_ATTACKED" ],
    "fear_triggers": [ "SOUND" ],
    "placate_triggers": [ "PLAYER_WEAK" ],
    "flags": [ "SEES", "HEARS", "SMELLS", "PATH_AVOID_DANGER_1", "ANIMAL", "BASHES", "WARM", "BLEED", "ATTACKMON" ]
  },
  {
    "id": "mon_moose_weak",
    "type": "MONSTER",
    "name": "moose",
    "copy-from": "mon_moose",
    "description": "The Eastern moose, the largest living species of deer.  The bulls are quite ill-tempered, especially in the rutting season.  This one is clearly not the aplha bull.",
    "hp": 140,
    "speed": 170,
    "aggression": -15,
    "morale": 70,
    "melee_skill": 5,
    "melee_dice": 2,
    "melee_dice_sides": 5,
    "melee_cut": 2,
    "melee_damage": [ { "damage_type": "bash", "amount": 5 }, { "damage_type": "stab", "amount": 2 } ],
    "dodge": 1,
    "armor_bash": 3,
    "armor_cut": 1,
    "armor_acid": 2,
    "vision_day": 40,
    "vision_night": 7,
    "special_attacks": [ [ "SMASH", 90 ] ],
    "anger_triggers": [ "HURT", "MATING_SEASON", "FRIEND_ATTACKED" ],
    "fear_triggers": [ "HURT" ],
    "placate_triggers": [ "PLAYER_WEAK" ],
    "flags": [ "SEES", "HEARS", "SMELLS", "PATH_AVOID_DANGER_1", "ANIMAL", "BASHES", "WARM", "BLEED", "ATTACKMON" ]
  },
  {
    "id": "mon_wolf",
    "type": "MONSTER",
    "copy-from": "mon_wolf",
    "diff": 15,
    "hp": 55,
    "speed": 165,
    "aggression": -1,
    "morale": 25,
    "melee_skill": 7,
    "melee_dice": 2,
    "melee_dice_sides": 2,
    "melee_damage": [ { "damage_type": "stab", "amount": 3 } ],
    "melee_cut": 5,
    "dodge": 4,
    "armor_bash": 2,
    "vision_day": 40,
    "vision_night": 7,
    "path_settings": { "max_dist": 30 },
    "special_attacks": [
      [ "wound_minor", 40 ],
      { "type": "bite", "cooldown": 7, "min_mul": 0.5, "no_infection_chance": 18, "//": "strong jaws" }
    ],
    "biosignature": { "biosig_item": "feces_dog", "biosig_timer": 6 },
    "anger_triggers": [ "STALK", "FRIEND_DIED", "PLAYER_WEAK", "PLAYER_CLOSE" ],
    "placate_triggers": [ "MEAT", "FRIEND_ATTACKED" ]
  },
  {
    "id": "mon_coyote",
    "type": "MONSTER",
    "copy-from": "mon_coyote",
    "hp": 28,
    "upgrades": { "half_life": 17, "into": "mon_coyote_small" },
    "biosignature": { "biosig_item": "feces_dog", "biosig_timer": 6 }
  },
  {
    "id": "mon_skunk",
    "type": "MONSTER",
    "name": "skunk",
    "description": "A small mammal with white stipped black fur that feeds on insects and fruit, roots, and seeds.   Known to spray a foul smelling liquid if disturbed.",
    "default_faction": "small_animal",
    "categories": [ "WILDLIFE" ],
    "species": [ "MAMMAL" ],
    "diff": 5,
    "size": "TINY",
    "harvest": "mammal_small_fur",
    "hp": 12,
    "speed": 85,
    "material": [ "flesh" ],
    "symbol": "r",
    "color": "dark_gray",
    "aggression": -10,
    "morale": 20,
    "melee_skill": 2,
    "melee_dice": 1,
    "melee_dice_sides": 2,
    "melee_damage": [ { "damage_type": "stab", "amount": 1 } ],
    "melee_cut": 2,
    "dodge": 2,
    "vision_day": 35,
    "vision_night": 3,
    "attack_effs": [ { "id": "skunk_spray", "duration": 12000 } ],
    "anger_triggers": [ "FRIEND_DIED", "HURT" ],
    "fear_triggers": [ "PLAYER_CLOSE", "FRIEND_ATTACKED" ],
    "death_function": [ "NORMAL" ],
    "flags": [ "SEES", "HEARS", "SMELLS", "ANIMAL", "PATH_AVOID_DANGER_1", "WARM", "KEENNOSE", "BLEED" ]
  },
  {
    "id": "mon_goat",
    "type": "MONSTER",
    "name": "goat",
    "copy-from": "mon_moose",
    "description": "A shaggy haired mammal with a clumsy grace and quiet nature.  Its grayish white hair is motley in appearance and its horns are more for rutting and courtship purposes than defense.",
    "default_faction": "herbivore",
    "categories": [ "WILDLIFE" ],
    "species": [ "MAMMAL" ],
    "diff": 8,
    "size": "MEDIUM",
    "hp": 65,
    "speed": 105,
    "material": [ "flesh" ],
    "harvest": "mammal_large_wool",
    "symbol": "g",
    "color": "ltgray",
    "aggression": 0,
    "morale": 5,
    "melee_skill": 3,
    "melee_dice": 2,
    "melee_dice_sides": 5,
    "melee_cut": 3,
    "dodge": 2,
    "armor_bash": 2,
    "armor_cut": 0,
    "path_settings": { "max_dist": 40 },
    "special_attacks": [ [ "wound_minor", 30 ], [ "hammer", 40 ], { "type": "leap", "cooldown": 15, "max_range": 2 } ],
    "anger_triggers": [ "HURT", "STALK", "FRIEND_DIED" ],
    "fear_triggers": [ "SOUND", "FRIEND_ATTACKED" ],
    "placate_triggers": [ "PLAYER_WEAK" ],
    "death_function": [ "NORMAL" ],
    "flags": [ "SEES", "HEARS", "SMELLS", "ANIMAL", "PATH_AVOID_DANGER_1", "WARM", "BLEED" ]
  },
  {
    "id": "mon_robin",
    "type": "MONSTER",
    "copy-from": "tiny_bird",
    "name": "robin",
    "description": "A red robin, chirping away.  Its feathers make it stand out, though it is ignored by the undead.",
    "speed": 145,
    "color": "red",
    "aggression": -99,
    "fear_triggers": [ "SOUND" ],
    "flags": [ "SEES", "HEARS", "SMELLS", "ANIMAL", "PATH_AVOID_DANGER_1", "WARM", "FLIES" ]
  },
  {
    "id": "mon_bjay",
    "type": "MONSTER",
    "copy-from": "tiny_bird",
    "name": "blue jay",
    "description": "A protective blue jay, chirping away.  Its feathers make it stand out, though it is ignored by the undead.",
    "speed": 145,
    "color": "ltblue",
    "aggression": -20,
    "flags": [ "SEES", "HEARS", "SMELLS", "ANIMAL", "PATH_AVOID_DANGER_1", "WARM", "FLIES", "HARDTOSHOOT", "HIT_AND_RUN" ]
  },
  {
    "id": "mon_pidgeon",
    "type": "MONSTER",
    "copy-from": "tiny_bird",
    "name": "pigeon",
    "description": "A bobbing, gray-speckled pigeon, scavenging off the decaying cities as they did the living ones before the apocalypse.",
    "speed": 125,
    "color": "ltgray",
    "aggression": -25,
    "flags": [ "SEES", "HEARS", "SMELLS", "ANIMAL", "PATH_AVOID_DANGER_1", "WARM", "FLIES", "SWARMS" ]
  },
  {
    "id": "mon_gull",
    "type": "MONSTER",
    "copy-from": "tiny_bird",
    "name": "sea gull",
    "description": "A common sea gull, with white and grey plummage and a blunt yellow beak.  Its ancestors migrated inland as dumpsters containing edible food became common.  Before the apocolypse, many people found delight in feeding these creatures bread, rice, and ocassionally potatoe sticks.",
    "speed": 130,
    "symbol": "b",
    "color": "white",
    "vision_day": 35,
    "fear_triggers": [ "PLAYER_CLOSE", "FRIEND_DIED" ],
    "flags": [ "SEES", "HEARS", "SMELLS", "ANIMAL", "PATH_AVOID_DANGER_1", "WARM", "FLIES" ]
  },
  {
    "id": "mon_bear_mega",
    "type": "MONSTER",
    "name": "elephant bear",
    "description": "An absolutely enormous bear-like creature, with paws larger than your head.  A dedicated omnivore, it can sometimes decide to scavenge or attack smaller animals; relying upon its thick hide to keep it safe.",
    "default_faction": "bear",
    "categories": [ "WILDLIFE" ],
    "species": [ "MAMMAL" ],
    "diff": 28,
    "size": "HUGE",
    "hp": 320,
    "speed": 140,
    "material": [ "flesh" ],
    "harvest": "mammal_large_fur",
    "symbol": "B",
    "color": "brown_white",
    "aggression": -10,
    "morale": 80,
    "melee_skill": 6,
    "melee_dice": 2,
    "melee_dice_sides": 10,
    "melee_damage": [ { "damage_type": "bash", "amount": 16 } ],
    "melee_cut": 6,
    "dodge": 5,
    "attack_effs": [
      { "id": "rad_tenths", "duration": 10 },
      { "id": "rad_tenths", "duration": 10 },
      { "id": "rad_tenths", "duration": 60 }
    ],
    "armor_bash": 14,
    "armor_cut": 6,
    "vision_day": 35,
    "vision_night": 10,
    "special_attacks": [
      [ "FLESH_GOLEM", 20 ],
      { "type": "bite", "cooldown": 30, "accuracy": 7, "no_infection_chance": 18 },
      {
        "id": "hammer",
        "cooldown": 30,
        "damage_max_instance": [
          { "damage_type": "cut", "amount": 12, "armor_multiplier": 0.8 },
          { "damage_type": "bash", "amount": 28, "armor_multiplier": 0.8 }
        ]
      },
      {
        "id": "slash",
        "cooldown": 30,
        "damage_max_instance": [
          { "damage_type": "cut", "amount": 12, "armor_multiplier": 0.8 },
          { "damage_type": "bash", "amount": 28, "armor_multiplier": 0.8 }
        ]
      }
    ],
    "anger_triggers": [ "PLAYER_CLOSE", "PLAYER_WEAK", "FRIEND_ATTACKED" ],
    "fear_triggers": [ "HURT", "FRIEND_DIED" ],
    "placate_triggers": [ "MEAT" ],
    "death_function": [ "NORMAL" ],
    "flags": [
      "SEES",
      "HEARS",
      "SMELLS",
      "KEENNOSE",
      "PATH_AVOID_DANGER_1",
      "ANIMAL",
      "WARM",
      "BLEED",
      "BASHES",
      "DESTROYS",
      "PUSH_MON"
    ]
  },
  {
    "id": "mon_bear_mega_mating",
    "type": "MONSTER",
    "name": "elephant bear",
    "description": "It appears that its megabear mating season.  It's probably best not to disturb them.  Or get anywhere close them.",
    "default_faction": "bear_mating",
    "categories": [ "WILDLIFE" ],
    "species": [ "MAMMAL" ],
    "diff": 30,
    "size": "HUGE",
    "hp": 320,
    "speed": 135,
    "material": [ "flesh" ],
    "harvest": "mammal_large_fur",
    "symbol": "B",
    "color": "brown_white",
    "aggression": -10,
    "morale": 120,
    "melee_skill": 6,
    "melee_dice": 2,
    "melee_dice_sides": 18,
    "melee_damage": [ { "damage_type": "bash", "amount": 8 } ],
    "melee_cut": 4,
    "dodge": 3,
    "attack_effs": [
      { "id": "rad_tenths", "duration": 10 },
      { "id": "rad_tenths", "duration": 10 },
      { "id": "rad_tenths", "duration": 60 }
    ],
    "armor_bash": 14,
    "armor_cut": 6,
    "vision_day": 30,
    "vision_night": 10,
    "special_attacks": [
      [ "FLESH_GOLEM", 20 ],
      [ "SMASH", 60 ],
      { "type": "bite", "cooldown": 30, "accuracy": 8, "no_infection_chance": 18 },
      {
        "id": "hammer",
        "cooldown": 30,
        "damage_max_instance": [
          { "damage_type": "cut", "amount": 12, "armor_multiplier": 0.8 },
          { "damage_type": "bash", "amount": 28, "armor_multiplier": 0.8 }
        ]
      },
      {
        "id": "slash",
        "cooldown": 30,
        "damage_max_instance": [
          { "damage_type": "cut", "amount": 12, "armor_multiplier": 0.75 },
          { "damage_type": "bash", "amount": 28, "armor_multiplier": 0.75 }
        ]
      }
    ],
    "anger_triggers": [ "PLAYER_CLOSE", "PLAYER_WEAK", "SOUND", "STALK", "FIRE", "FRIEND_ATTACKED" ],
    "fear_triggers": [ "HURT", "FIRE" ],
    "placate_triggers": [ "MEAT" ],
    "death_function": [ "NORMAL" ],
    "flags": [ "SEES", "HEARS", "SMELLS", "ANIMAL", "WARM", "BLEED", "BASHES", "DESTROYS", "ATTACKMON", "SWARMS" ]
  },
  {
    "id": "mon_bear_mega_kid",
    "type": "MONSTER",
    "name": "juvenile elephant bear",
    "description": "This young megabear hasn't yet developed the muscle or size of the adults, but it would be mistake to think it was weak.  It may still be under its mother's protection.",
    "default_faction": "bear",
    "categories": [ "WILDLIFE" ],
    "species": [ "MAMMAL" ],
    "diff": 20,
    "size": "LARGE",
    "hp": 240,
    "speed": 120,
    "material": [ "flesh" ],
    "symbol": "B",
    "color": "brown_white",
    "aggression": -15,
    "morale": 60,
    "melee_skill": 4,
    "melee_dice": 2,
    "melee_dice_sides": 8,
    "melee_damage": [ { "damage_type": "bash", "amount": 12 } ],
    "melee_cut": 6,
    "dodge": 3,
    "attack_effs": [
      { "id": "rad_tenths", "duration": 10 },
      { "id": "rad_tenths", "duration": 10 },
      { "id": "rad_tenths", "duration": 60 }
    ],
    "armor_bash": 10,
    "armor_cut": 6,
    "vision_day": 30,
    "vision_night": 7,
    "special_attacks": [
      [ "hammer", 30 ],
      { "type": "bite", "cooldown": 20, "accuracy": 6, "no_infection_chance": 18 },
      {
        "id": "slash",
        "cooldown": 30,
        "damage_max_instance": [
          { "damage_type": "cut", "amount": 10, "armor_multiplier": 0.8 },
          { "damage_type": "bash", "amount": 20, "armor_multiplier": 0.8 }
        ]
      }
    ],
    "anger_triggers": [ "PLAYER_CLOSE", "PLAYER_WEAK", "FRIEND_ATTACKED", "FIRE" ],
    "fear_triggers": [ "HURT", "FRIEND_DIED", "FIRE" ],
    "placate_triggers": [ "MEAT" ],
    "death_function": [ "NORMAL" ],
    "harvest": "megabear_head",
    "flags": [
      "SEES",
      "HEARS",
      "SMELLS",
      "KEENNOSE",
      "PATH_AVOID_DANGER_1",
      "ANIMAL",
      "WARM",
      "BLEED",
      "BASHES",
      "PUSH_MON",
      "SWARMS",
      "GROUP_MORALE"
    ]
  },
  {
    "id": "mon_bear_mega_baby",
    "type": "MONSTER",
    "copy-from": "mon_bear_cub",
    "name": "elephant bear cub",
    "description": "A very young elephant bear, still too uncoordinated to walk proficently.  With large eyes and bleating cries, this is the cutest car-sized thing that ever would eat you.",
    "default_faction": "bear",
    "categories": [ "WILDLIFE" ],
    "species": [ "MAMMAL" ],
    "diff": 16,
    "size": "LARGE",
    "hp": 180,
    "speed": 110,
    "material": [ "flesh" ],
    "harvest": "mammal_large_fur",
    "symbol": "B",
    "color": "brown_white",
    "aggression": -15,
    "morale": 60,
    "melee_skill": 4,
    "melee_dice": 1,
    "melee_dice_sides": 16,
    "melee_damage": [ { "damage_type": "bash", "amount": 6 } ],
    "melee_cut": 4,
    "dodge": 2,
    "attack_effs": [
      { "id": "rad_tenths", "duration": 10 },
      { "id": "rad_tenths", "duration": 10 },
      { "id": "rad_tenths", "duration": 60 }
    ],
    "armor_bash": 10,
    "armor_cut": 6,
    "vision_day": 30,
    "vision_night": 7,
    "special_attacks": [ { "type": "bite", "cooldown": 20, "accuracy": 5, "no_infection_chance": 18 } ],
    "anger_triggers": [ "PLAYER_WEAK", "FRIEND_ATTACKED", "FIRE" ],
    "fear_triggers": [ "HURT", "FRIEND_DIED", "FIRE", "PLAYER_CLOSE" ],
    "placate_triggers": [ "MEAT", "FRIEND_ATTACKED" ],
    "death_function": [ "NORMAL" ],
    "flags": [ "SEES", "HEARS", "SMELLS", "ANIMAL", "WARM", "BLEED", "BASHES", "PUSH_MON", "SWARMS", "GROUP_MORALE", "STUMBLES" ]
  },
  {
    "id": "mon_coyote_small",
    "type": "MONSTER",
    "copy-from": "mon_coyote",
    "name": "dwarf coyote",
    "description": "The downward pressure on the canines has produced smaller and more agile versions.  These live in social communities and can be usually seen tenaciously hunting for moles; dragging them out of their tunnels with paws and elongated teeth.  It has also been known to aggressively raid campgrounds.",
    "default_faction": "small_animal",
    "categories": [ "WILDLIFE" ],
    "species": [ "MAMMAL" ],
    "diff": 12,
    "size": "SMALL",
    "hp": 22,
    "speed": 150,
    "material": [ "flesh" ],
    "symbol": "d",
    "color": "brown",
    "aggression": -2,
    "morale": 12,
    "melee_skill": 6,
    "melee_dice": 1,
    "melee_dice_sides": 3,
    "melee_damage": [ { "damage_type": "stab", "amount": 3 } ],
    "melee_cut": 4,
    "dodge": 6,
    "attack_effs": [ { "id": "rad_tenths", "duration": 10 }, { "id": "rad_tenths", "duration": 15 } ],
    "armor_bash": 1,
    "vision_day": 40,
    "vision_night": 5,
    "path_settings": { "max_dist": 30 },
    "special_attacks": [ [ "GRAB", 40 ], { "type": "bite", "cooldown": 30, "accuracy": 9, "no_infection_chance": 12 } ],
    "anger_triggers": [ "FRIEND_ATTACKED", "PLAYER_WEAK", "MEAT", "FIRE" ],
    "fear_triggers": [ "HURT", "PLAYER_CLOSE", "FRIEND_DIED", "SOUND" ],
    "death_function": [ "NORMAL" ],
    "biosignature": { "biosig_item": "feces_dog", "biosig_timer": 6 },
    "flags": [
      "SEES",
      "HEARS",
      "SMELLS",
      "PATH_AVOID_DANGER_1",
      "ANIMAL",
      "WARM",
      "HIT_AND_RUN",
      "KEENNOSE",
      "BLEED",
      "SWARMS",
      "GROUP_MORALE"
    ]
  },
  {
    "id": "mon_pig_saber",
    "type": "MONSTER",
    "copy-from": "mon_pig",
    "name": "sabertooth pig",
    "description": "A feral swine that has grown in large, oversized teeth sticking out of its mouth; with which to sink into slender prey.  Such as the elongated limbs of humans, or those of the burrowing giant spider.  Copious amounts of fatty flesh line it muscular body, granting an imposing presence for something that hardly reaches up to your naval in height.",
    "default_faction": "pig",
    "categories": [ "WILDLIFE" ],
    "species": [ "MAMMAL" ],
    "diff": 16,
    "size": "MEDIUM",
    "hp": 70,
    "speed": 130,
    "material": [ "flesh" ],
    "symbol": "p",
    "color": "ltred",
    "aggression": -1,
    "morale": 75,
    "melee_skill": 4,
    "melee_dice": 1,
    "melee_dice_sides": 12,
    "melee_cut": 2,
    "melee_damage": [ { "damage_type": "stab", "amount": 6 } ],
    "dodge": 2,
    "attack_effs": [ { "id": "rad_tenths", "duration": 5 }, { "id": "rad_tenths", "duration": 15 } ],
    "armor_bash": 5,
    "armor_cut": 1,
    "vision_day": 35,
    "vision_night": 10,
    "path_settings": { "max_dist": 20 },
    "special_attacks": [
      [ "hammer", 60 ],
      { "type": "bite", "cooldown": 25, "min_mul": 0.5, "no_infection_chance": 18 },
      {
        "id": "slash",
        "cooldown": 40,
        "damage_max_instance": [ { "damage_type": "stab", "amount": 16, "armor_multiplier": 0.85 } ]
      }
    ],
    "death_function": [ "NORMAL" ],
    "biosignature": { "biosig_item": "feces_manure", "biosig_timer": 12 },
    "flags": [ "SEES", "HEARS", "SMELLS", "KEENNOSE", "ANIMAL", "PATH_AVOID_DANGER_1", "WARM", "BLEED" ],
    "anger_triggers": [ "PLAYER_WEAK", "STALK", "PLAYER_CLOSE" ],
    "fear_triggers": [ "SOUND", "HURT", "FIRE" ],
    "placate_triggers": [ "MEAT", "FRIEND_ATTACKED" ]
  },
  {
    "id": "mon_mole_large",
    "type": "MONSTER",
    "name": "large mole",
    "description": "A rather large if mundane looking mole, tunneling around in search of roots and small insects to eat.  Though known for undermining foundation, this cat-sized mole is of no real threat to a human.",
    "default_faction": "mole",
    "categories": [ "WILDLIFE" ],
    "species": [ "MAMMAL" ],
    "diff": 8,
    "size": "SMALL",
    "harvest": "mammal_small_fur",
    "hp": 12,
    "speed": 80,
    "material": [ "flesh" ],
    "symbol": "e",
    "color": "brown",
    "aggression": 10,
    "morale": 15,
    "melee_skill": 3,
    "melee_dice": 1,
    "melee_dice_sides": 4,
    "melee_damage": [ { "damage_type": "stab", "amount": 2 } ],
    "melee_cut": 1,
    "dodge": 1,
    "attack_effs": [ { "id": "rad_tenths", "duration": 10 } ],
    "vision_day": 20,
    "vision_night": 7,
    "anger_triggers": [ "FRIEND_ATTACKED", "PLAYER_WEAK" ],
    "fear_triggers": [ "HURT", "SOUND", "FIRE" ],
    "death_function": [ "NORMAL" ],
    "biosignature": { "biosig_item": "feces_manure", "biosig_timer": 15 },
    "flags": [ "SEES", "HEARS", "PATH_AVOID_DANGER_1", "ANIMAL", "WARM", "KEENNOSE", "BLEED", "SWARMS", "GROUP_MORALE", "CAN_DIG" ]
  },
  {
    "id": "mon_deer_small",
    "type": "MONSTER",
    "copy-from": "mon_deer",
    "name": "pocket deer",
    "description": "A skittish grazing herbivore the size of a medium dog.  Quick, hooved, and descended from its full-grown ancestors, the pocket deer is a favored prey for the creatures that have survived extinction.  A pair of antlers sit atop its head.",
    "default_faction": "wildlife",
    "categories": [ "WILDLIFE" ],
    "species": [ "MAMMAL" ],
    "diff": 1,
    "size": "MEDIUM",
    "hp": 35,
    "speed": 280,
    "material": [ "flesh" ],
    "symbol": "D",
    "color": "brown",
    "aggression": -20,
    "morale": 25,
    "melee_skill": 4,
    "melee_dice": 3,
    "melee_dice_sides": 4,
    "melee_cut": 6,
    "dodge": 4,
    "attack_effs": [ { "id": "rad_tenths", "duration": 20 } ],
    "vision_night": 20,
    "path_settings": { "max_dist": 12 },
    "fear_triggers": [ "SOUND", "PLAYER_CLOSE" ],
    "anger_triggers": [ "PLAYER_NEAR_BABY" ],
    "death_function": [ "NORMAL" ],
    "flags": [ "SEES", "HEARS", "SMELLS", "ANIMAL", "PATH_AVOID_DANGER_1", "WARM" ]
  },
  {
    "id": "mon_deer_rutting",
    "type": "MONSTER",
    "copy-from": "mon_deer",
    "name": "pocket deer",
    "description": "Unlike others of its kind, this deer is attempting to attract a mate and secure it with a display of courtship.  Which can include picking fights and clearing areas of threats.",
    "default_faction": "wildlife",
    "categories": [ "WILDLIFE" ],
    "species": [ "MAMMAL" ],
    "diff": 1,
    "size": "MEDIUM",
    "hp": 35,
    "speed": 280,
    "material": [ "flesh" ],
    "symbol": "D",
    "color": "brown",
    "aggression": 0,
    "morale": 50,
    "melee_skill": 4,
    "melee_dice": 3,
    "melee_dice_sides": 4,
    "melee_cut": 6,
    "melee_damage": [ { "damage_type": "stab", "amount": 4 } ],
    "dodge": 3,
    "attack_effs": [ { "id": "rad_tenths", "duration": 20 } ],
    "vision_night": 20,
    "path_settings": { "max_dist": 12 },
    "anger_triggers": [ "FRIEND_ATTACKED", "PLAYER_CLOSE", "PLAYER_NEAR_BABY" ],
    "fear_triggers": [ "FRIEND_DIED" ],
    "placate_triggers": [ "SOUND" ],
    "death_function": [ "NORMAL" ],
    "flags": [ "SEES", "HEARS", "SMELLS", "ANIMAL", "PATH_AVOID_DANGER_1", "WARM" ]
  }
]
