[
  {
    "id": "mon_zombie_dog",
    "type": "MONSTER",
    "copy-from": "mon_zombie_dog",
    "burn_into": "mon_zanimal_scorched",
    "upgrades": { "half_life": 11, "into": "mon_zombie_dog_pk" }
  },
  {
    "id": "mon_dog_zombie_cop",
    "type": "MONSTER",
    "copy-from": "mon_dog_zombie_cop",
    "burn_into": "mon_zanimal_scorched",
    "upgrades": { "half_life": 19, "into": "mon_dog_zombie_cop_pk" }
  },
  {
    "id": "mon_dog_zombie_rot",
    "type": "MONSTER",
    "copy-from": "mon_dog_zombie_rot",
    "burn_into": "mon_zolf_scorched",
    "speed": 95,
    "melee_skill": 2,
    "melee_dice": 1,
    "melee_dice_sides": 4,
    "melee_cut": 4,
    "dodge": 1,
    "attack_effs": [ { "id": "rad_tenths", "duration": 15 }, { "id": "rad_tenths", "duration": 20 } ],
    "special_attacks": [
      [ "wound_minor", 20 ],
      { "type": "bite", "cooldown": 2, "accuracy": 4 },
      {
        "id": "diseased swipe",
        "cooldown": 12,
        "accuracy": 3,
        "damage_max_instance": [
          { "damage_type": "bash", "amount": 4, "armor_multiplier": 0.85 },
          { "damage_type": "cut", "amount": 5, "armor_multiplier": 0.85 }
        ]
      }
    ],
    "upgrades": { "half_life": 21, "into": "mon_dog_zombie_cop_pk" }
  },
  {
    "id": "mon_dog_zombie_rot_worms",
    "type": "MONSTER",
    "copy-from": "mon_dog_zombie_rot",
    "special_attacks": [
      { "type": "bite", "cooldown": 2, "accuracy": 4, "no_infection_chance": 12 },
      {
        "id": "diseased swipe",
        "cooldown": 12,
        "accuracy": 3,
        "damage_max_instance": [
          { "damage_type": "bash", "amount": 4, "armor_multiplier": 0.85 },
          { "damage_type": "cut", "amount": 5, "armor_multiplier": 0.85 }
        ],
        "effects": [ { "id": "nausea", "duration": 660 }, { "id": "tapeworm", "duration": 446400, "chance": 35 } ]
      }
    ]
  },
  {
    "id": "mon_dog_zombie_rot_pain",
    "type": "MONSTER",
    "copy-from": "mon_dog_zombie_rot",
    "special_attacks": [
      { "type": "bite", "cooldown": 2, "accuracy": 4, "no_infection_chance": 12 },
      {
        "id": "diseased swipe",
        "cooldown": 12,
        "accuracy": 3,
        "damage_max_instance": [
          { "damage_type": "bash", "amount": 4, "armor_multiplier": 0.85 },
          { "damage_type": "cut", "amount": 5, "armor_multiplier": 0.85 }
        ],
        "effects": [ { "id": "nausea", "duration": 660 }, { "id": "paincysts", "duration": 446400, "chance": 35 } ]
      }
    ]
  },
  {
    "id": "mon_dog_skeleton",
    "type": "MONSTER",
    "copy-from": "mon_dog_skeleton",
    "burn_into": "mon_zanimal_skeleton_dead",
    "upgrades": { "half_life": 35, "into": "mon_dog_skeleton_pk" },
    "effects": [ { "id": "nausea", "duration": 660 }, { "id": "flu_zed", "duration": 4400, "chance": 35 } ]
  },
  {
    "id": "mon_zombie_pig",
    "type": "MONSTER",
    "copy-from": "mon_zombie_pig",
    "emit_fields": [ "emit_flesh_slough" ],
    "burn_into": "mon_zanimal_scorched"
  },
  {
    "id": "mon_zoose",
    "type": "MONSTER",
    "copy-from": "mon_zoose",
    "hp": 230,
    "melee_skill": 4,
    "melee_dice": 3,
    "melee_dice_sides": 6,
    "melee_cut": 5,
    "armor_acid": 2,
    "emit_fields": [ "emit_flesh_slough" ],
    "special_attacks": [ [ "SMASH", 50 ] ],
    "anger_triggers": [ "HURT", "PLAYER_CLOSE", "FIRE", "FRIEND_ATTACKED" ],
    "burn_into": "mon_horse_zombie_scorched",
    "flags": [ "SEES", "HEARS", "SMELLS", "ANIMAL", "BASHES", "WARM", "BLEED", "ATTACKMON", "POISON", "NO_BREATHE", "REVIVES" ]
  },
  {
    "id": "mon_zolf",
    "type": "MONSTER",
    "copy-from": "mon_zolf",
    "hp": 65,
    "speed": 125,
    "melee_skill": 5,
    "melee_dice": 2,
    "melee_dice_sides": 5,
    "melee_cut": 4,
    "dodge": 2,
    "armor_bash": 3,
    "armor_cut": 1,
    "special_attacks": [ [ "HOWL", 20 ], { "type": "bite", "cooldown": 7, "min_mul": 0.5 } ],
    "burn_into": "mon_zolf_scorched"
  },
  {
    "id": "mon_zolf_shady",
    "type": "MONSTER",
    "copy-from": "mon_zolf",
    "name": "dark howler",
    "description": "A zombified wolf with a shady disposition.  There are dirty white fangs, but you can't make out much else.",
    "diff": 16,
    "hp": 55,
    "speed": 135,
    "color": "i_green",
    "aggression": 75,
    "melee_skill": 5,
    "melee_dice": 2,
    "melee_dice_sides": 4,
    "melee_cut": 3,
    "melee_damage": [ { "damage_type": "stab", "amount": 3 } ],
    "dodge": 4,
    "armor_bash": 3,
    "armor_cut": 1,
    "vision_day": 10,
    "vision_night": 40,
    "special_attacks": [ [ "HOWL", 20 ], [ "LUNGE", 20 ], { "type": "bite", "cooldown": 20, "min_mul": 0.7 } ],
    "death_function": [ "NORMAL" ],
    "burn_into": "mon_zolf_scorched",
    "flags": [
      "SEES",
      "HEARS",
      "GOODHEARING",
      "SMELLS",
      "KEENNOSE",
      "STUMBLES",
      "WARM",
      "BASHES",
      "POISON",
      "NO_BREATHE",
      "REVIVES",
      "SWARMS"
    ]
  },
  {
    "id": "mon_zougar",
    "type": "MONSTER",
    "copy-from": "mon_zougar",
    "hp": 130,
    "melee_dice": 2,
    "melee_dice_sides": 6,
    "melee_cut": 8,
    "dodge": 4,
    "special_attacks": [ [ "LUNGE", 40 ], { "type": "leap", "cooldown": 12, "max_range": 5 }, [ "scratch", 30 ] ],
    "burn_into": "mon_zanimal_scorched"
  },
  {
    "id": "mon_zombear",
    "type": "MONSTER",
    "copy-from": "mon_zombear",
    "melee_dice": 2,
    "melee_dice_sides": 6,
    "melee_damage": [ { "damage_type": "bash", "amount": 12 } ],
    "melee_cut": 8,
    "emit_fields": [ "emit_flesh_slough" ],
    "special_attacks": [ { "type": "bite", "cooldown": 15, "min_mul": 0.5 } ],
    "burn_into": "mon_bear_smoky_pk"
  },
  {
    "id": "mon_horse_zombie",
    "type": "MONSTER",
    "name": "zombie horse",
    "description": "This horse has a brackish liquid coating its bared teeth, as well as the occasional oozing wounds breaking the otherwise glorious sheen of its hair.  Its hooves are fearsome weapons.",
    "default_faction": "zombie",
    "species": [ "ZOMBIE" ],
    "diff": 16,
    "size": "LARGE",
    "harvest": "zombie_leather",
    "hp": 140,
    "speed": 180,
    "material": [ "flesh" ],
    "symbol": "H",
    "color": "green",
    "aggression": 70,
    "morale": 100,
    "melee_skill": 5,
    "melee_dice": 2,
    "melee_dice_sides": 7,
    "melee_damage": [ { "damage_type": "stab", "amount": 14 } ],
    "dodge": 1,
    "armor_bash": 4,
    "armor_cut": 2,
    "armor_acid": 2,
    "vision_day": 35,
    "emit_fields": [ "emit_flesh_slough" ],
    "special_attacks": [ [ "hammer", 30 ] ],
    "death_function": [ "NORMAL" ],
    "burn_into": "mon_horse_zombie_scorched",
    "flags": [
      "SEES",
      "HEARS",
      "SMELLS",
      "PATH_AVOID_DANGER_1",
      "ANIMAL",
      "WARM",
      "NO_BREATHE",
      "POISON",
      "REVIVES",
      "PUSH_MON",
      "STUMBLES",
      "BASHES"
    ],
    "fear_triggers": [ "FIRE" ],
    "placate_triggers": [ "PLAYER_WEAK" ]
  },
  {
    "id": "mon_zombie_dog_pk",
    "type": "MONSTER",
    "name": "zombie chaser",
    "description": "Its fur pulled taunt and dyed a faint green, this once-dog is now an accomplished pack hunter.",
    "default_faction": "zombie",
    "species": [ "ZOMBIE" ],
    "diff": 15,
    "size": "SMALL",
    "harvest": "zombie",
    "hp": 55,
    "speed": 110,
    "material": [ "flesh" ],
    "symbol": "d",
    "color": "green",
    "aggression": 100,
    "morale": 100,
    "melee_skill": 6,
    "melee_dice": 1,
    "melee_dice_sides": 12,
    "melee_cut": 3,
    "dodge": 2,
    "attack_effs": [ { "id": "flu_zed", "duration": 8000, "chance": 1 } ],
    "armor_bash": 1,
    "armor_cut": 1,
    "vision_day": 40,
    "vision_night": 3,
    "special_attacks": [ { "type": "bite", "cooldown": 7, "min_mul": 0.3 } ],
    "death_function": [ "NORMAL" ],
    "burn_into": "mon_dog_skeleton_pk",
    "flags": [ "SEES", "HEARS", "SMELLS", "KEENNOSE", "STUMBLES", "BLEED", "WARM", "BASHES", "POISON", "NO_BREATHE", "REVIVES" ]
  },
  {
    "id": "mon_dog_skeleton_pk",
    "type": "MONSTER",
    "name": "hell hound",
    "description": "Through its smoke you can make out a lithe, tightly wound frame.  From time to time it emits a coarse, rumbling howl that sounds like it came from the bowels of the Earth.",
    "default_faction": "zombie",
    "species": [ "ZOMBIE" ],
    "diff": 20,
    "size": "SMALL",
    "harvest": "mr_bones",
    "hp": 60,
    "speed": 110,
    "material": [ "bone" ],
    "symbol": "d",
    "color": "red",
    "aggression": 100,
    "morale": 100,
    "melee_skill": 9,
    "melee_dice": 3,
    "melee_dice_sides": 5,
    "melee_damage": [ { "damage_type": "heat", "amount": 3 } ],
    "melee_cut": 7,
    "dodge": 3,
    "attack_effs": [ { "id": "rad_tenths", "duration": 15 }, { "id": "rad_fives", "duration": 45 } ],
    "armor_bash": 4,
    "armor_cut": 12,
    "armor_stab": 24,
    "armor_acid": 4,
    "armor_fire": 15,
    "vision_day": 40,
    "vision_night": 4,
    "emit_fields": [ "emit_smoke_stream", "emit_radiation_plume" ],
    "special_attacks": [ { "type": "bite", "cooldown": 5, "min_mul": 0.6, "accuracy": 12 }, [ "SHRIEK_ALERT", 50 ], [ "SHRIEK_STUN", 1 ] ],
    "death_function": [ "NORMAL" ],
    "flags": [
      "SEES",
      "HEARS",
      "PATH_AVOID_DANGER_1",
      "NO_BREATHE",
      "HARDTOSHOOT",
      "REVIVES",
      "REVIVES_HEALTHY",
      "NO_NECRO",
      "BASHES",
      "WARM"
    ]
  },
  {
    "id": "mon_dog_zombie_cop_pk",
    "type": "MONSTER",
    "name": "zombie hunting dog",
    "description": "This engorged dog sloshes audibly as it erratically leaps after new prey.  Its rubbery body appears to both slow it down some and resist blunt trauma.",
    "default_faction": "zombie",
    "categories": [ "CLASSIC" ],
    "species": [ "ZOMBIE" ],
    "diff": 16,
    "size": "SMALL",
    "harvest": "zombie_fur",
    "hp": 50,
    "speed": 95,
    "material": [ "flesh" ],
    "symbol": "d",
    "color": "blue_cyan",
    "aggression": 100,
    "morale": 100,
    "melee_skill": 6,
    "melee_dice": 2,
    "melee_dice_sides": 7,
    "melee_damage": [ { "damage_type": "acid", "amount": 2 } ],
    "melee_cut": 2,
    "dodge": 1,
    "attack_effs": [ { "id": "rad_tenths", "duration": 10 } ],
    "armor_bash": 20,
    "armor_cut": 1,
    "armor_stab": 4,
    "vision_day": 40,
    "vision_night": 4,
    "special_attacks": [
      [ "LUNGE", 30 ],
      [ "SUICIDE", 190 ],
      { "type": "bite", "cooldown": 10, "min_multiplier": 0.5 },
      { "type": "leap", "cooldown": 18, "max_range": 3 },
      { "id": "diseased swipe", "cooldown": 12, "accuracy": 3 }
    ],
    "death_function": [ "BOOMER_GLOW" ],
    "flags": [ "SEES", "HEARS", "SMELLS", "STUMBLES", "WARM", "BASHES", "POISON", "NO_BREATHE", "REVIVES", "PUSH_MON" ]
  },
  {
    "id": "mon_bear_smoky_pk",
    "type": "MONSTER",
    "copy_from": "mon_zombear",
    "name": "smoky bear",
    "description": "A smoking husk is all that remains of this once proud bear.  Its black eyes gaze at you with malice... and hunger.",
    "default_faction": "bear",
    "categories": [ "WILDLIFE" ],
    "species": [ "ZOMBIE" ],
    "diff": 10,
    "size": "LARGE",
    "harvest": "mr_bones",
    "hp": 100,
    "speed": 90,
    "material": [ "bone" ],
    "symbol": "B",
    "color": "light_gray",
    "aggression": 100,
    "morale": 100,
    "melee_dice": 2,
    "melee_dice_sides": 11,
    "melee_cut": 9,
    "attack_effs": [ { "id": "rad_tenths", "duration": 60 } ],
    "dodge": 1,
    "armor_bash": 6,
    "armor_cut": 12,
    "armor_stab": 18,
    "vision_day": 30,
    "vision_night": 10,
    "emit_fields": [ "emit_smoke_stream" ],
    "special_attacks": [ { "type": "bite", "cooldown": 7, "min_mul": 0.5, "no_infection_chance": 3 } ],
    "death_function": [ "SMOKEBURST", "NORMAL" ],
    "flags": [
      "SEES",
      "HEARS",
      "PATH_AVOID_DANGER_1",
      "ANIMAL",
      "BASHES",
      "ATTACKMON",
      "FIREPROOF",
      "NO_BREATHE",
      "POISON",
      "REVIVES",
      "REVIVES_HEALTHY",
      "NO_NECRO"
    ],
    "anger_triggers": [ "HURT", "PLAYER_CLOSE" ],
    "placate_triggers": [ "MEAT" ]
  },
  {
    "id": "mon_zombie_child_scorched",
    "type": "MONSTER",
    "name": "zombie kinderling",
    "name_plural": "zombie kinderlings",
    "description": "A tiny, still-smoldering body, jumping and kicking and flailing around in a mockery of playground exercise.  It does not need a face for you to feel bad about killing it.",
    "default_faction": "zombie",
    "species": [ "ZOMBIE" ],
    "diff": 15,
    "size": "MEDIUM",
    "harvest": "zombie",
    "hp": 35,
    "speed": 95,
    "material": [ "flesh" ],
    "symbol": "z",
    "color": "i_brown",
    "aggression": 100,
    "morale": 100,
    "melee_skill": 2,
    "melee_dice": 2,
    "melee_dice_sides": 3,
    "melee_damage": [ { "damage_type": "heat", "amount": 1 } ],
    "melee_cut": 2,
    "dodge": 0,
    "armor_bash": 3,
    "armor_cut": 6,
    "armor_acid": 3,
    "armor_fire": 15,
    "vision_day": 25,
    "vision_night": 3,
    "special_attacks": [ [ "scratch", 15 ] ],
    "death_function": [ "NORMAL" ],
    "burn_into": "mon_zombie_child_scorched_2",
    "flags": [
      "SEES",
      "HEARS",
      "STUMBLES",
      "POISON",
      "GRABS",
      "NO_BREATHE",
      "REVIVES",
      "REVIVES_HEALTHY",
      "NO_NECRO",
      "GUILT",
      "CLIMBS",
      "FILTHY"
    ]
  },
  {
    "id": "mon_zombie_scorched",
    "type": "MONSTER",
    "name": "scorched zombie",
    "description": "Heavily burned zombie that still reeks of charred flesh.  Its skin has hardened and cracked in several areas.",
    "default_faction": "zombie",
    "species": [ "ZOMBIE" ],
    "diff": 5,
    "size": "MEDIUM",
    "harvest": "zombie",
    "hp": 50,
    "speed": 85,
    "material": [ "flesh" ],
    "symbol": "Z",
    "color": "i_brown",
    "aggression": 100,
    "morale": 100,
    "melee_skill": 3,
    "melee_dice": 2,
    "melee_dice_sides": 2,
    "melee_cut": 4,
    "dodge": 0,
    "armor_bash": 4,
    "armor_cut": 10,
    "armor_acid": 3,
    "armor_fire": 10,
    "vision_day": 15,
    "vision_night": 5,
    "special_attacks": [ [ "scratch", 30 ] ],
    "death_function": [ "SMOKEBURST", "NORMAL" ],
    "burn_into": "mon_zombie_crawler_scorched",
    "upgrades": { "half_life": 24, "into": "mon_zombie_scorched_pk" },
    "flags": [ "SEES", "HEARS", "STUMBLES", "POISON", "GRABS", "NO_BREATHE", "REVIVES", "REVIVES_HEALTHY", "NO_NECRO", "FILTHY" ]
  },
  {
    "id": "mon_zombie_fiend",
    "type": "MONSTER",
    "copy-from": "mon_zombie_fiend",
    "name": "fiend",
    "description": "Charred zombie with bony plates, spikes and protursions.  Moves stiffly about.",
    "default_faction": "zombie",
    "species": [ "ZOMBIE" ],
    "diff": 10,
    "size": "MEDIUM",
    "hp": 90,
    "speed": 60,
    "material": [ "flesh" ],
    "symbol": "Z",
    "color": "black_white",
    "aggression": 100,
    "morale": 100,
    "melee_skill": 4,
    "melee_dice": 2,
    "melee_dice_sides": 6,
    "melee_cut": 6,
    "dodge": 0,
    "armor_bash": 8,
    "armor_cut": 14,
    "armor_acid": 4,
    "armor_fire": 12,
    "vision_day": 20,
    "vision_night": 10,
    "special_attacks": [ [ "GRAB", 15 ], [ "hammer", 15 ] ],
    "death_function": [ "NORMAL" ],
    "burn_into": "mon_zombie_crawler_scorched",
    "upgrades": { "half_life": 24, "into": "mon_zombie_fiend_pk" },
    "flags": [ "SEES", "STUMBLES", "POISON", "NO_BREATHE", "REVIVES", "REVIVES_HEALTHY", "NO_NECRO", "FILTHY" ]
  },
  {
    "id": "mon_zombie_scorched_pk",
    "type": "MONSTER",
    "name": "scorched zombie",
    "description": "Heavily burned zombie that still reeks of charred flesh.  Its skin has hardened and cracked in several areas.",
    "default_faction": "zombie",
    "species": [ "ZOMBIE" ],
    "diff": 14,
    "size": "MEDIUM",
    "harvest": "zombie",
    "hp": 65,
    "speed": 90,
    "material": [ "flesh" ],
    "symbol": "Z",
    "color": "i_brown",
    "aggression": 100,
    "morale": 100,
    "melee_skill": 5,
    "melee_dice": 2,
    "melee_dice_sides": 7,
    "melee_cut": 4,
    "dodge": 0,
    "armor_bash": 6,
    "armor_cut": 14,
    "armor_acid": 4,
    "armor_fire": 12,
    "vision_day": 20,
    "vision_night": 7,
    "special_attacks": [ [ "slash", 30 ] ],
    "death_function": [ "SMOKEBURST", "NORMAL" ],
    "burn_into": "mon_zombie_scorched",
    "flags": [ "SEES", "HEARS", "STUMBLES", "POISON", "GRABS", "NO_BREATHE", "REVIVES", "REVIVES_HEALTHY", "NO_NECRO", "FILTHY" ]
  },
  {
    "id": "mon_zombie_scorched_shocker",
    "type": "MONSTER",
    "name": "scorched zombie",
    "description": "Heavily burned zombie that still reeks of charred flesh.  Its skin has hardened and cracked in several areas.  From various wounds a faint crackling can be seen.",
    "default_faction": "zombie",
    "species": [ "ZOMBIE" ],
    "diff": 18,
    "size": "MEDIUM",
    "harvest": "CBM_CIV",
    "hp": 70,
    "speed": 95,
    "material": [ "flesh" ],
    "symbol": "Z",
    "color": "i_brown",
    "aggression": 100,
    "morale": 100,
    "melee_skill": 5,
    "melee_dice": 2,
    "melee_dice_sides": 4,
    "melee_damage": [ { "damage_type": "electric", "amount": 4 } ],
    "melee_cut": 4,
    "dodge": 0,
    "armor_bash": 5,
    "armor_cut": 12,
    "armor_acid": 4,
    "armor_fire": 12,
    "vision_day": 20,
    "vision_night": 7,
    "luminance": 2,
    "special_when_hit": [ "ZAPBACK", 25 ],
    "death_function": [ "SMOKEBURST", "NORMAL" ],
    "burn_into": "mon_zombie_scorched_pk",
    "flags": [
      "SEES",
      "HEARS",
      "STUMBLES",
      "POISON",
      "GRABS",
      "NO_BREATHE",
      "REVIVES",
      "REVIVES_HEALTHY",
      "NO_NECRO",
      "ELECTRIC",
      "FILTHY"
    ]
  },
  {
    "id": "mon_zombie_fiend_pk",
    "type": "MONSTER",
    "name": "fiend",
    "description": "Charred zombie with bony plates, spikes and protrusions.  Moves stiffly about.",
    "default_faction": "zombie",
    "species": [ "ZOMBIE" ],
    "diff": 16,
    "size": "MEDIUM",
    "harvest": "mr_bones",
    "hp": 140,
    "speed": 65,
    "material": [ "flesh" ],
    "symbol": "Z",
    "color": "black_white",
    "aggression": 100,
    "morale": 100,
    "melee_skill": 5,
    "melee_dice": 2,
    "melee_dice_sides": 8,
    "melee_cut": 8,
    "dodge": 0,
    "armor_bash": 10,
    "armor_cut": 18,
    "armor_acid": 5,
    "armor_fire": 15,
    "vision_day": 25,
    "vision_night": 12,
    "special_attacks": [ [ "GRAB", 15 ], [ "hammer", 10 ] ],
    "death_function": [ "NORMAL" ],
    "burn_into": "mon_zombie_fiend",
    "flags": [ "SEES", "STUMBLES", "POISON", "NO_BREATHE", "REVIVES", "REVIVES_HEALTHY", "NO_NECRO", "FILTHY" ]
  },
  {
    "id": "mon_zombie_fiend_shocker",
    "type": "MONSTER",
    "name": "fiend",
    "description": "Charred zombie with bony plates, spikes and protrusions.  Moves stiffly about.  Occasionally small bursts of electricity arch from its hands.",
    "default_faction": "zombie",
    "species": [ "ZOMBIE" ],
    "diff": 20,
    "size": "MEDIUM",
    "harvest": "CBM_SUBS",
    "hp": 180,
    "speed": 75,
    "material": [ "flesh" ],
    "symbol": "Z",
    "color": "black_white",
    "aggression": 100,
    "morale": 100,
    "melee_skill": 5,
    "melee_dice": 2,
    "melee_dice_sides": 8,
    "melee_damage": [ { "damage_type": "electric", "amount": 6 } ],
    "melee_cut": 6,
    "dodge": 0,
    "armor_bash": 8,
    "armor_cut": 14,
    "armor_acid": 5,
    "armor_fire": 14,
    "vision_day": 25,
    "vision_night": 10,
    "luminance": 6,
    "special_attacks": [ [ "GRAB", 15 ], [ "hammer", 10 ] ],
    "special_when_hit": [ "ZAPBACK", 20 ],
    "death_function": [ "NORMAL" ],
    "burn_into": "mon_zombie_fiend_pk",
    "flags": [ "SEES", "STUMBLES", "POISON", "NO_BREATHE", "REVIVES", "REVIVES_HEALTHY", "NO_NECRO", "ELECTRIC", "FILTHY" ]
  },
  {
    "id": "mon_zombie_crawler_scorched",
    "type": "MONSTER",
    "name": "gutted zombie",
    "description": "Burned to the point of near blob-exsanguination, this weak zombie is hardly a threat to anything.",
    "default_faction": "zombie",
    "species": [ "ZOMBIE" ],
    "diff": 1,
    "size": "MEDIUM",
    "harvest": "zombie",
    "hp": 35,
    "speed": 35,
    "material": [ "flesh" ],
    "symbol": "Z",
    "color": "dark_gray_green",
    "aggression": 100,
    "morale": 100,
    "melee_skill": 3,
    "melee_dice": 1,
    "melee_dice_sides": 3,
    "melee_cut": 2,
    "dodge": 0,
    "armor_bash": 6,
    "armor_cut": 10,
    "armor_acid": 10,
    "armor_fire": 20,
    "vision_day": 10,
    "vision_night": 3,
    "death_function": [ "SMOKEBURST", "NORMAL", "BLOBSPLIT" ],
    "burn_into": "mon_skeleton_scorched",
    "flags": [ "SEES", "STUMBLES", "POISON", "GRABS", "NO_BREATHE", "REVIVES", "NO_NECRO", "SWIMS", "FILTHY" ]
  },
  {
    "id": "mon_skeleton_scorched",
    "type": "MONSTER",
    "name": "gutted zombie",
    "description": "Burned to the point of blob-exsanguination, this weak zombie is hardly a threat to anything.",
    "default_faction": "zombie",
    "species": [ "ZOMBIE" ],
    "diff": 1,
    "size": "MEDIUM",
    "harvest": "mr_bones",
    "hp": 20,
    "speed": 85,
    "material": [ "flesh" ],
    "symbol": "Z",
    "color": "dark_gray",
    "aggression": 100,
    "morale": 100,
    "melee_skill": 3,
    "melee_dice": 1,
    "melee_dice_sides": 3,
    "melee_cut": 2,
    "dodge": 0,
    "armor_bash": 2,
    "armor_cut": 10,
    "armor_stab": 18,
    "armor_acid": 10,
    "armor_fire": 20,
    "vision_day": 10,
    "vision_night": 3,
    "death_function": [ "DISINTEGRATE" ],
    "flags": [ "SEES", "STUMBLES", "POISON", "GRABS", "NO_BREATHE", "SWIMS", "FILTHY" ]
  },
  {
    "id": "mon_zombie_scorched_necro",
    "type": "MONSTER",
    "name": "zombie abomination",
    "description": "An encrusted humanoid mass so blackened by fire only the simmering of the liquid oozing from its wounds indicate damage.  Still seems capable of supporting its horde despite it weakened state.",
    "default_faction": "zombie",
    "species": [ "ZOMBIE" ],
    "diff": 20,
    "size": "MEDIUM",
    "harvest": "zombie",
    "hp": 120,
    "speed": 5,
    "material": [ "flesh" ],
    "symbol": "Z",
    "color": "i_magenta",
    "aggression": 50,
    "morale": 100,
    "melee_skill": 4,
    "melee_dice": 2,
    "melee_dice_sides": 5,
    "melee_cut": 4,
    "dodge": 2,
    "armor_bash": 7,
    "armor_cut": 13,
    "armor_acid": 10,
    "armor_fire": 20,
    "vision_day": 22,
    "vision_night": 10,
    "special_attacks": [ [ "RESURRECT", 90 ], [ "FORMBLOB", 600 ] ],
    "anger_triggers": [ "PLAYER_CLOSE", "PLAYER_WEAK" ],
    "fear_triggers": [ "HURT" ],
    "death_function": [ "BLOBSPLIT", "BLOBSPLIT" ],
    "flags": [
      "SEES",
      "HEARS",
      "PATH_AVOID_DANGER_2",
      "WARM",
      "BASHES",
      "POISON",
      "NO_BREATHE",
      "REVIVES",
      "NIGHT_INVISIBILITY",
      "FILTHY"
    ]
  },
  {
    "id": "mon_zombie_scorched_master",
    "type": "MONSTER",
    "name": "zombie abomination",
    "description": "An encrusted humanoid mass so blackened by fire only the simmering of the liquid oozing from its wounds indicate damage.  Still seems capable of controlling its horde despite it weakened state.",
    "default_faction": "zombie",
    "species": [ "ZOMBIE" ],
    "diff": 20,
    "size": "MEDIUM",
    "harvest": "zombie",
    "hp": 120,
    "speed": 5,
    "material": [ "flesh" ],
    "symbol": "Z",
    "color": "i_magenta",
    "aggression": 50,
    "morale": 100,
    "melee_skill": 4,
    "melee_dice": 2,
    "melee_dice_sides": 5,
    "melee_cut": 4,
    "dodge": 2,
    "armor_bash": 7,
    "armor_cut": 13,
    "armor_acid": 10,
    "armor_fire": 20,
    "vision_day": 22,
    "vision_night": 10,
    "special_attacks": [ [ "UPGRADE", 90 ], [ "FORMBLOB", 600 ] ],
    "anger_triggers": [ "PLAYER_CLOSE", "PLAYER_WEAK" ],
    "fear_triggers": [ "HURT" ],
    "death_function": [ "BLOBSPLIT", "BLOBSPLIT" ],
    "flags": [
      "SEES",
      "HEARS",
      "PATH_AVOID_DANGER_2",
      "WARM",
      "BASHES",
      "POISON",
      "NO_BREATHE",
      "REVIVES",
      "NIGHT_INVISIBILITY",
      "FILTHY"
    ]
  },
  {
    "id": "mon_zombie_child_scorched_2",
    "type": "MONSTER",
    "name": "burned child zombie",
    "description": "A tiny, horribly charred body, jumping and kicking and flailing around in a mockery of playground exercise.  It does not need a face for you to feel bad about killing it.",
    "default_faction": "zombie",
    "species": [ "ZOMBIE" ],
    "diff": 15,
    "size": "MEDIUM",
    "harvest": "zombie",
    "hp": 30,
    "speed": 75,
    "material": [ "flesh" ],
    "symbol": "z",
    "color": "brown",
    "aggression": 100,
    "morale": 100,
    "melee_skill": 2,
    "melee_dice": 2,
    "melee_dice_sides": 2,
    "melee_cut": 3,
    "dodge": 0,
    "armor_bash": 4,
    "armor_cut": 7,
    "armor_acid": 4,
    "armor_fire": 18,
    "vision_day": 25,
    "vision_night": 3,
    "death_function": [ "NORMAL" ],
    "burn_into": "mon_skeleton_scorched",
    "flags": [
      "SEES",
      "HEARS",
      "PATH_AVOID_DANGER_1",
      "STUMBLES",
      "POISON",
      "GRABS",
      "NO_BREATHE",
      "REVIVES",
      "REVIVES_HEALTHY",
      "NO_NECRO",
      "GUILT",
      "CLIMBS",
      "FILTHY"
    ]
  },
  {
    "id": "mon_horse_zombie_scorched",
    "type": "MONSTER",
    "name": "hooved horror",
    "description": "Blackened hooves adorn the charred limbs of this monstrous being.  It lumbers after prey with horrifying  speed, snuffing them out with brutal force.",
    "default_faction": "zombie",
    "species": [ "ZOMBIE" ],
    "harvest": "zombie",
    "diff": 16,
    "size": "LARGE",
    "hp": 110,
    "speed": 135,
    "material": [ "flesh" ],
    "symbol": "H",
    "color": "i_green",
    "aggression": 80,
    "morale": 100,
    "melee_skill": 4,
    "melee_dice": 2,
    "melee_dice_sides": 10,
    "melee_damage": [ { "damage_type": "stab", "amount": 6 } ],
    "dodge": 1,
    "armor_bash": 10,
    "armor_cut": 8,
    "vision_day": 30,
    "vision_night": 15,
    "special_attacks": [ [ "slash", 30 ] ],
    "anger_triggers": [ "FRIEND_ATTACKED" ],
    "death_function": [ "NORMAL" ],
    "burn_into": "mon_zolf_scorched",
    "flags": [ "SEES", "HEARS", "WARM", "NO_BREATHE", "REVIVES", "REVIVES_HEALTHY", "NO_NECRO", "PUSH_MON", "STUMBLES", "BASHES" ]
  },
  {
    "id": "mon_zolf_scorched",
    "type": "MONSTER",
    "name": "torrid beast",
    "description": "A scorched, chaotic mass of flesh, squirming and writhing to slowly work its way across the ground.  A couple of bony scythes have ruptured out of the pile and wave around erratically as it nears.",
    "default_faction": "zombie",
    "species": [ "ZOMBIE" ],
    "diff": 16,
    "size": "MEDIUM",
    "harvest": "zombie",
    "hp": 50,
    "speed": 40,
    "material": [ "flesh" ],
    "symbol": "o",
    "color": "i_green",
    "aggression": 100,
    "morale": 100,
    "melee_skill": 3,
    "melee_dice": 1,
    "melee_dice_sides": 6,
    "melee_cut": 12,
    "dodge": 0,
    "armor_bash": 8,
    "armor_cut": 4,
    "armor_stab": 16,
    "armor_acid": 2,
    "armor_fire": 20,
    "vision_day": 5,
    "vision_night": 15,
    "special_attacks": [ [ "SHRIEK", 120 ], [ "FORMBLOB", 150 ], [ "LONGSWIPE", 50 ], [ "scratch", 20 ] ],
    "death_function": [ "MELT" ],
    "burn_into": "mon_zanimal_scorched",
    "flags": [
      "SEES",
      "HEARS",
      "STUMBLES",
      "WARM",
      "POISON",
      "NO_BREATHE",
      "REVIVES",
      "REVIVES_HEALTHY",
      "NO_NECRO",
      "SWIMS",
      "NIGHT_INVISIBILITY"
    ]
  },
  {
    "id": "mon_zanimal_scorched",
    "type": "MONSTER",
    "name": "putrid pile",
    "description": "An appaling black mass of flowing crusted flesh, the liquid of this beast seems to be more fleeing than flowing, such as rats on a sinking ship.",
    "default_faction": "zombie",
    "species": [ "ZOMBIE" ],
    "diff": 12,
    "size": "MEDIUM",
    "harvest": "zombie",
    "hp": 50,
    "speed": 70,
    "material": [ "flesh" ],
    "symbol": "o",
    "color": "i_green",
    "aggression": 100,
    "morale": 100,
    "melee_skill": 2,
    "melee_dice": 1,
    "melee_dice_sides": 8,
    "melee_damage": [ { "damage_type": "acid", "amount": 1 } ],
    "melee_cut": 0,
    "dodge": 0,
    "attack_effs": [ { "id": "rad_tenths", "duration": 15 }, { "id": "rad_tenths", "duration": 30 } ],
    "armor_bash": 10,
    "armor_cut": 0,
    "armor_stab": 8,
    "armor_acid": 4,
    "vision_day": 2,
    "vision_night": 5,
    "special_attacks": [ [ "FORMBLOB", 240 ], [ "sliming", 30 ] ],
    "emit_fields": [ "emit_radiation_plume" ],
    "death_function": [ "MELT", "BLOBSPLIT" ],
    "burn_into": "mon_zanimal_skeleton",
    "flags": [ "SEES", "HEARS", "STUMBLES", "WARM", "POISON", "NO_BREATHE", "REVIVES", "NO_NECRO", "SWIMS", "NIGHT_INVISIBILITY" ]
  },
  {
    "id": "mon_zanimal_skeleton",
    "type": "MONSTER",
    "name": "putrified pile",
    "description": "An appaling black mass of flowing crusted flesh, flailing helplessly about.",
    "default_faction": "zombie",
    "species": [ "ZOMBIE" ],
    "diff": 8,
    "size": "MEDIUM",
    "harvest": "mr_bones",
    "hp": 30,
    "speed": 70,
    "material": [ "flesh" ],
    "symbol": "o",
    "color": "i_green",
    "aggression": 100,
    "morale": 100,
    "melee_skill": 2,
    "melee_dice": 1,
    "melee_dice_sides": 8,
    "melee_cut": 0,
    "dodge": 0,
    "attack_effs": [ { "id": "rad_tenths", "duration": 15 } ],
    "armor_bash": 10,
    "armor_cut": 0,
    "armor_stab": 8,
    "armor_acid": 4,
    "death_function": [ "MELT", "BLOBSPLIT" ],
    "burn_into": "mon_zanimal_skeleton_dead",
    "flags": [ "HEARS", "STUMBLES", "WARM", "POISON", "NO_BREATHE", "REVIVES", "NO_NECRO", "SWIMS", "NIGHT_INVISIBILITY" ]
  },
  {
    "id": "mon_zanimal_skeleton_dead",
    "type": "MONSTER",
    "name": "putrified pile",
    "description": "An appaling black mass of flowing crusted flesh, flailing helplessly about.",
    "default_faction": "zombie",
    "species": [ "ZOMBIE" ],
    "diff": 8,
    "size": "MEDIUM",
    "harvest": "mr_bones",
    "hp": 30,
    "speed": 70,
    "material": [ "flesh" ],
    "symbol": "o",
    "color": "i_green",
    "aggression": 100,
    "morale": 100,
    "melee_skill": 2,
    "melee_dice": 1,
    "melee_dice_sides": 8,
    "melee_cut": 0,
    "dodge": 0,
    "armor_bash": 10,
    "armor_cut": 0,
    "armor_stab": 8,
    "armor_acid": 4,
    "death_function": [ "MELT", "BLOBSPLIT" ],
    "flags": [ "HEARS", "STUMBLES", "WARM", "POISON", "NO_BREATHE", "SWIMS", "NIGHT_INVISIBILITY" ]
  },
  {
    "id": "mon_zombie_bear_mega",
    "type": "MONSTER",
    "name": "zombie megabear",
    "description": "Although the elephant bears seem much more capable of avoiding death at the hands of zombies, a few do fall.  Several humanoid zombies can fit into its mere shadow.",
    "default_faction": "zombie",
    "species": [ "MAMMAL" ],
    "diff": 30,
    "size": "HUGE",
    "harvest": "zombie_fur",
    "hp": 380,
    "speed": 110,
    "material": [ "flesh" ],
    "symbol": "B",
    "color": "i_brown",
    "aggression": 100,
    "morale": 100,
    "melee_skill": 4,
    "melee_dice": 2,
    "melee_dice_sides": 18,
    "melee_damage": [ { "damage_type": "bash", "amount": 4 } ],
    "melee_cut": 12,
    "dodge": 2,
    "armor_bash": 16,
    "armor_cut": 8,
    "vision_day": 25,
    "vision_night": 10,
    "special_attacks": [
      [ "FLESH_GOLEM", 40 ],
      [ "SMASH", 40 ],
      { "type": "bite", "cooldown": 30, "accuracy": 6 },
      {
        "id": "hammer",
        "cooldown": 15,
        "moves": 150,
        "damage_max_instance": [ { "damage_type": "bash", "amount": 30, "armor_multiplier": 0.75 } ]
      }
    ],
    "death_function": [ "NORMAL" ],
    "flags": [
      "SEES",
      "HEARS",
      "SMELLS",
      "PATH_AVOID_DANGER_1",
      "ANIMAL",
      "WARM",
      "BLEED",
      "BASHES",
      "DESTROYS",
      "ATTACKMON",
      "STUMBLES",
      "WARM",
      "POISON",
      "NO_BREATHE",
      "REVIVES"
    ]
  }
]
