[
  {
    "id": "mon_zombie",
    "type": "MONSTER",
    "copy-from": "mon_zombie",
    "special_attacks": [ { "type": "bite", "cooldown": 5 }, [ "GRAB", 50 ], [ "scratch", 20 ] ],
    "upgrades": { "half_life": 8, "into_group": "GROUP_ZOMBIE_UPGRADE" }
  },
  {
    "id": "mon_zombie_runner",
    "type": "MONSTER",
    "copy-from": "mon_zombie_runner",
    "attack_effs": [ { "id": "flu_zed", "duration": 8000, "chance": 1 } ],
    "special_attacks": [
      [ "scratch", 5 ],
      {
        "type": "bite",
        "cooldown": 5,
        "damage_max_instance": [ { "damage_type": "stab", "amount": 9, "armor_multiplier": 0.9 } ]
      }
    ]
  },
  {
    "id": "mon_zombie_hunter",
    "type": "MONSTER",
    "copy-from": "mon_zombie_hunter",
    "special_attacks": [
      [ "scratch", 10 ],
      { "type": "leap", "cooldown": 15, "max_range": 4 },
      {
        "type": "bite",
        "cooldown": 10,
        "damage_max_instance": [ { "damage_type": "stab", "amount": 12, "armor_multiplier": 0.8 } ]
      }
    ]
  },
  {
    "id": "mon_zombie_predator",
    "type": "MONSTER",
    "copy-from": "mon_zombie_predator",
    "special_attacks": [
      [ "scratch", 10 ],
      [ "impale", 30 ],
      { "type": "leap", "cooldown": 15, "max_range": 7, "allow_no_target": false },
      {
        "type": "bite",
        "cooldown": 10,
        "damage_max_instance": [ { "damage_type": "stab", "amount": 10, "armor_multiplier": 0.7 } ]
      }
    ]
  },
  {
    "id": "mon_zombie_runner_pk",
    "type": "MONSTER",
    "copy-from": "mon_zombie",
    "name": "feral runner",
    "color": "brown_white",
    "description": "A slain human, revived freshly enough to move unhindered by the rigid finality of death.  It stumbles about, clearly lacking the motor skills to do much more than 'grope intently' at its target.",
    "hp": 65,
    "speed": 110,
    "melee_skill": 4,
    "melee_dice": 2,
    "melee_dice_sides": 3,
    "melee_cut": 1,
    "attack_effs": [ { "id": "flu_zed", "duration": 8000, "chance": 1 } ],
    "special_attacks": [
      [ "GRAB", 10 ],
      [ "scratch", 5 ],
      {
        "type": "bite",
        "cooldown": 15,
        "damage_max_instance": [ { "damage_type": "stab", "amount": 10, "armor_multiplier": 0.9 } ]
      }
    ],
    "upgrades": { "half_life": 7, "into_group": "GROUP_ZOMBIE_GRAB" }
  },
  {
    "id": "mon_zombie_grabber",
    "type": "MONSTER",
    "copy-from": "mon_zombie_grabber",
    "attack_effs": [ { "id": "flu_zed", "duration": 8000, "chance": 2 } ],
    "special_attacks": [ [ "GRAB", 10 ], [ "scratch", 15 ], [ "PARROT", 50 ], { "type": "bite", "cooldown": 10 } ]
  },
  {
    "id": "mon_zombie_hazmat",
    "type": "MONSTER",
    "copy-from": "mon_zombie_hazmat",
    "hp": 70,
    "melee_skill": 3,
    "melee_dice": 2,
    "melee_dice_sides": 5,
    "attack_effs": [ { "id": "rad_tenths", "duration": 5 } ],
    "armor_bash": 8,
    "armor_cut": 5,
    "flags": [
      "SEES",
      "HEARS",
      "STUMBLES",
      "WARM",
      "BASHES",
      "GROUP_BASH",
      "POISON",
      "ACIDPROOF",
      "NO_BREATHE",
      "NO_NECRO",
      "REVIVES",
      "BONES",
      "PUSH_MON",
      "ELECTRIC",
      "FILTHY"
    ]
  },
  {
    "id": "mon_zombie_armored",
    "type": "MONSTER",
    "name": "armored zombie",
    "copy-from": "mon_zombie_armored",
    "description": "Despite being encased in this malfunctioning wreck of what was once a nigh-impenetrable suit of power armor, something still managed to kill this soldier.",
    "melee_skill": 5,
    "melee_dice": 2,
    "melee_dice_sides": 8,
    "melee_cut": 0,
    "melee_damage": [ { "damage_type": "electric", "amount": 2 } ],
    "special_attacks": [ [ "hammer", 20 ] ]
  },
  {
    "id": "mon_beekeeper",
    "type": "MONSTER",
    "copy-from": "mon_beekeeper",
    "attack_effs": [ { "id": "flu_zed", "duration": 8000, "chance": 1 }, { "id": "rad_tenths", "duration": 5 } ],
    "vision_day": 30,
    "vision_night": 5,
    "upgrades": { "half_life": 4, "into": "mon_beekeeper_pk" }
  },
  {
    "id": "mon_zombie_rot_pk",
    "type": "MONSTER",
    "name": "rotting zombie",
    "description": "A corpse that rots even as it moves to kill.  Swarms of flies dart in and out of this monsters many bloated and oozing wounds..",
    "default_faction": "zombie",
    "categories": [ "CLASSIC" ],
    "species": [ "ZOMBIE" ],
    "diff": 6,
    "size": "MEDIUM",
    "hp": 75,
    "speed": 66,
    "material": [ "flesh" ],
    "harvest": "zombie",
    "symbol": "Z",
    "color": "green_yellow",
    "aggression": 100,
    "morale": 100,
    "melee_skill": 4,
    "melee_dice": 2,
    "melee_dice_sides": 3,
    "melee_cut": 1,
    "melee_damage": [ { "damage_type": "stab", "amount": 6 } ],
    "attack_effs": [ { "id": "rad_fives", "duration": 2 }, { "id": "rad_tenths", "duration": 20 }, { "id": "rad_tenths", "duration": 30 } ],
    "dodge": 1,
    "armor_bash": 9,
    "armor_cut": 1,
    "armor_stab": 6,
    "vision_day": 35,
    "vision_night": 9,
    "emit_fields": [ "emit_gas_plume" ],
    "special_attacks": [
      [ "GRAB", 10 ],
      [ "scratch", 20 ],
      [ "slash", 60 ],
      { "type": "bite", "cooldown": 5, "accuracy": 6 },
      { "id": "diseased swipe", "cooldown": 12, "accuracy": 4 }
    ],
    "death_drops": "default_zombie_death_drops",
    "death_function": [ "NORMAL" ],
    "burn_into": "mon_zombie_crawler_pk_weak",
    "flags": [
      "SEES",
      "STUMBLES",
      "WARM",
      "BASHES",
      "GROUP_BASH",
      "POISON",
      "BLEED",
      "NO_BREATHE",
      "REVIVES",
      "BONES",
      "PUSH_MON",
      "FILTHY"
    ]
  },
  {
    "id": "mon_zombie_rot",
    "type": "MONSTER",
    "copy-from": "mon_zombie_rot",
    "speed": 60,
    "vision_day": 30,
    "vision_night": 9,
    "melee_skill": 2,
    "melee_dice": 2,
    "melee_dice_sides": 3,
    "melee_cut": 5,
    "special_attacks": [
      { "type": "bite", "cooldown": 3, "accuracy": 4 },
      [ "GRAB", 15 ],
      [ "scratch", 20 ],
      {
        "id": "diseased swipe",
        "cooldown": 12,
        "accuracy": 3,
        "damage_max_instance": [
          { "damage_type": "bash", "amount": 5, "armor_multiplier": 0.75 },
          { "damage_type": "cut", "amount": 5, "armor_multiplier": 0.75 }
        ]
      }
    ],
    "attack_effs": [ { "id": "rad_tenths", "duration": 10 }, { "id": "rad_tenths", "duration": 15 } ]
  },
  {
    "id": "mon_zombie_rot_flu",
    "type": "MONSTER",
    "copy-from": "mon_zombie_rot",
    "special_attacks": [
      { "type": "bite", "cooldown": 3, "accuracy": 4 },
      [ "GRAB", 15 ],
      [ "scratch", 20 ],
      {
        "id": "diseased swipe",
        "cooldown": 12,
        "accuracy": 2,
        "damage_max_instance": [
          { "damage_type": "bash", "amount": 5, "armor_multiplier": 0.75 },
          { "damage_type": "cut", "amount": 5, "armor_multiplier": 0.75 }
        ],
        "effects": [ { "id": "nausea", "duration": 200 }, { "id": "flu_zed", "duration": 3200, "chance": 35 } ]
      }
    ]
  },
  {
    "id": "mon_zombie_rot_pk_flu",
    "type": "MONSTER",
    "copy-from": "mon_zombie_rot_pk",
    "special_attacks": [
      [ "GRAB", 10 ],
      [ "scratch", 20 ],
      [ "slash", 60 ],
      { "type": "bite", "cooldown": 5, "accuracy": 6 },
      {
        "id": "diseased swipe",
        "cooldown": 12,
        "accuracy": 3,
        "damage_max_instance": [
          { "damage_type": "stab", "amount": 5, "armor_multiplier": 0.75 },
          { "damage_type": "cut", "amount": 5, "armor_multiplier": 0.75 }
        ],
        "effects": [ { "id": "nausea", "duration": 200 }, { "id": "flu_zed", "duration": 3200, "chance": 35 } ]
      }
    ]
  },
  {
    "id": "mon_zombie_rot_worms",
    "type": "MONSTER",
    "copy-from": "mon_zombie_rot",
    "special_attacks": [
      { "type": "bite", "cooldown": 3, "accuracy": 4 },
      [ "GRAB", 15 ],
      [ "scratch", 20 ],
      {
        "id": "diseased swipe",
        "cooldown": 12,
        "accuracy": 2,
        "damage_max_instance": [
          { "damage_type": "bash", "amount": 5, "armor_multiplier": 0.75 },
          { "damage_type": "cut", "amount": 5, "armor_multiplier": 0.75 }
        ],
        "effects": [ { "id": "nausea", "duration": 200 }, { "id": "bloodworms", "duration": 446400, "chance": 35 } ]
      }
    ]
  },
  {
    "id": "mon_zombie_rot_pk_worms",
    "type": "MONSTER",
    "copy-from": "mon_zombie_rot_pk",
    "special_attacks": [
      [ "GRAB", 10 ],
      [ "scratch", 20 ],
      [ "slash", 60 ],
      { "type": "bite", "cooldown": 5, "accuracy": 6 },
      {
        "id": "diseased swipe",
        "cooldown": 12,
        "accuracy": 3,
        "effects": [ { "id": "nausea", "duration": 200 }, { "id": "brainworms", "duration": 446400, "chance": 35 } ]
      }
    ]
  },
  {
    "id": "mon_zombie_rot_pain",
    "type": "MONSTER",
    "copy-from": "mon_zombie_rot",
    "special_attacks": [
      { "type": "bite", "cooldown": 3, "accuracy": 4 },
      [ "GRAB", 15 ],
      [ "scratch", 20 ],
      {
        "id": "diseased swipe",
        "cooldown": 12,
        "accuracy": 2,
        "damage_max_instance": [
          { "damage_type": "bash", "amount": 5, "armor_multiplier": 0.75 },
          { "damage_type": "cut", "amount": 5, "armor_multiplier": 0.75 }
        ],
        "effects": [ { "id": "nausea", "duration": 200 }, { "id": "paincysts", "duration": 446400, "chance": 35 } ]
      }
    ]
  },
  {
    "id": "mon_zombie_rot_pk_pain",
    "type": "MONSTER",
    "copy-from": "mon_zombie_rot_pk",
    "special_attacks": [
      [ "GRAB", 10 ],
      [ "scratch", 20 ],
      [ "slash", 60 ],
      { "type": "bite", "cooldown": 5, "accuracy": 6 },
      {
        "id": "diseased swipe",
        "cooldown": 12,
        "accuracy": 3,
        "effects": [ { "id": "nausea", "duration": 200 }, { "id": "tetanus", "duration": 121000, "chance": 35 } ]
      }
    ]
  },
  {
    "id": "mon_zombie_shrieker",
    "type": "MONSTER",
    "copy-from": "mon_zombie_shrieker",
    "vision_day": 45,
    "vision_night": 2,
    "attack_effs": [ { "id": "flu_zed", "duration": 8000, "chance": 1 } ],
    "special_attacks": [ [ "SHRIEK", 10 ], [ "GRAB", 30 ], [ "scratch", 20 ] ]
  },
  {
    "id": "mon_zombie_screecher",
    "type": "MONSTER",
    "copy-from": "mon_zombie_screecher",
    "vision_day": 45,
    "vision_night": 3,
    "special_attacks": [ [ "SHRIEK_ALERT", 20 ], [ "SHRIEK_STUN", 1 ], [ "scratch", 20 ] ]
  },
  {
    "id": "mon_zombie_acidic_pk",
    "type": "MONSTER",
    "name": "acidic zombie",
    "copy-from": "mon_zombie_acidic",
    "description": "A pale zombie with foul fluids dribbling from its orifaces.  perhaps its best not to get too close to this one ...",
    "diff": 18,
    "size": "MEDIUM",
    "harvest": "zombie",
    "hp": 75,
    "speed": 85,
    "melee_skill": 4,
    "melee_dice": 5,
    "melee_dice_sides": 3,
    "melee_cut": 1,
    "dodge": 1,
    "armor_bash": 6,
    "armor_cut": 3,
    "armor_stab": 0,
    "vision_day": 40,
    "vision_night": 5,
    "emit_fields": [ "emit_acid_small" ],
    "special_attacks": [ [ "ACID_BARF", 10 ], [ "GRAB", 7 ] ],
    "special_when_hit": [ "ACIDSPLASH", 65 ],
    "death_function": [ "ACID", "NORMAL" ],
    "burn_into": "mon_zombie_scorched",
    "flags": [
      "SEES",
      "HEARS",
      "SMELLS",
      "STUMBLES",
      "WARM",
      "BASHES",
      "GROUP_BASH",
      "POISON",
      "ACIDPROOF",
      "ACID_BLOOD",
      "NO_BREATHE",
      "REVIVES",
      "BONES",
      "PUSH_MON",
      "FILTHY"
    ]
  },
  {
    "id": "mon_zombie_acidic",
    "type": "MONSTER",
    "copy-from": "mon_zombie_acidic",
    "attack_effs": [ { "id": "rad_tenths", "duration": 10 } ]
  },
  {
    "id": "mon_zombie_spitter",
    "type": "MONSTER",
    "copy-from": "mon_zombie_spitter",
    "attack_effs": [ { "id": "rad_tenths", "duration": 20 } ]
  },
  {
    "id": "mon_zombie_corrosive",
    "type": "MONSTER",
    "copy-from": "mon_zombie_corrosive",
    "attack_effs": [ { "id": "rad_tenths", "duration": 30 } ],
    "emit_fields": [ "emit_acid_small" ]
  },
  {
    "id": "mon_zombie_cripple",
    "type": "MONSTER",
    "name": "maimed zombie",
    "description": "A once-lame human, now a lame zombie.",
    "default_faction": "zombie",
    "categories": [ "CLASSIC" ],
    "species": [ "ZOMBIE" ],
    "diff": 2,
    "size": "MEDIUM",
    "hp": 60,
    "speed": 50,
    "material": [ "flesh" ],
    "harvest": "zombie",
    "symbol": "Z",
    "color": "light_green",
    "aggression": 70,
    "morale": 100,
    "melee_skill": 4,
    "melee_dice": 2,
    "melee_dice_sides": 3,
    "melee_cut": 0,
    "dodge": 0,
    "armor_bash": 0,
    "armor_cut": 0,
    "vision_day": 40,
    "vision_night": 3,
    "attack_effs": [ { "id": "flu_zed", "duration": 8000, "chance": 2 } ],
    "special_attacks": [ [ "GRAB", 5 ], [ "scratch", 20 ], { "type": "bite", "cooldown": 5 } ],
    "death_drops": "default_zombie_death_drops",
    "death_function": [ "NORMAL" ],
    "burn_into": "mon_zombie_scorched",
    "upgrades": { "half_life": 5, "into_group": "GROUP_ZOMBIE_DECAY" },
    "flags": [
      "SEES",
      "HEARS",
      "SMELLS",
      "STUMBLES",
      "WARM",
      "BASHES",
      "GROUP_BASH",
      "POISON",
      "BLEED",
      "NO_BREATHE",
      "REVIVES",
      "BONES",
      "FILTHY"
    ]
  },
  {
    "id": "mon_zombie_blind",
    "type": "MONSTER",
    "name": "blind zombie",
    "description": "A human corpse, filled with a blind rage.",
    "default_faction": "zombie",
    "categories": [ "CLASSIC" ],
    "species": [ "ZOMBIE" ],
    "diff": 2,
    "size": "MEDIUM",
    "hp": 80,
    "speed": 80,
    "material": [ "flesh" ],
    "harvest": "zombie",
    "symbol": "Z",
    "color": "light_green",
    "aggression": 70,
    "morale": 100,
    "melee_skill": 3,
    "melee_dice": 2,
    "melee_dice_sides": 4,
    "melee_cut": 1,
    "dodge": 0,
    "armor_bash": 0,
    "armor_cut": 0,
    "special_attacks": [ [ "GRAB_DRAG", 25 ], [ "scratch", 15 ], { "type": "bite", "cooldown": 3 } ],
    "death_drops": "default_zombie_death_drops",
    "death_function": [ "NORMAL" ],
    "burn_into": "mon_zombie_scorched",
    "upgrades": { "half_life": 5, "into": "mon_zombie_blind_pk" },
    "flags": [
      "HEARS",
      "SMELLS",
      "STUMBLES",
      "WARM",
      "BASHES",
      "GROUP_BASH",
      "POISON",
      "BLEED",
      "NO_BREATHE",
      "REVIVES",
      "BONES",
      "PUSH_MON",
      "FILTHY"
    ]
  },
  {
    "id": "mon_zombie_blind_pk",
    "type": "MONSTER",
    "name": "unseeing zombie",
    "description": "A human corpse, filled with an uncanny agility.  Its pupilless, blind eyes gaze blankly and belie its grace and other perceptions.",
    "default_faction": "zombie",
    "categories": [ "CLASSIC" ],
    "species": [ "ZOMBIE" ],
    "diff": 2,
    "size": "MEDIUM",
    "hp": 80,
    "speed": 115,
    "material": [ "flesh" ],
    "harvest": "zombie",
    "symbol": "Z",
    "color": "light_green",
    "aggression": 60,
    "morale": 100,
    "melee_skill": 8,
    "melee_dice": 2,
    "melee_dice_sides": 6,
    "melee_cut": 1,
    "dodge": 4,
    "armor_bash": 5,
    "armor_cut": 5,
    "special_attacks": [ [ "GRAB_DRAG", 10 ], [ "scratch", 15 ], { "type": "bite", "cooldown": 3 } ],
    "death_drops": { "subtype": "collection", "groups": [ [ "default_zombie_death_drops", 90 ], [ "pk_melee", 10 ] ] },
    "death_function": [ "NORMAL" ],
    "burn_into": "mon_zombie_scorched",
    "flags": [
      "HEARS",
      "GOODHEARING",
      "SMELLS",
      "KEENNOSE",
      "STUMBLES",
      "HARDTOSHOOT",
      "WARM",
      "BASHES",
      "GROUP_BASH",
      "POISON",
      "BLEED",
      "NO_BREATHE",
      "REVIVES",
      "BONES",
      "PUSH_MON",
      "FILTHY"
    ]
  },
  {
    "id": "mon_zombie_2",
    "type": "MONSTER",
    "name": "zombie",
    "description": "A human body, swaying as it moves, an unstoppable rage is visible in its oily black eyes.",
    "default_faction": "zombie",
    "categories": [ "CLASSIC" ],
    "species": [ "ZOMBIE" ],
    "diff": 3,
    "size": "MEDIUM",
    "hp": 70,
    "speed": 80,
    "material": [ "flesh" ],
    "harvest": "zombie",
    "symbol": "Z",
    "color": "light_green",
    "aggression": 100,
    "morale": 100,
    "melee_skill": 3,
    "melee_dice": 1,
    "melee_dice_sides": 4,
    "melee_damage": [ { "damage_type": "bash", "amount": 1 } ],
    "melee_cut": 1,
    "dodge": 1,
    "armor_bash": 0,
    "armor_cut": 0,
    "vision_day": 40,
    "vision_night": 3,
    "special_attacks": [ [ "GRAB", 15 ], [ "scratch", 20 ], { "type": "bite", "cooldown": 5 } ],
    "death_drops": "default_zombie_death_drops",
    "death_function": [ "NORMAL" ],
    "burn_into": "mon_zombie_scorched",
    "upgrades": { "half_life": 10, "into_group": "GROUP_ZOMBIE_UPGRADE" },
    "flags": [
      "SEES",
      "HEARS",
      "SMELLS",
      "STUMBLES",
      "WARM",
      "BASHES",
      "GROUP_BASH",
      "POISON",
      "BLEED",
      "NO_BREATHE",
      "REVIVES",
      "BONES",
      "PUSH_MON",
      "FILTHY"
    ]
  },
  {
    "id": "mon_zombie_3",
    "type": "MONSTER",
    "name": "zombie",
    "description": "A human body, swaying as it moves, an unstoppable rage is visible in its oily black eyes.",
    "default_faction": "zombie",
    "categories": [ "CLASSIC" ],
    "species": [ "ZOMBIE" ],
    "diff": 3,
    "size": "MEDIUM",
    "hp": 90,
    "speed": 65,
    "material": [ "flesh" ],
    "harvest": "zombie",
    "symbol": "Z",
    "color": "light_green",
    "aggression": 100,
    "morale": 100,
    "melee_skill": 5,
    "melee_dice": 2,
    "melee_dice_sides": 4,
    "melee_cut": 0,
    "dodge": 0,
    "armor_bash": 2,
    "armor_cut": 2,
    "vision_day": 35,
    "vision_night": 3,
    "attack_effs": [ { "id": "flu_zed", "duration": 8000, "chance": 1 } ],
    "special_attacks": [ [ "GRAB", 15 ], [ "scratch", 20 ], { "type": "bite", "cooldown": 15 } ],
    "death_drops": "default_zombie_death_drops",
    "death_function": [ "NORMAL" ],
    "burn_into": "mon_zombie_scorched",
    "upgrades": { "half_life": 10, "into_group": "GROUP_ZOMBIE_UPGRADE" },
    "flags": [
      "SEES",
      "HEARS",
      "SMELLS",
      "STUMBLES",
      "WARM",
      "BASHES",
      "GROUP_BASH",
      "POISON",
      "BLEED",
      "NO_BREATHE",
      "REVIVES",
      "BONES",
      "PUSH_MON",
      "FILTHY"
    ]
  },
  {
    "id": "mon_zombie_pk",
    "type": "MONSTER",
    "name": "hungry zombie",
    "description": "A human body that seems to have . . . tightened into something more dangerous.  While it still stumbles around slowly, there is little doubt about what it would do to you if you let it.",
    "default_faction": "zombie",
    "categories": [ "CLASSIC" ],
    "species": [ "ZOMBIE" ],
    "diff": 6,
    "size": "MEDIUM",
    "hp": 100,
    "speed": 75,
    "material": [ "flesh" ],
    "harvest": "zombie",
    "symbol": "Z",
    "color": "light_green",
    "aggression": 100,
    "morale": 100,
    "melee_skill": 5,
    "melee_dice": 2,
    "melee_dice_sides": 7,
    "melee_cut": 2,
    "attack_effs": [ { "id": "rad_tenths", "duration": 2 } ],
    "dodge": 2,
    "armor_bash": 3,
    "armor_cut": 3,
    "vision_day": 40,
    "vision_night": 3,
    "special_attacks": [ [ "GRAB", 20 ], [ "scratch", 20 ], { "type": "bite", "cooldown": 5 } ],
    "death_drops": "default_zombie_death_drops",
    "death_function": [ "NORMAL" ],
    "burn_into": "mon_zombie_scorched_pk",
    "upgrades": { "half_life": 30, "into_group": "GROUP_ZOMBIE_EVO" },
    "flags": [
      "SEES",
      "HEARS",
      "SMELLS",
      "STUMBLES",
      "WARM",
      "BASHES",
      "GROUP_BASH",
      "POISON",
      "BLEED",
      "NO_BREATHE",
      "REVIVES",
      "BONES",
      "PUSH_MON",
      "FILTHY"
    ]
  },
  {
    "id": "mon_zombie_child",
    "type": "MONSTER",
    "copy-from": "mon_zombie_child",
    "special_attacks": [ [ "scratch", 15 ], { "type": "bite", "cooldown": 5 } ],
    "upgrades": { "half_life": 14, "into_group": "GROUP_CHILD_ZOMBIE_UPGRADE" }
  },
  {
    "id": "mon_zombie_child_2",
    "type": "MONSTER",
    "name": "zombie child",
    "name_plural": "zombie children",
    "description": "It was only a child, and little is different about it now aside from the hungry look in its eyes.  You'd be hard pressed to not feel like you were killing an actual child by putting it down.",
    "default_faction": "zombie",
    "categories": [ "CLASSIC" ],
    "species": [ "ZOMBIE" ],
    "diff": 2,
    "size": "SMALL",
    "hp": 35,
    "speed": 80,
    "material": [ "flesh" ],
    "harvest": "zombie",
    "symbol": "z",
    "color": "light_green",
    "aggression": 45,
    "morale": 100,
    "melee_skill": 2,
    "melee_dice": 2,
    "melee_dice_sides": 3,
    "melee_cut": 2,
    "dodge": 3,
    "armor_bash": 2,
    "armor_cut": 0,
    "vision_day": 35,
    "vision_night": 3,
    "special_attacks": [ [ "scratch", 15 ], { "type": "bite", "cooldown": 5 } ],
    "death_drops": { "subtype": "collection", "groups": [ [ "default_zombie_clothes", 100 ], [ "child_items", 65 ] ] },
    "death_function": [ "NORMAL" ],
    "burn_into": "mon_zombie_child_scorched",
    "upgrades": { "half_life": 14, "into_group": "GROUP_CHILD_ZOMBIE_UPGRADE" },
    "flags": [
      "SEES",
      "HEARS",
      "SMELLS",
      "STUMBLES",
      "WARM",
      "BASHES",
      "BLEED",
      "POISON",
      "GUILT",
      "NO_BREATHE",
      "REVIVES",
      "BONES",
      "FILTHY"
    ]
  },
  {
    "id": "mon_zombie_child_3",
    "type": "MONSTER",
    "name": "zombie child",
    "name_plural": "zombie children",
    "description": "It was only a child, and little is different about it now aside from the hungry look in its eyes.  You'd be hard pressed to not feel like you were killing an actual child by putting it down.",
    "default_faction": "zombie",
    "categories": [ "CLASSIC" ],
    "species": [ "ZOMBIE" ],
    "diff": 2,
    "size": "SMALL",
    "hp": 50,
    "speed": 60,
    "material": [ "flesh" ],
    "harvest": "zombie",
    "symbol": "z",
    "color": "light_green",
    "aggression": 50,
    "morale": 100,
    "melee_skill": 3,
    "melee_dice": 3,
    "melee_dice_sides": 3,
    "melee_cut": 2,
    "dodge": 2,
    "armor_bash": 2,
    "armor_cut": 2,
    "vision_day": 35,
    "vision_night": 3,
    "attack_effs": [ { "id": "flu_zed", "duration": 8000, "chance": 1 } ],
    "special_attacks": [ [ "scratch", 15 ], { "type": "bite", "cooldown": 5 } ],
    "death_drops": { "subtype": "collection", "groups": [ [ "default_zombie_clothes", 100 ], [ "child_items", 65 ] ] },
    "death_function": [ "NORMAL" ],
    "burn_into": "mon_zombie_child_scorched",
    "upgrades": { "half_life": 14, "into_group": "GROUP_CHILD_ZOMBIE_UPGRADE" },
    "flags": [
      "SEES",
      "HEARS",
      "SMELLS",
      "STUMBLES",
      "WARM",
      "BASHES",
      "BLEED",
      "POISON",
      "GUILT",
      "NO_BREATHE",
      "REVIVES",
      "BONES",
      "FILTHY"
    ]
  },
  {
    "id": "mon_zombie_hollow_pk",
    "type": "MONSTER",
    "name": "zombie nadir",
    "description": "With empty black sockets this creature surveys its surroundings deliberately.  As it scans, its body pulsates and contorts in a fashion that should break most bones.",
    "default_faction": "zombie",
    "species": [ "ZOMBIE" ],
    "diff": 24,
    "size": "MEDIUM",
    "hp": 140,
    "speed": 85,
    "material": [ "flesh" ],
    "harvest": "zombie",
    "symbol": "Z",
    "color": "black_green",
    "aggression": 100,
    "morale": 100,
    "melee_skill": 6,
    "melee_dice": 2,
    "melee_dice_sides": 9,
    "melee_cut": 2,
    "dodge": 4,
    "attack_effs": [ { "id": "rad_tenths", "duration": 2 } ],
    "armor_bash": 10,
    "armor_cut": 6,
    "armor_acid": 2,
    "armor_fire": 2,
    "vision_day": 45,
    "vision_night": 5,
    "special_attacks": [ [ "STRETCH_BITE", 15 ], [ "STRETCH_ATTACK", 10 ] ],
    "death_function": [ "NORMAL" ],
    "flags": [ "SEES", "HEARS", "SMELLS", "REVIVES", "WARM", "BASHES", "GRABS", "GROUP_BASH", "POISON", "NO_BREATHE", "FILTHY" ]
  },
  {
    "id": "mon_zombie_fat_2",
    "type": "MONSTER",
    "name": "fat zombie",
    "description": "Stumbling as it moves, this corpse of an overweight human regards its surroundings with an empty black gaze.",
    "default_faction": "zombie",
    "categories": [ "CLASSIC" ],
    "species": [ "ZOMBIE" ],
    "diff": 3,
    "size": "LARGE",
    "hp": 90,
    "speed": 65,
    "material": [ "flesh" ],
    "harvest": "zombie",
    "symbol": "Z",
    "color": "green",
    "aggression": 100,
    "morale": 100,
    "melee_skill": 3,
    "melee_dice": 2,
    "melee_dice_sides": 3,
    "melee_cut": 1,
    "dodge": 1,
    "armor_bash": 5,
    "armor_cut": 3,
    "vision_day": 40,
    "vision_night": 3,
    "special_attacks": [ { "type": "bite", "cooldown": 10, "min_mul": 0.75 } ],
    "death_drops": "default_zombie_death_drops",
    "death_function": [ "NORMAL" ],
    "burn_into": "mon_zombie_scorched",
    "upgrades": { "half_life": 11, "into_group": "GROUP_ZOMBIE_FAT" },
    "flags": [
      "SEES",
      "HEARS",
      "SMELLS",
      "STUMBLES",
      "WARM",
      "BASHES",
      "GROUP_BASH",
      "POISON",
      "BLEED",
      "NO_BREATHE",
      "REVIVES",
      "BONES",
      "FAT",
      "PUSH_MON",
      "FILTHY"
    ]
  },
  {
    "id": "mon_zombie_fat_3",
    "type": "MONSTER",
    "name": "fat zombie",
    "description": "Stumbling as it moves, this corpse of an overweight human regards its surroundings with an empty black gaze.",
    "default_faction": "zombie",
    "categories": [ "CLASSIC" ],
    "species": [ "ZOMBIE" ],
    "diff": 3,
    "size": "LARGE",
    "hp": 115,
    "speed": 50,
    "material": [ "flesh" ],
    "harvest": "zombie",
    "symbol": "Z",
    "color": "green",
    "aggression": 100,
    "morale": 100,
    "melee_skill": 4,
    "melee_dice": 2,
    "melee_dice_sides": 5,
    "melee_cut": 0,
    "dodge": 0,
    "armor_bash": 6,
    "armor_cut": 4,
    "vision_day": 40,
    "vision_night": 3,
    "attack_effs": [ { "id": "flu_zed", "duration": 8000, "chance": 1 } ],
    "special_attacks": [ { "type": "bite", "cooldown": 10, "min_mul": 0.75 } ],
    "death_drops": "default_zombie_death_drops",
    "death_function": [ "NORMAL" ],
    "burn_into": "mon_zombie_scorched",
    "upgrades": { "half_life": 11, "into_group": "GROUP_ZOMBIE_FAT" },
    "flags": [
      "SEES",
      "HEARS",
      "SMELLS",
      "STUMBLES",
      "WARM",
      "BASHES",
      "GROUP_BASH",
      "POISON",
      "BLEED",
      "NO_BREATHE",
      "REVIVES",
      "BONES",
      "FAT",
      "PUSH_MON",
      "FILTHY"
    ]
  },
  {
    "id": "mon_beekeeper_pk",
    "type": "MONSTER",
    "name": "scabby zombie",
    "description": "A deformed human body, its skin has been transformed into one thick, calloused envelope of scar tissue.  Its tissues secrete an oozing liquid that smells like poisonous death.",
    "default_faction": "zombie",
    "species": [ "ZOMBIE" ],
    "diff": 12,
    "size": "MEDIUM",
    "hp": 80,
    "speed": 50,
    "material": [ "flesh" ],
    "harvest": "zombie",
    "symbol": "Z",
    "color": "light_red",
    "aggression": 100,
    "morale": 100,
    "melee_skill": 5,
    "melee_dice": 2,
    "melee_dice_sides": 4,
    "melee_cut": 2,
    "dodge": 0,
    "armor_bash": 7,
    "armor_cut": 11,
    "vision_day": 35,
    "vision_night": 5,
    "attack_effs": [ { "id": "poison", "duration": 400 }, { "id": "rad_tenths", "duration": 3 } ],
    "emit_fields": [ "emit_flesh_slough" ],
    "special_attacks": [ [ "GRAB", 20 ], { "type": "bite", "cooldown": 5 } ],
    "death_drops": { "subtype": "collection", "groups": [ [ "default_zombie_clothes", 50 ], [ "hive", 30 ] ] },
    "death_function": [ "NORMAL" ],
    "burn_into": "mon_zombie_scorched_pk",
    "flags": [
      "HEARS",
      "SMELLS",
      "STUMBLES",
      "WARM",
      "BASHES",
      "GROUP_BASH",
      "POISON",
      "NO_BREATHE",
      "REVIVES",
      "BONES",
      "PUSH_MON",
      "ELECTRIC",
      "FILTHY"
    ]
  },
  {
    "id": "mon_zombie_child_pk",
    "type": "MONSTER",
    "name": "zombie scrapper",
    "description": "Although it has the face of a child, its knuckles bear oozing calluses.  It appears to take joy in combat, evident by a slick smile and a gleam in its eye...",
    "default_faction": "zombie",
    "categories": [ "CLASSIC" ],
    "species": [ "ZOMBIE" ],
    "diff": 12,
    "size": "SMALL",
    "hp": 55,
    "speed": 90,
    "material": [ "flesh" ],
    "harvest": "zombie",
    "symbol": "z",
    "color": "green",
    "aggression": 70,
    "morale": 100,
    "melee_skill": 4,
    "melee_dice": 4,
    "melee_dice_sides": 4,
    "melee_cut": 1,
    "dodge": 2,
    "armor_bash": 1,
    "armor_cut": 1,
    "vision_day": 30,
    "vision_night": 3,
    "special_attacks": [ [ "scratch", 10 ], { "type": "bite", "cooldown": 10, "min_mul": 0.3 } ],
    "death_drops": { "subtype": "collection", "groups": [ [ "default_zombie_clothes", 80 ], [ "child_items", 25 ] ] },
    "death_function": [ "NORMAL" ],
    "burn_into": "mon_zombie_child_scorched",
    "upgrades": { "half_life": 24, "into": "mon_zombie_child_reaver" },
    "flags": [
      "GRABS",
      "SEES",
      "HEARS",
      "SMELLS",
      "WARM",
      "BASHES",
      "BLEED",
      "POISON",
      "GUILT",
      "NO_BREATHE",
      "REVIVES",
      "BONES",
      "FILTHY"
    ]
  },
  {
    "id": "mon_zombie_child_reaver",
    "type": "MONSTER",
    "name": "zombie reaver",
    "description": "Its face disfigured and scabbed over, this foul child-sized corpse has been forged through constant combat, imbibing it with remarkable agility, speed, and savage brutality.  It bears scars that indicate that this isn't the first (or second) time it has died.",
    "default_faction": "zombie",
    "categories": [ "CLASSIC" ],
    "species": [ "ZOMBIE" ],
    "diff": 16,
    "size": "SMALL",
    "hp": 80,
    "speed": 105,
    "material": [ "flesh" ],
    "harvest": "zombie",
    "symbol": "z",
    "color": "red",
    "aggression": 90,
    "morale": 100,
    "melee_skill": 6,
    "melee_dice": 4,
    "melee_dice_sides": 5,
    "melee_cut": 5,
    "dodge": 4,
    "attack_effs": [ { "id": "rad_tenths", "duration": 3 } ],
    "armor_bash": 8,
    "armor_cut": 6,
    "armor_acid": 4,
    "armor_fire": 4,
    "vision_day": 35,
    "vision_night": 4,
    "special_attacks": [ [ "slash", 10 ], { "type": "bite", "cooldown": 5, "min_mul": 0.5 } ],
    "death_drops": { "subtype": "collection", "groups": [ [ "default_zombie_clothes", 25 ], [ "child_items", 15 ] ] },
    "death_function": [ "NORMAL" ],
    "burn_into": "mon_zombie_child_scorched_pk",
    "flags": [
      "SEES",
      "HEARS",
      "SMELLS",
      "PATH_AVOID_DANGER_1",
      "WARM",
      "BASHES",
      "BLEED",
      "POISON",
      "NO_BREATHE",
      "REVIVES",
      "BONES",
      "FILTHY"
    ]
  },
  {
    "id": "mon_zombie_survivor",
    "type": "MONSTER",
    "copy-from": "mon_zombie_survivor",
    "hp": 160,
    "attack_effs": [ { "id": "flu_zed", "duration": 8000, "chance": 1 } ],
    "special_attacks": [
      [ "GRAB", 15 ],
      [ "SHRIEK", 20 ],
      [ "scratch", 20 ],
      [ "slash", 30 ],
      { "type": "bite", "cooldown": 15, "min_mul": 0.5 }
    ],
    "burn_into": "mon_zombie_scorched_pk"
  },
  {
    "id": "mon_zombie_crawler",
    "type": "MONSTER",
    "copy-from": "mon_zombie_crawler",
    "vision_day": 30,
    "vision_night": 5,
    "attack_effs": [ { "id": "flu_zed", "duration": 8000, "chance": 2 } ],
    "special_attacks": [ [ "scratch", 15 ], { "type": "bite", "cooldown": 15 } ],
    "burn_into": "mon_zombie_crawler_scorched",
    "upgrades": { "half_life": 21, "into": "mon_zombie_crawler_pk_weak" }
  },
  {
    "id": "mon_zombie_tough",
    "copy-from": "mon_zombie_tough",
    "type": "MONSTER",
    "name": "tough zombie",
    "description": "Once an athletic human, now a brutal monster.  Its facial features are twisted into an expression of pure rage.",
    "special_attacks": [ { "type": "bite", "cooldown": 5, "min_mul": 0.7 }, [ "GRAB", 60 ], [ "scratch", 20 ] ],
    "burn_into": "mon_zombie_smoker",
    "extend": { "upgrades": { "half_life": 24, "into_group": "GROUP_ZOMBIE_TOUGH" } },
    "delete": { "upgrades": { "half_life": 28, "into_group": "GROUP_ZOMBIE_UPGRADE" } }
  },
  {
    "id": "mon_zombie_tough_2",
    "type": "MONSTER",
    "name": "tough zombie",
    "description": "Once an athletic human, now a brutal monster.  Its facial features are twisted into an expression of pure rage.",
    "default_faction": "zombie",
    "categories": [ "CLASSIC" ],
    "species": [ "ZOMBIE" ],
    "diff": 3,
    "size": "MEDIUM",
    "hp": 90,
    "speed": 100,
    "material": [ "flesh" ],
    "harvest": "zombie",
    "symbol": "Z",
    "color": "light_red",
    "aggression": 100,
    "morale": 100,
    "melee_skill": 4,
    "melee_dice": 2,
    "melee_dice_sides": 4,
    "melee_cut": 2,
    "dodge": 2,
    "armor_bash": 2,
    "armor_cut": 1,
    "vision_day": 40,
    "vision_night": 3,
    "special_attacks": [ [ "GRAB", 15 ], [ "scratch", 20 ], { "type": "bite", "cooldown": 5, "min_mul": 0.7 } ],
    "death_drops": "default_zombie_death_drops",
    "death_function": [ "NORMAL" ],
    "burn_into": "mon_zombie_smoker",
    "upgrades": { "half_life": 22, "into_group": "GROUP_ZOMBIE_TOUGH" },
    "flags": [
      "SEES",
      "HEARS",
      "SMELLS",
      "STUMBLES",
      "WARM",
      "BASHES",
      "GROUP_BASH",
      "POISON",
      "BLEED",
      "NO_BREATHE",
      "REVIVES",
      "BONES",
      "PUSH_MON",
      "FILTHY"
    ]
  },
  {
    "id": "mon_zombie_tough_3",
    "type": "MONSTER",
    "name": "tough zombie",
    "description": "Once an athletic human, now a brutal monster.  Its facial features are twisted into an expression of pure rage.",
    "default_faction": "zombie",
    "categories": [ "CLASSIC" ],
    "species": [ "ZOMBIE" ],
    "diff": 3,
    "size": "MEDIUM",
    "harvest": "zombie",
    "hp": 125,
    "speed": 80,
    "material": [ "flesh" ],
    "symbol": "Z",
    "color": "light_red",
    "aggression": 100,
    "morale": 100,
    "melee_skill": 6,
    "melee_dice": 3,
    "melee_dice_sides": 4,
    "melee_cut": 0,
    "dodge": 1,
    "armor_bash": 5,
    "armor_cut": 3,
    "vision_day": 40,
    "vision_night": 3,
    "attack_effs": [ { "id": "flu_zed", "duration": 8000, "chance": 1 } ],
    "special_attacks": [ [ "GRAB", 15 ], [ "scratch", 20 ], { "type": "bite", "cooldown": 5, "min_mul": 0.7 } ],
    "death_drops": "default_zombie_death_drops",
    "death_function": [ "NORMAL" ],
    "burn_into": "mon_zombie_smoker",
    "upgrades": { "half_life": 22, "into_group": "GROUP_ZOMBIE_TOUGH" },
    "flags": [
      "SEES",
      "HEARS",
      "SMELLS",
      "STUMBLES",
      "WARM",
      "BASHES",
      "GROUP_BASH",
      "POISON",
      "BLEED",
      "NO_BREATHE",
      "REVIVES",
      "BONES",
      "PUSH_MON",
      "FILTHY"
    ]
  },
  {
    "id": "mon_zombie_master",
    "type": "MONSTER",
    "copy-from": "mon_zombie_master",
    "vision_day": 50,
    "vision_night": 9,
    "special_attacks": [ [ "UPGRADE", 0 ], [ "FORMBLOB", 1200 ], [ "slash", 20 ] ],
    "death_function": [ "BLOBSPLIT" ],
    "burn_into": "mon_zombie_scorched_master",
    "upgrades": { "half_life": 21, "into": "mon_zombie_master_pk" }
  },
  {
    "id": "mon_zombie_necro",
    "type": "MONSTER",
    "copy-from": "mon_zombie_necro",
    "vision_day": 50,
    "vision_night": 9,
    "special_attacks": [ [ "RESURRECT", 0 ], [ "FORMBLOB", 1200 ], [ "slash", 20 ] ],
    "death_function": [ "BLOBSPLIT" ],
    "burn_into": "mon_zombie_scorched_necro",
    "upgrades": { "half_life": 24, "into": "mon_zombie_necro_pk" }
  },
  {
    "id": "mon_zombie_hulk",
    "type": "MONSTER",
    "copy-from": "mon_zombie_hulk",
    "speed": 135,
    "burn_into": "mon_zombie_fiend_pk",
    "upgrades": { "half_life": 56, "into": "mon_zombie_hulk_pk" }
  },
  {
    "id": "mon_zombie_electric",
    "copy-from": "mon_zombie_electric",
    "type": "MONSTER",
    "name": "shocker zombie",
    "description": "A human body with pale blue flesh, crackling with electrical energy.",
    "diff": 12,
    "burn_into": "mon_zombie_scorched_shocker",
    "extend": { "upgrades": { "half_life": 22, "into_group": "GROUP_ZOMBIE_ELECTRIC" } },
    "delete": { "upgrades": { "half_life": 28, "into": "mon_zombie_nullfield" } }
  },
  {
    "id": "mon_zombie_electric_pk",
    "type": "MONSTER",
    "name": "sparker zombie",
    "description": "As this zombie began to deform like the other zombies, its bionics have become unstable and unreliable.",
    "default_faction": "zombie",
    "species": [ "ZOMBIE" ],
    "diff": 16,
    "size": "MEDIUM",
    "hp": 125,
    "speed": 105,
    "material": [ "flesh" ],
    "harvest": "CBM_CIV",
    "symbol": "Z",
    "color": "light_cyan",
    "aggression": 100,
    "morale": 100,
    "melee_skill": 4,
    "melee_dice": 2,
    "melee_dice_sides": 5,
    "melee_damage": [ { "damage_type": "electric", "amount": 6 } ],
    "dodge": 3,
    "armor_bash": 3,
    "armor_cut": 3,
    "vision_day": 35,
    "vision_night": 8,
    "luminance": 16,
    "emit_fields": [ "emit_spark", "emit_boltstorm" ],
    "special_attacks": [ [ "SHOCKSTORM", 40 ], { "type": "bite", "cooldown": 5 } ],
    "special_when_hit": [ "ZAPBACK", 100 ],
    "death_drops": "mon_zombie_hulk_death_drops",
    "death_function": [ "NORMAL" ],
    "burn_into": "mon_zombie_scorched_shocker",
    "flags": [
      "SEES",
      "HEARS",
      "SMELLS",
      "STUMBLES",
      "WARM",
      "BASHES",
      "GROUP_BASH",
      "POISON",
      "ELECTRIC",
      "CBM_CIV",
      "NO_BREATHE",
      "REVIVES",
      "BONES",
      "PUSH_MON",
      "FILTHY"
    ]
  },
  {
    "id": "mon_zombie_brute",
    "type": "MONSTER",
    "copy-from": "mon_zombie_brute",
    "speed": 80,
    "special_attacks": [
      [ "SMASH", 30 ],
      [ "GRAB", 7 ],
      {
        "id": "hammer",
        "cooldown": 30,
        "accuracy": 3,
        "damage_max_instance": [ { "damage_type": "bash", "amount": 24, "armor_multiplier": 0.75 } ]
      }
    ]
  },
  {
    "id": "mon_zombie_brute_shocker",
    "type": "MONSTER",
    "copy-from": "mon_zombie_brute_shocker",
    "speed": 75,
    "hp": 240,
    "melee_skill": 4,
    "melee_dice": 3,
    "melee_dice_sides": 8,
    "melee_cut": 2,
    "melee_damage": [ { "damage_type": "electric", "amount": 8 } ],
    "dodge": 1,
    "armor_bash": 6,
    "armor_cut": 8,
    "special_attacks": [ [ "SHOCKSTORM", 15 ], [ "SMASH", 30 ], [ "hammer", 30 ] ],
    "emit_fields": [ "emit_spark" ],
    "special_when_hit": [ "ZAPBACK", 75 ],
    "burn_into": "mon_zombie_fiend_shocker"
  },
  {
    "id": "mon_zombie_brute_ninja",
    "type": "MONSTER",
    "copy-from": "mon_zombie_brute_ninja",
    "hp": 220,
    "speed": 110,
    "aggression": 75,
    "melee_skill": 8,
    "melee_dice": 6,
    "melee_dice_sides": 3,
    "melee_cut": 5,
    "dodge": 4,
    "armor_bash": 8,
    "armor_cut": 4,
    "vision_day": 25,
    "vision_night": 20,
    "special_attacks": [
      [ "SMASH", 40 ],
      [ "STRETCH_ATTACK", 30 ],
      [ "LONGSWIPE", 30 ],
      {
        "id": "hammer",
        "cooldown": 40,
        "accuracy": 5,
        "damage_max_instance": [ { "damage_type": "bash", "amount": 24, "armor_multiplier": 0.75 } ]
      }
    ],
    "burn_into": "mon_zombie_fiend_pk"
  },
  {
    "id": "mon_zombie_brute_grappler",
    "type": "MONSTER",
    "copy-from": "mon_zombie_brute_grappler",
    "hp": 280,
    "speed": 80,
    "melee_skill": 7,
    "melee_dice": 8,
    "melee_dice_sides": 3,
    "dodge": 3,
    "armor_bash": 10,
    "armor_cut": 14,
    "armor_stab": 6,
    "vision_day": 40,
    "vision_night": 3,
    "special_attacks": [
      [ "SMASH", 30 ],
      [ "BIO_OP_TAKEDOWN", 20 ],
      [ "RANGED_PULL", 20 ],
      [ "GRAB_DRAG", 10 ],
      { "type": "bite", "cooldown": 15, "min_mul": 0.2, "no_infection_chance": 3 },
      {
        "id": "hammer",
        "cooldown": 30,
        "accuracy": 5,
        "damage_max_instance": [ { "damage_type": "bash", "amount": 28, "armor_multiplier": 0.7 } ]
      }
    ],
    "death_function": [ "NORMAL" ],
    "burn_into": "mon_zombie_fiend_pk"
  },
  {
    "id": "mon_zombie_biter",
    "type": "MONSTER",
    "copy-from": "mon_zombie_biter",
    "description": "A distorted human body with sleek muscles.  Its jaws have elongated into a ursine-like snout, dripping with foul smelling saliva.",
    "diff": 16,
    "hp": 100,
    "speed": 110,
    "aggression": 100,
    "morale": 100,
    "melee_skill": 6,
    "melee_dice": 3,
    "melee_dice_sides": 7,
    "melee_cut": 4,
    "dodge": 3,
    "attack_effs": [ { "id": "flu_zed", "duration": 8000, "chance": 1 } ],
    "armor_bash": 5,
    "armor_cut": 1,
    "vision_day": 25,
    "vision_night": 15,
    "burn_into": "mon_zombie_scorched"
  },
  {
    "id": "mon_zombie_gasbag",
    "type": "MONSTER",
    "copy-from": "mon_zombie_gasbag",
    "attack_effs": [ { "id": "rad_fives", "duration": 1 }, { "id": "rad_tenths", "duration": 10 }, { "id": "rad_tenths", "duration": 30 } ],
    "emit_fields": [ "emit_radiation_plume", "emit_gas_stream", "emit_gas_plume" ],
    "upgrades": { "half_life": 21, "into": "mon_zombie_gasbag_pk" }
  },
  {
    "id": "mon_zombie_smoker",
    "type": "MONSTER",
    "copy-from": "mon_zombie_smoker",
    "attack_effs": [ { "id": "rad_fives", "duration": 5 }, { "id": "rad_tenths", "duration": 30 } ],
    "emit_fields": [ "emit_smoke_stream" ],
    "burn_into": "mon_zombie_scorched_pk",
    "special_attacks": [ [ "scratch", 15 ], { "type": "bite", "cooldown": 5 } ],
    "upgrades": { "half_life": 35, "into_group": "GROUP_ZOMBIE_SMOKER" }
  },
  {
    "id": "mon_zombie_shady",
    "type": "MONSTER",
    "copy-from": "mon_zombie_shady",
    "aggression": 75,
    "vision_day": 6,
    "vision_night": 40,
    "special_attacks": [ [ "GRAB", 10 ], [ "scratch", 20 ], { "type": "bite", "cooldown": 15 } ],
    "burn_into": "mon_zombie_crawler_pk_weak",
    "upgrades": { "half_life": 15, "into": "mon_zombie_shady_pk" }
  },
  {
    "id": "mon_zombie_shady_pk",
    "type": "MONSTER",
    "name": "shadowed zombie",
    "description": "A ropey humanoid figure with a shimmering silhouette, even in full light.  It moves like a zombie, but you can tell nothing more than that.",
    "default_faction": "zombie",
    "categories": [ "CLASSIC" ],
    "species": [ "ZOMBIE" ],
    "diff": 3,
    "size": "MEDIUM",
    "hp": 100,
    "speed": 75,
    "material": [ "flesh" ],
    "harvest": "zombie",
    "symbol": "Z",
    "color": "light_gray",
    "aggression": 60,
    "morale": 100,
    "melee_skill": 6,
    "melee_dice": 2,
    "melee_dice_sides": 7,
    "melee_cut": 2,
    "dodge": 3,
    "armor_bash": 3,
    "armor_cut": 3,
    "vision_day": 5,
    "vision_night": 40,
    "special_attacks": [ [ "scratch", 20 ], [ "GRAB", 15 ], { "type": "bite", "cooldown": 15 } ],
    "anger_triggers": [ "PLAYER_CLOSE", "FRIEND_DIED", "HURT" ],
    "death_drops": "default_zombie_death_drops",
    "death_function": [ "NORMAL" ],
    "burn_into": "mon_zombie_scorched",
    "upgrades": { "half_life": 28, "into": "mon_zombie_shady_ghost" },
    "flags": [
      "SEES",
      "HEARS",
      "SMELLS",
      "STUMBLES",
      "WARM",
      "BASHES",
      "GROUP_BASH",
      "POISON",
      "BLEED",
      "NO_BREATHE",
      "REVIVES",
      "BONES",
      "PUSH_MON",
      "NIGHT_INVISIBILITY",
      "FILTHY"
    ]
  },
  {
    "id": "mon_zombie_shady_ghost",
    "type": "MONSTER",
    "name": "ethereal zombie",
    "description": "The permanent shadow around this gaunt figure makes it hard to make out.  What you can see appears translucent and shimmering.  It is disoriented in light, and actively avoids fire.",
    "default_faction": "zombie",
    "categories": [ "CLASSIC" ],
    "species": [ "ZOMBIE" ],
    "diff": 16,
    "size": "MEDIUM",
    "hp": 90,
    "speed": 100,
    "material": [ "flesh" ],
    "harvest": "zombie",
    "symbol": "Z",
    "color": "black_white",
    "aggression": 5,
    "morale": 90,
    "melee_skill": 6,
    "melee_dice": 3,
    "melee_dice_sides": 6,
    "melee_damage": [ { "damage_type": "true", "amount": 1 } ],
    "attack_effs": [ { "id": "rad_tenths", "duration": 5 }, { "id": "rad_fives", "duration": 5 } ],
    "dodge": 6,
    "armor_bash": 6,
    "armor_cut": 16,
    "armor_acid": 2,
    "armor_fire": 5,
    "vision_day": 10,
    "vision_night": 50,
    "special_attacks": [ [ "GRAB", 5 ], [ "slash", 20 ], { "type": "bite", "cooldown": 20 } ],
    "anger_triggers": [ "PLAYER_CLOSE", "FRIEND_DIED", "STALK", "HURT" ],
    "placate_triggers": [ "FIRE" ],
    "death_function": [ "NORMAL" ],
    "flags": [
      "HARDTOSHOOT",
      "SEES",
      "HEARS",
      "PATH_AVOID_DANGER_1",
      "SMELLS",
      "STUMBLES",
      "BASHES",
      "GROUP_BASH",
      "POISON",
      "BLEED",
      "NO_BREATHE",
      "REVIVES",
      "BONES",
      "PUSH_MON",
      "NIGHT_INVISIBILITY",
      "SWIMS",
      "PLASTIC",
      "FILTHY"
    ]
  },
  {
    "id": "mon_zombie_hollow",
    "type": "MONSTER",
    "copy-from": "mon_zombie_hollow",
    "hp": 100,
    "speed": 80,
    "melee_skill": 6,
    "melee_dice": 2,
    "melee_dice_sides": 7,
    "melee_cut": 2,
    "dodge": 4,
    "armor_bash": 7,
    "armor_cut": 5,
    "armor_stab": 10,
    "death_function": [ "NORMAL" ],
    "burn_into": "mon_zombie_scorched_pk",
    "upgrades": { "half_life": 44, "into": "mon_zombie_hollow_pk" },
    "flags": [
      "SEES",
      "HEARS",
      "REVIVES",
      "STUMBLES",
      "SMELLS",
      "WARM",
      "BASHES",
      "GRABS",
      "GROUP_BASH",
      "POISON",
      "NO_BREATHE",
      "FILTHY"
    ]
  },
  {
    "id": "mon_zombie_master_pk",
    "type": "MONSTER",
    "name": "zombie master",
    "description": "A pale, pink-skinned monster with a wretched smile and cruel pupilless eyes.  Its face contorts in a manner that implies intelligence and emotion.",
    "default_faction": "zombie",
    "species": [ "ZOMBIE" ],
    "diff": 25,
    "size": "MEDIUM",
    "hp": 140,
    "speed": 100,
    "material": [ "flesh" ],
    "harvest": "zombie",
    "symbol": "Z",
    "color": "pink_red",
    "aggression": 5,
    "morale": 100,
    "melee_skill": 6,
    "melee_dice": 2,
    "melee_dice_sides": 7,
    "melee_cut": 4,
    "dodge": 4,
    "armor_bash": 6,
    "armor_cut": 3,
    "armor_acid": 2,
    "armor_fire": 3,
    "vision_day": 50,
    "vision_night": 10,
    "special_attacks": [ [ "UPGRADE", 10 ], [ "FORMBLOB", 900 ], [ "LONGSWIPE", 90 ], [ "slash", 20 ] ],
    "anger_triggers": [ "PLAYER_CLOSE", "PLAYER_WEAK" ],
    "fear_triggers": [ "HURT" ],
    "death_drops": "default_zombie_death_drops",
    "death_function": [ "NORMAL", "BLOBSPLIT" ],
    "burn_into": "mon_zombie_scorched_necro",
    "flags": [
      "SEES",
      "HEARS",
      "GOODHEARING",
      "PATH_AVOID_DANGER_2",
      "PRIORITIZE_TARGETS",
      "SMELLS",
      "WARM",
      "BASHES",
      "POISON",
      "NO_BREATHE",
      "NO_NECRO",
      "REVIVES",
      "BONES",
      "FILTHY"
    ]
  },
  {
    "id": "mon_zombie_necro_pk",
    "type": "MONSTER",
    "name": "zombie necromancer",
    "description": "A twisted, greyskinned humanoid with trembling muscles.  Its contorting arms appear to be imbibed with some otherwordly power as it performs profane gestures at its fallen kin.",
    "default_faction": "zombie",
    "species": [ "ZOMBIE" ],
    "diff": 25,
    "size": "MEDIUM",
    "hp": 160,
    "speed": 100,
    "material": [ "flesh" ],
    "harvest": "zombie",
    "symbol": "Z",
    "color": "dark_gray",
    "aggression": 5,
    "morale": 100,
    "melee_skill": 5,
    "melee_dice": 3,
    "melee_dice_sides": 4,
    "melee_cut": 6,
    "dodge": 6,
    "armor_bash": 8,
    "armor_cut": 4,
    "armor_acid": 3,
    "armor_fire": 3,
    "vision_day": 50,
    "vision_night": 10,
    "special_attacks": [ [ "RESURRECT", 10 ], [ "FORMBLOB", 960 ], [ "slash", 20 ] ],
    "anger_triggers": [ "PLAYER_CLOSE", "PLAYER_WEAK" ],
    "fear_triggers": [ "HURT" ],
    "death_drops": "default_zombie_death_drops",
    "death_function": [ "NORMAL", "BLOBSPLIT" ],
    "burn_into": "mon_zombie_scorched_necro",
    "flags": [
      "SEES",
      "HEARS",
      "GOODHEARING",
      "PATH_AVOID_DANGER_2",
      "PRIORITIZE_TARGETS",
      "SMELLS",
      "WARM",
      "BASHES",
      "POISON",
      "NO_BREATHE",
      "NO_NECRO",
      "REVIVES",
      "BONES",
      "FILTHY"
    ]
  },
  {
    "id": "mon_zombie_lord",
    "type": "MONSTER",
    "name": "zombie lord",
    "description": "Standing with erect back and mocking smile, this graceful zombie appears to actually direct nearby zombies with glares and the twitching of its jagged claws.  Its skin is a revolting shade of pink, and every once in a while it stops what it is doing to excrete a few gooey, animate blobs.",
    "default_faction": "zombie",
    "species": [ "ZOMBIE" ],
    "diff": 25,
    "size": "MEDIUM",
    "hp": 180,
    "speed": 100,
    "material": [ "flesh" ],
    "harvest": "zombie",
    "symbol": "Z",
    "color": "red_magenta",
    "aggression": 5,
    "morale": 100,
    "melee_skill": 8,
    "melee_dice": 3,
    "melee_dice_sides": 6,
    "melee_cut": 7,
    "dodge": 6,
    "attack_effs": [
      { "id": "rad_tenths", "duration": 5 },
      { "id": "rad_tenths", "duration": 10 },
      { "id": "rad_tenths", "duration": 15 }
    ],
    "armor_bash": 12,
    "armor_cut": 8,
    "armor_acid": 3,
    "armor_fire": 3,
    "vision_day": 50,
    "vision_night": 10,
    "special_attacks": [ [ "UPGRADE", 20 ], [ "RESURRECT", 20 ], [ "FORMBLOB", 320 ], [ "LONGSWIPE", 15 ], [ "slash", 20 ] ],
    "anger_triggers": [ "PLAYER_CLOSE", "PLAYER_WEAK" ],
    "fear_triggers": [ "HURT" ],
    "death_drops": "default_zombie_death_drops",
    "death_function": [ "NORMAL", "BLOBSPLIT" ],
    "burn_into": "mon_zombie_scorched_necro",
    "flags": [
      "SEES",
      "HEARS",
      "GOODHEARING",
      "PATH_AVOID_DANGER_2",
      "PRIORITIZE_TARGETS",
      "SMELLS",
      "WARM",
      "BASHES",
      "POISON",
      "NO_BREATHE",
      "NO_NECRO",
      "REVIVES",
      "BONES",
      "FILTHY"
    ]
  },
  {
    "id": "mon_zombie_swimmer",
    "type": "MONSTER",
    "copy-from": "mon_zombie_swimmer",
    "burn_into": "mon_zombie_scorched",
    "attack_effs": [ { "id": "flu_zed", "duration": 8000, "chance": 2 } ],
    "special_attacks": [ [ "GRAB", 15 ], [ "scratch", 15 ], { "type": "bite", "cooldown": 5 } ],
    "upgrades": { "half_life": 17, "into": "mon_zombie_mancroc" }
  },
  {
    "id": "mon_zombie_swimmer_pk",
    "type": "MONSTER",
    "name": "swimmer zombie",
    "description": "This web-footed swimmer sways in a restless but predatory manner.",
    "default_faction": "zombie",
    "species": [ "ZOMBIE" ],
    "diff": 10,
    "size": "MEDIUM",
    "hp": 80,
    "speed": 90,
    "material": [ "flesh" ],
    "harvest": "zombie",
    "symbol": "Z",
    "color": "light_blue",
    "aggression": 100,
    "morale": 100,
    "melee_skill": 5,
    "melee_dice": 2,
    "melee_dice_sides": 5,
    "melee_cut": 3,
    "dodge": 2,
    "attack_effs": [ { "id": "rad_tenths", "duration": 5 } ],
    "armor_bash": 2,
    "vision_day": 40,
    "vision_night": 5,
    "special_attacks": [ [ "GRAB", 10 ], [ "scratch", 10 ], { "type": "bite", "cooldown": 20 } ],
    "death_drops": "mon_zombie_swimmer_death_drops",
    "death_function": [ "NORMAL" ],
    "burn_into": "mon_zombie_scorched",
    "upgrades": { "half_life": 17, "into": "mon_zombie_scales" },
    "flags": [
      "SEES",
      "HEARS",
      "SMELLS",
      "STUMBLES",
      "WARM",
      "BASHES",
      "GROUP_BASH",
      "POISON",
      "NO_BREATHE",
      "BLEED",
      "SWIMS",
      "REVIVES",
      "BONES",
      "PUSH_MON",
      "FILTHY"
    ]
  },
  {
    "id": "mon_zombie_scales",
    "type": "MONSTER",
    "name": "encrusted zombie",
    "description": "This zombie seems to be more comfortable in water than out.  Its skin has hardened into a flaky chitinous layer, and its ponderous movements belie its hostility.",
    "default_faction": "zombie",
    "species": [ "ZOMBIE" ],
    "diff": 16,
    "size": "MEDIUM",
    "hp": 120,
    "speed": 80,
    "material": [ "flesh" ],
    "harvest": "zombie",
    "symbol": "Z",
    "color": "blue_cyan",
    "aggression": 100,
    "morale": 100,
    "melee_skill": 5,
    "melee_dice": 8,
    "melee_dice_sides": 2,
    "melee_cut": 1,
    "dodge": 2,
    "attack_effs": [ { "id": "rad_tenths", "duration": 15 } ],
    "armor_bash": 10,
    "armor_cut": 18,
    "armor_stab": 12,
    "armor_fire": 8,
    "vision_day": 40,
    "vision_night": 4,
    "special_attacks": [ [ "GRAB_DRAG", 20 ], [ "slash", 20 ], { "type": "bite", "cooldown": 8 } ],
    "death_drops": { "subtype": "collection", "groups": [ [ "mon_zombie_swimmer_death_drops", 20 ] ] },
    "death_function": [ "NORMAL" ],
    "burn_into": "mon_zombie_fiend",
    "flags": [
      "CHITIN",
      "SEES",
      "HEARS",
      "GOODHEARING",
      "SMELLS",
      "STUMBLES",
      "WARM",
      "BASHES",
      "GROUP_BASH",
      "POISON",
      "NO_BREATHE",
      "BLEED",
      "SWIMS",
      "REVIVES",
      "BONES",
      "PUSH_MON",
      "FILTHY"
    ]
  },
  {
    "id": "mon_zombie_mancroc",
    "type": "MONSTER",
    "copy-from": "mon_zombie_mancroc",
    "hp": 120,
    "speed": 100,
    "melee_skill": 4,
    "melee_dice": 3,
    "melee_dice_sides": 5,
    "melee_cut": 8,
    "dodge": 2,
    "armor_bash": 3,
    "armor_cut": 6,
    "vision_day": 25,
    "vision_night": 5,
    "attack_effs": [ { "id": "flu_zed", "duration": 8000, "chance": 1 } ],
    "special_attacks": [
      [ "GRAB_DRAG", 25 ],
      [ "slash", 20 ],
      {
        "type": "bite",
        "cooldown": 10,
        "accuracy": 7,
        "damage_max_instance": [
          { "damage_type": "stab", "amount": 8, "armor_multiplier": 0.5 },
          { "damage_type": "bash", "amount": 18, "armor_multiplier": 0.5 }
        ]
      }
    ],
    "death_function": [ "NORMAL" ],
    "burn_into": "mon_zombie_scorched_pk"
  },
  {
    "id": "mon_zombie_crawler_pk_weak",
    "type": "MONSTER",
    "name": "shambling zombie",
    "description": "A prone body propped up on outstretched arms; with moist, jagged cracks along its fire-hardened skin.  Sticky sludge escapes from holes in its chest cavity where the friction of crawling has torn through.",
    "default_faction": "zombie",
    "species": [ "ZOMBIE" ],
    "diff": 16,
    "size": "MEDIUM",
    "hp": 90,
    "speed": 45,
    "material": [ "flesh" ],
    "harvest": "zombie",
    "symbol": "Z",
    "color": "green_yellow",
    "aggression": 100,
    "morale": 100,
    "melee_skill": 5,
    "melee_dice": 1,
    "melee_dice_sides": 10,
    "melee_damage": [ { "damage_type": "acid", "amount": 12 } ],
    "dodge": 1,
    "armor_bash": 7,
    "armor_cut": 4,
    "armor_fire": 1,
    "vision_day": 10,
    "vision_night": 20,
    "emit_fields": [ "emit_sludge_small" ],
    "special_attacks": [ [ "ACID_BARF", 30 ], [ "GRAB", 60 ], [ "PARROT", 50 ], [ "FORMBLOB", 2200 ] ],
    "special_when_hit": [ "ACIDSPLASH", 25 ],
    "death_function": [ "NORMAL" ],
    "burn_into": "mon_zombie_crawler_pk",
    "flags": [
      "ACIDPROOF",
      "ACID_BLOOD",
      "SEES",
      "HEARS",
      "POISON",
      "NO_BREATHE",
      "REVIVES",
      "NO_NECRO",
      "REVIVES_HEALTHY",
      "SLUDGEPROOF",
      "FLAMMABLE",
      "SWIMS",
      "FILTHY"
    ]
  },
  {
    "id": "mon_zombie_crawler_pk",
    "type": "MONSTER",
    "name": "shambler",
    "description": "A prone humanoidesque monster, engorged to the size of 3 men, that springs forward with a sickening sucking sound.  As it consumes bodies and materials from the ground it becomes much, much stronger and produces several blobs.",
    "default_faction": "zombie",
    "species": [ "ZOMBIE" ],
    "diff": 24,
    "size": "LARGE",
    "hp": 90,
    "speed": 65,
    "material": [ "flesh" ],
    "harvest": "zombie",
    "symbol": "Z",
    "color": "green_yellow",
    "aggression": 100,
    "morale": 100,
    "melee_skill": 5,
    "melee_dice": 1,
    "melee_dice_sides": 6,
    "melee_damage": [ { "damage_type": "acid", "amount": 8 }, { "damage_type": "stab", "amount": 8 } ],
    "dodge": 1,
    "armor_bash": 7,
    "armor_cut": 4,
    "armor_fire": 3,
    "vision_day": 5,
    "vision_night": 15,
    "emit_fields": [ "emit_sludge" ],
    "special_attacks": [ [ "ACID_BARF", 30 ], [ "GRAB", 60 ], [ "PARROT", 40 ], [ "FORMBLOB", 2000 ] ],
    "special_when_hit": [ "ACIDSPLASH", 10 ],
    "death_function": [ "NORMAL" ],
    "burn_into": "mon_zombie_crawler_scorched",
    "flags": [
      "ACIDPROOF",
      "ACID_BLOOD",
      "SEES",
      "HEARS",
      "POISON",
      "NO_BREATHE",
      "REVIVES",
      "NO_NECRO",
      "REVIVES_HEALTHY",
      "PLASTIC",
      "SLUDGEPROOF",
      "FLAMMABLE",
      "ABSORBS",
      "SWIMS",
      "FILTHY"
    ]
  },
  {
    "id": "mon_zombie_hulk_pk",
    "type": "MONSTER",
    "name": "zombie tank",
    "description": "Rumored to be the conjoining of several bodies, the massive Zombie Tank is perhaps the ultimate tool of destruction.  Making up for what it lacks in skill with brutality, it is the wrecking ball of the zombie scourge.",
    "default_faction": "zombie",
    "species": [ "ZOMBIE" ],
    "diff": 60,
    "size": "HUGE",
    "hp": 650,
    "speed": 135,
    "material": [ "flesh" ],
    "harvest": "zombie",
    "symbol": "Z",
    "color": "magenta_white",
    "aggression": 100,
    "morale": 100,
    "melee_skill": 6,
    "melee_dice": 2,
    "melee_dice_sides": 20,
    "melee_cut": 4,
    "dodge": 4,
    "armor_bash": 14,
    "armor_cut": 20,
    "armor_stab": 10,
    "armor_fire": 5,
    "vision_day": 50,
    "vision_night": 4,
    "special_attacks": [ [ "SMASH", 20 ], [ "BIO_OP_TAKEDOWN", 30 ] ],
    "death_drops": "mon_zombie_hulk_death_drops",
    "death_function": [ "NORMAL" ],
    "burn_into": "mon_zombie_fiend_pk",
    "flags": [
      "SEES",
      "HEARS",
      "SMELLS",
      "STUMBLES",
      "WARM",
      "BASHES",
      "BLEED",
      "DESTROYS",
      "POISON",
      "ATTACKMON",
      "LEATHER",
      "NO_BREATHE",
      "REVIVES",
      "BONES",
      "FAT",
      "PUSH_MON",
      "FILTHY"
    ]
  },
  {
    "id": "mon_boomer_huge_pk",
    "type": "MONSTER",
    "name": "huge boomer",
    "description": "This boomer, normally swollen and ready to burst, has strengthened and solidified.  The bile dribbling from its mouth also appears to have changed...",
    "default_faction": "zombie",
    "species": [ "ZOMBIE" ],
    "diff": 15,
    "size": "LARGE",
    "hp": 60,
    "speed": 85,
    "material": [ "flesh" ],
    "harvest": "zombie",
    "symbol": "Z",
    "color": "pink_white",
    "aggression": 100,
    "morale": 100,
    "melee_skill": 2,
    "melee_dice": 3,
    "melee_dice_sides": 3,
    "attack_effs": [ { "id": "rad_tenths", "duration": 60 } ],
    "dodge": 0,
    "armor_bash": 5,
    "armor_cut": 5,
    "vision_day": 40,
    "vision_night": 5,
    "emit_fields": [ "emit_radiation_plume", "emit_bile" ],
    "luminance": 2,
    "special_attacks": [ [ "scratch", 20 ], [ "BOOMER_GLOW", 20 ], [ "BREATHE", 8 ] ],
    "death_drops": "default_zombie_items",
    "death_function": [ "BOOMER_GLOW" ],
    "flags": [
      "SEES",
      "GOODHEARING",
      "STUMBLES",
      "WARM",
      "BASHES",
      "GROUP_BASH",
      "POISON",
      "NO_BREATHE",
      "REVIVES",
      "BILE_BLOOD",
      "BONES",
      "FAT",
      "PUSH_MON",
      "PATH_AVOID_DANGER_1",
      "FILTHY"
    ]
  },
  {
    "id": "mon_charred_nightmare",
    "type": "MONSTER",
    "copy-from": "mon_charred_nightmare",
    "attack_effs": [ { "id": "rad_fives", "duration": 20 } ],
    "emit_fields": [ "emit_radiation_plume" ],
    "flags": [ "SEES", "STUMBLES", "WARM", "BASHES", "GROUP_BASH", "NOGIB", "BONES", "POISON", "NO_BREATHE", "FILTHY" ]
  },
  {
    "id": "mon_irradiated_wanderer_1",
    "type": "MONSTER",
    "copy-from": "mon_irradiated_wanderer_1",
    "attack_effs": [ { "id": "rad_tenths", "duration": 10 } ],
    "flags": [ "SEES", "HEARS", "STUMBLES", "WARM", "BASHES", "GROUP_BASH", "NOGIB", "BONES", "POISON", "NO_BREATHE", "FILTHY" ]
  },
  {
    "id": "mon_irradiated_wanderer_2",
    "type": "MONSTER",
    "copy-from": "mon_irradiated_wanderer_2",
    "attack_effs": [ { "id": "rad_tenths", "duration": 12 } ],
    "flags": [ "SEES", "HEARS", "STUMBLES", "WARM", "BASHES", "GROUP_BASH", "NOGIB", "BONES", "POISON", "NO_BREATHE", "FILTHY" ]
  },
  {
    "id": "mon_irradiated_wanderer_3",
    "type": "MONSTER",
    "copy-from": "mon_irradiated_wanderer_3",
    "attack_effs": [ { "id": "rad_tenths", "duration": 20 } ],
    "flags": [ "SEES", "HEARS", "STUMBLES", "WARM", "BASHES", "GROUP_BASH", "NOGIB", "BONES", "POISON", "NO_BREATHE", "FILTHY" ]
  },
  {
    "id": "mon_irradiated_wanderer_4",
    "type": "MONSTER",
    "copy-from": "mon_irradiated_wanderer_4",
    "attack_effs": [ { "id": "rad_fives", "duration": 5 } ],
    "flags": [ "SEES", "HEARS", "STUMBLES", "WARM", "BASHES", "GROUP_BASH", "NOGIB", "BONES", "POISON", "NO_BREATHE", "FILTHY" ]
  },
  {
    "id": "mon_zombie_gasbag_pk",
    "type": "MONSTER",
    "name": "putrid zombie",
    "description": "A fetid body with a featureless face that emits a noxious gas of unknown makeup.  Its skin knots and reforms into putty-like globs as it walks and attacks, and bullets seem to pass through its morphing form.  A glimmering sludge drips from its open mouth.",
    "default_faction": "zombie",
    "species": [ "ZOMBIE" ],
    "diff": 10,
    "size": "MEDIUM",
    "hp": 110,
    "speed": 100,
    "material": [ "flesh" ],
    "harvest": "zombie",
    "symbol": "Z",
    "color": "pink_magenta",
    "aggression": 100,
    "morale": 100,
    "melee_skill": 7,
    "melee_dice": 2,
    "melee_dice_sides": 10,
    "attack_effs": [ { "id": "rad_tenths", "duration": 60 } ],
    "dodge": 2,
    "armor_bash": 16,
    "armor_cut": 2,
    "armor_stab": 12,
    "armor_acid": 2,
    "armor_fire": 10,
    "vision_day": 40,
    "vision_night": 4,
    "emit_fields": [ "emit_gas_plume", "emit_radiation_plume" ],
    "special_attacks": [ [ "GRAB_DRAG", 12 ], [ "STRETCH_ATTACK", 15 ] ],
    "death_function": [ "GAS", "BOOMER_GLOW" ],
    "flags": [
      "SEES",
      "HEARS",
      "STUMBLES",
      "BASHES",
      "GROUP_BASH",
      "POISON",
      "HARDTOSHOOT",
      "NO_BREATHE",
      "REVIVES",
      "BONES",
      "PUSH_MON",
      "PATH_AVOID_DANGER_1",
      "FILTHY"
    ]
  },
  {
    "id": "mon_zombie_radbag",
    "type": "MONSTER",
    "name": "smoldering zombie",
    "description": "A faintly shimmering and leathery humanoid within a cloud of misty vapors.  Horrible burns pock its rough flakey skin.  Just looking at it make your skin prickle; being close it makes you feel tingly in a very bad way.",
    "default_faction": "zombie",
    "species": [ "ZOMBIE" ],
    "diff": 16,
    "size": "MEDIUM",
    "hp": 80,
    "speed": 70,
    "material": [ "flesh" ],
    "harvest": "zombie",
    "symbol": "Z",
    "color": "light_green_yellow",
    "aggression": 100,
    "morale": 100,
    "melee_skill": 5,
    "melee_dice": 2,
    "melee_dice_sides": 5,
    "melee_cut": 3,
    "melee_damage": [ { "damage_type": "heat", "amount": 2 } ],
    "attack_effs": [ { "id": "rad_tenths", "duration": 120 }, { "id": "rad_fives", "duration": 10 } ],
    "dodge": 5,
    "armor_bash": 8,
    "armor_cut": 2,
    "vision_day": 50,
    "vision_night": 9,
    "luminance": 3,
    "emit_fields": [ "emit_radiation_plume", "emit_gas_plume" ],
    "special_attacks": [ [ "GRAB", 20 ] ],
    "death_drops": "mon_zombie_hulk_death_drops",
    "death_function": [ "MELT" ],
    "flags": [ "SEES", "HEARS", "STUMBLES", "WARM", "POISON", "NO_BREATHE", "REVIVES", "BONES", "NIGHT_INVISIBILITY", "FILTHY" ]
  },
  {
    "id": "mon_zombie_smoker_pk",
    "type": "MONSTER",
    "name": "zombie incus",
    "description": "A stout, shadowy humanoid that emits a constant aura of smog around it.  This thick smoke hides its allies and obscures vision through it.",
    "default_faction": "zombie",
    "species": [ "ZOMBIE" ],
    "diff": 16,
    "size": "MEDIUM",
    "hp": 80,
    "speed": 90,
    "material": [ "flesh" ],
    "harvest": "zombie",
    "symbol": "Z",
    "color": "light_green_yellow",
    "aggression": 100,
    "morale": 100,
    "melee_skill": 5,
    "melee_dice": 2,
    "melee_dice_sides": 5,
    "melee_cut": 4,
    "attack_effs": [ { "id": "rad_tenths", "duration": 60 }, { "id": "rad_fives", "duration": 10 } ],
    "dodge": 5,
    "armor_bash": 8,
    "armor_cut": 2,
    "vision_day": 50,
    "vision_night": 9,
    "emit_fields": [ "emit_smoke_blast", "emit_radiation_plume" ],
    "special_attacks": [
      [ "GRAB", 20 ],
      [ "slash", 20 ],
      {
        "id": "scratch",
        "cooldown": 15,
        "accuracy": 4,
        "damage_max_instance": [ { "damage_type": "heat", "amount": 2 }, { "damage_type": "cut", "amount": 9, "armor_multiplier": 0.67 } ]
      }
    ],
    "death_drops": "mon_zombie_hulk_death_drops",
    "death_function": [ "MELT" ],
    "flags": [ "SEES", "HEARS", "STUMBLES", "WARM", "POISON", "NO_BREATHE", "REVIVES", "BONES", "NIGHT_INVISIBILITY", "FILTHY" ]
  }
]
