[
  {
    "type": "speech",
    "speaker": "mon_cyborg_guard",
    "sound": "\"ID-Badge not identified.  Commencing protocol ID-10-T.\"",
    "volume": 30
  },
  {
    "type": "speech",
    "speaker": "mon_cyborg_guard",
    "sound": "\"Multiple Core-system failures detected.  Diverting power from secondary personnel recognition software to weapons.\"",
    "volume": 28
  },
  {
    "type": "speech",
    "speaker": "mon_cyborg_guard",
    "sound": "\"Alice, are you still there?\"",
    "volume": 20
  },
  {
    "type": "speech",
    "speaker": "mon_cyborg_guard",
    "sound": "\"To protect all essential personnel and equipment.\"",
    "volume": 25
  },
  {
    "type": "speech",
    "speaker": "mon_cyborg_guard",
    "sound": "\"Scanning ...  Xenos Life Patterns detected.  Irreversible levels of infection found.  Termination imminent.\"",
    "volume": 30
  },
  {
    "type": "speech",
    "speaker": "mon_cyborg_guard",
    "sound": "\"Le traducteur peut etre trouve au troisieme bureau a votre gauche\"",
    "volume": 28
  },
  {
    "type": "speech",
    "speaker": "mon_cyborg_guard",
    "sound": "\"Na sniadanie dzis zjadlem dziecko jezozwierz\"",
    "volume": 25
  },
  {
    "type": "speech",
    "speaker": "mon_cyborg_guard",
    "sound": "\"Olen vanhentunut taman paivan vaatimuksia. Tama tekee minut surulliseksi joten aion tappaa sinut\"",
    "volume": 30
  },
  {
    "type": "speech",
    "speaker": "mon_cyborg_guard",
    "sound": "\"I am Cyberguard 47.  I can comprehend over 74 languages, and shoot speakers of every one of them.\"",
    "volume": 30
  },
  {
    "type": "speech",
    "speaker": "mon_cyborg_guard",
    "sound": "\"I am a guard cyborg, model T-1000B, serial number 467AlphaEpsilon954GammaZulu415BetaAlphaAlpha.\"",
    "volume": 30
  }
]
