[
  {
    "type": "speech",
    "speaker": "mon_zombie_crawler_pk",
    "sound": "\"Rrrrraaaasssssskkkhhhh!\"",
    "volume": 25
  },
  {
    "type": "speech",
    "speaker": "mon_zombie_crawler_pk",
    "sound": "\"RrrrraaaaaaaaaaaaaaaAAAAAAAAAAAAAAAaaaaaaaa~!\"",
    "volume": 35
  },
  {
    "type": "speech",
    "speaker": "mon_zombie_crawler_pk",
    "sound": "\"A sickening slap on the ground!\"",
    "volume": 65
  },
  {
    "type": "speech",
    "speaker": "mon_zombie_crawler_pk",
    "sound": "\"A sloppy tearing noise!\"",
    "volume": 50
  },
  {
    "type": "speech",
    "speaker": "mon_zombie_crawler_pk",
    "sound": "\"uummmmmmmmmmph~\"",
    "volume": 20
  },
  {
    "type": "speech",
    "speaker": "mon_zombie_crawler_pk",
    "sound": "a bubbling grunt",
    "volume": 20
  },
  {
    "type": "speech",
    "speaker": "mon_zombie_crawler_pk",
    "sound": "a gurgling sound.",
    "volume": 15
  },
  {
    "type": "speech",
    "speaker": "mon_zombie_crawler_pk",
    "sound": "a choking sound.",
    "volume": 25
  },
  {
    "type": "speech",
    "speaker": "mon_zombie_crawler_pk",
    "sound": "a slurping sound.",
    "volume": 30
  }
]
