[
  {
    "type": "speech",
    "speaker": "mon_furvivor_smg",
    "sound": "\"Paco can run his own damn meth next time.  Im done.\"",
    "volume": 20
  },
  {
    "type": "speech",
    "speaker": "mon_furvivor_smg",
    "sound": "\"Weed, Meth, Coke n' crack, my pockets flowin' over out the back.\"",
    "volume": 20
  },
  {
    "type": "speech",
    "speaker": "mon_furvivor_smg",
    "sound": "\"Pew pew pewpewpew.  kneheheh\"",
    "volume": 15
  },
  {
    "type": "speech",
    "speaker": "mon_furvivor_smg",
    "sound": "\"Whaaaaaaarnm, Im an air-plane!\"",
    "volume": 25
  },
  {
    "type": "speech",
    "speaker": "mon_furvivor_smg",
    "sound": "\"'UZI' WHAT HAPPENS WHEN YOU MESS WITH ME?!!  HEHHeeehehHEE!\"",
    "volume": 45
  },
  {
    "type": "speech",
    "speaker": "mon_furvivor_smg",
    "sound": "\"I told her I'd give it back when I was done but Noooo, we had to play it hardball.\"",
    "volume": 20
  },
  {
    "type": "speech",
    "speaker": "mon_furvivor_smg",
    "sound": "\"Ugh, cramps, oww\"",
    "volume": 20
  },
  {
    "type": "speech",
    "speaker": "mon_furvivor_smg",
    "sound": "\"This nature shit.  Ive got deerturds on my boots!\"",
    "volume": 20
  },
  {
    "type": "speech",
    "speaker": "mon_furvivor_smg",
    "sound": "\"You see how I lit up that zombie?  So many holes I made it look like one of them fountain statues\"",
    "volume": 20
  },
  {
    "type": "speech",
    "speaker": "mon_furvivor_smg",
    "sound": "\"Henheenugh\"",
    "volume": 15
  },
  {
    "type": "speech",
    "speaker": "mon_furvivor_smg",
    "sound": "\"OMMMMMMMMMMMMMMMMMMMMMMMMMMMMMMMMMM-\"",
    "volume": 25
  },
  {
    "type": "speech",
    "speaker": "mon_furvivor_smg",
    "sound": "\"Never gonna stop.  Powpow\"",
    "volume": 20
  },
  {
    "type": "speech",
    "speaker": "mon_furvivor_smg",
    "sound": "\"I've found MYCU-lling in life.  Huehuehue\"",
    "volume": 25
  },
  {
    "type": "speech",
    "speaker": "mon_furvivor_smg",
    "sound": "\"I know you know I know you know I know you know I know\"",
    "volume": 20
  },
  {
    "type": "speech",
    "speaker": "mon_furvivor_smg",
    "sound": "\"Watching the bombs was fun, but getting into the action is for me.\"",
    "volume": 15
  },
  {
    "type": "speech",
    "speaker": "mon_furvivor_smg",
    "sound": "\"Why the fuck do all this dumb insects get gianted, but here I am; little old me with my compact gun.\"",
    "volume": 20
  },
  {
    "type": "speech",
    "speaker": "mon_furvivor_smg",
    "sound": "\"I saw a guy running around with 2 megaman arms.  It was the trippiest shit ever.\"",
    "volume": 15
  }
]
