[
  {
    "type": "speech",
    "speaker": "mon_cyborg_cop",
    "sound": "\"I detect a sudden rise in hubris in this region.\"",
    "volume": 24
  },
  {
    "type": "speech",
    "speaker": "mon_cyborg_cop",
    "sound": "\"The name's Murphy.\"",
    "volume": 20
  },
  {
    "type": "speech",
    "speaker": "mon_cyborg_cop",
    "sound": "\"Did you come here knowing you had a warrent out?\"",
    "volume": 20
  },
  {
    "type": "speech",
    "speaker": "mon_cyborg_cop",
    "sound": "\"Sensors have indicated you J-walked several times within the past 5 days.  Public disorder is no excuse for criminal activity.\"",
    "volume": 20
  },
  {
    "type": "speech",
    "speaker": "mon_cyborg_cop",
    "sound": "\"This area is off limits to non-law-efforcement personnel.  Leave immediately.\"",
    "volume": 32
  },
  {
    "type": "speech",
    "speaker": "mon_cyborg_cop",
    "sound": "\"Sensors indicate an ongoing riot.  Return to your homes or be subject to arrest.\"",
    "volume": 32
  },
  {
    "type": "speech",
    "speaker": "mon_cyborg_cop",
    "sound": "\"Halt!  You have violated the law.  Pay your fine or come with me.\"",
    "volume": 32
  },
  {
    "type": "speech",
    "speaker": "mon_cyborg_cop",
    "sound": "\"Stop right there, criminal scum!\"",
    "volume": 24
  },
  {
    "type": "speech",
    "speaker": "mon_cyborg_cop",
    "sound": "\"Initiating self-repair preservation protocols.  Backing up data... ...\"",
    "volume": 20
  }
]
