[
  {
    "type": "mapgen",
    "om_terrain": "barn_old",
    "method": "json",
    "weight": 100,
    "fill_ter": "t_dirtfloor",
    "object": {
      "rows": [
        "........,,,,,,,,........",
        "........,,,,,,,,........",
        "........,,,,,,,,........",
        "........,,,,,,,,&.......",
        "...|-1--MMMMMMMM--1-|...",
        "...|HHH         &   |...",
        "...1HHH             1...",
        "...1HHH             1...",
        "...|                |...",
        "...|~~~          ~~~|...",
        "...|  ]          ]  |...",
        "...|  ]          ]  |...",
        "...1  [          [  1...",
        "...1  [          [  1...",
        "...|  ]          ]  |...",
        "...|  ]          ]  |...",
        "...|~~~          ~~~|...",
        "...|                |...",
        "...1                1...",
        "...1                1...",
        "...|LLLL        &   |...",
        "...|-1--MMMMMMMM--1-|...",
        "........,,,,,,,,&.......",
        "........,,,,,,,,........"
      ],
      "terrain": {
        ".": [ "t_grass", "t_grass", "t_grass", "t_grass", "t_dirt" ],
        ",": "t_dirt",
        "|": [ "t_wall_wood", "t_wall_wood", "t_wall_wood", "t_wall_wood", "t_wall_wood_chipped" ],
        "-": [ "t_wall_wood", "t_wall_wood", "t_wall_wood", "t_wall_wood", "t_wall_wood_chipped" ],
        "M": "t_door_metal_locked",
        "H": "t_dirtfloor",
        "L": "t_dirtfloor",
        " ": "t_dirtfloor",
        "&": "t_barndoor",
        "1": [ "t_window_boarded", "t_window_boarded", "t_window_boarded", "t_window_boarded", "t_window_boarded", "t_window_frame" ],
        "~": "t_fence_h",
        "]": "t_fence_v",
        "[": "t_fencegate_c"
      },
      "mapping": {
        ".": { "item": { "item": "rock", "chance": [ 1 ] } },
        "H": { "terrain": "t_dirtfloor", "furniture": "f_hay", "item": { "item": "straw_pile", "amount": [ 10 ] } },
        "L": {
          "terrain": "t_dirtfloor",
          "furniture": "f_locker",
          "items": [
            { "item": "farming_tools", "chance": [ 10 ] },
            { "item": "home_hw", "chance": [ 10 ] },
            { "item": "tools_common", "chance": [ 10 ] }
          ]
        }
      },
      "place_monsters": [ { "monster": "GROUP_PEST", "x": [ 5, 11 ], "y": [ 5, 11 ], "chance": 4 } ],
      "place_vehicles": [ { "vehicle": "plantation_vehicles", "x": 10, "y": 12, "rotation": -90, "chance": 33 } ],
      "place_items": [
        { "item": "mine_storage", "chance": 8, "x": [ 3, 4 ], "y": 10 },
        { "item": "mine_storage", "chance": 8, "x": [ 17, 18 ], "y": 10 },
        { "item": "mine_storage", "chance": 8, "x": [ 3, 4 ], "y": 15 },
        { "item": "mine_storage", "chance": 8, "x": [ 17, 18 ], "y": 15 }
      ]
    }
  },
  {
    "type": "mapgen",
    "om_terrain": "barn_old",
    "method": "json",
    "weight": 150,
    "fill_ter": "t_dirtfloor",
    "object": {
      "rows": [
        "........,,,,,,,,........",
        "........,,,,,,,,........",
        "........,,,,,,,,........",
        "........,,,,,,,,&.......",
        "...|-1--MMMMMMMM--1-|...",
        "...|            &   |...",
        "...1                1...",
        "...1                1...",
        "...|                |...",
        "...|~~~          ~~~|...",
        "...|  ]          ]  |...",
        "...|  ]          ]  |...",
        "...1  [          [  1...",
        "...1  [          [  1...",
        "...|  ]          ]  |...",
        "...|  ]          ]  |...",
        "...|~~~          ~~~|...",
        "...|                |...",
        "...1                1...",
        "...1                1...",
        "...|            &   |...",
        "...|-1--MMMMMMMM--1-|...",
        "........,,,,,,,,&.......",
        "........,,,,,,,,........"
      ],
      "terrain": {
        ".": [ "t_grass", "t_grass", "t_grass", "t_grass", "t_dirt" ],
        ",": "t_dirt",
        "|": [ "t_wall_wood", "t_wall_wood", "t_wall_wood_chipped", "t_wall_wood_chipped", "t_wall_wood_chipped" ],
        "-": [ "t_wall_wood", "t_wall_wood", "t_wall_wood_chipped", "t_wall_wood_chipped", "t_wall_wood_chipped" ],
        "M": "t_door_metal_locked",
        " ": "t_dirtfloor",
        "&": "t_barndoor",
        "1": [ "t_window_boarded", "t_window_boarded", "t_window_frame" ],
        "~": [ "t_fence_h", "t_dirtfloor", "t_dirtfloor" ],
        "]": [ "t_fence_v", "t_dirtfloor", "t_dirtfloor" ],
        "[": [ "t_fencegate_c", "t_dirtfloor", "t_dirtfloor" ]
      },
      "mapping": { ".": { "item": { "item": "rock", "chance": [ 1 ] } }, " ": { "items": { "item": "farming_tools", "chance": [ 1 ] } } },
      "place_monsters": [ { "monster": "GROUP_PEST", "x": [ 5, 11 ], "y": [ 5, 11 ], "chance": 4, "repeat": [ 1, 2 ] } ],
      "place_vehicles": [ { "vehicle": "plantation_vehicles", "x": 10, "y": 12, "rotation": -90, "chance": 50 } ],
      "place_items": [
        { "item": "mine_storage", "chance": 4, "x": [ 3, 4 ], "y": 10 },
        { "item": "mine_storage", "chance": 4, "x": [ 17, 18 ], "y": 10 },
        { "item": "mine_storage", "chance": 4, "x": [ 3, 4 ], "y": 15 },
        { "item": "mine_storage", "chance": 4, "x": [ 17, 18 ], "y": 15 }
      ]
    }
  },
  {
    "type": "mapgen",
    "om_terrain": "barn_old",
    "method": "json",
    "weight": 100,
    "fill_ter": "t_dirtfloor",
    "object": {
      "rows": [
        "........,,,,,,,,........",
        "........,,,,,,,,........",
        "........,,,,,,,,........",
        "........,,,,,,,,,.......",
        "...|-1--MMMMMMMM--1-|...",
        "...|                |...",
        "...1                1...",
        "...1                1...",
        "...|                |...",
        "...|~~~          ~~~|...",
        "...|  ]          ]  |...",
        "...|  ]          ]  |...",
        "...1  [          [  1...",
        "...1  [          [  1...",
        "...|  ]          ]  |...",
        "...|  ]          ]  |...",
        "...|~~~          ~~~|...",
        "...|                |...",
        "...1                1...",
        "...1                1...",
        "...|                |...",
        "...|-1--MMMMMMMM--1-|...",
        "........,,,,,,,,,.......",
        "........,,,,,,,,........"
      ],
      "terrain": {
        ".": [ "t_grass", "t_grass", "t_grass", "t_grass", "t_dirt" ],
        ",": "t_dirt",
        "|": [ "t_wall_wood", "t_wall_wood_chipped", "t_wall_wood_chipped", "t_wall_wood_broken", "t_wall_wood_broken" ],
        "-": [ "t_wall_wood", "t_wall_wood_chipped", "t_wall_wood_chipped", "t_wall_wood_broken", "t_wall_wood_broken" ],
        "M": [ "t_door_metal_c", "t_dirt" ],
        " ": "t_dirtfloor",
        "1": [ "t_window_boarded", "t_window_frame" ],
        "~": [ "t_fence_h", "t_dirtfloor", "t_dirtfloor", "t_dirtfloor", "t_dirtfloor" ],
        "]": [ "t_fence_v", "t_dirtfloor", "t_dirtfloor", "t_dirtfloor", "t_dirtfloor" ],
        "[": [ "t_fencegate_c", "t_dirtfloor", "t_dirtfloor", "t_dirtfloor", "t_dirtfloor" ]
      },
      "mapping": { ".": { "item": { "item": "rock", "chance": [ 2 ] } }, " ": { "items": { "item": "farming_tools", "chance": [ 1 ] } } },
      "place_monsters": [ { "monster": "GROUP_PEST", "x": [ 5, 11 ], "y": [ 5, 11 ], "chance": 3 } ],
      "place_vehicles": [ { "vehicle": "plantation_vehicles", "x": 10, "y": 12, "rotation": -90, "chance": 25 } ],
      "place_items": [
        { "item": "mine_storage", "chance": 3, "x": [ 3, 4 ], "y": 10 },
        { "item": "mine_storage", "chance": 3, "x": [ 17, 18 ], "y": 10 },
        { "item": "mine_storage", "chance": 3, "x": [ 3, 4 ], "y": 15 },
        { "item": "mine_storage", "chance": 3, "x": [ 17, 18 ], "y": 15 }
      ]
    }
  },
  {
    "type": "mapgen",
    "om_terrain": "barn_old",
    "method": "json",
    "weight": 100,
    "fill_ter": "t_dirtfloor",
    "object": {
      "rows": [
        "........,,,,,,,,........",
        "........,,,,,,,,........",
        "........,,,,,,,,........",
        "........,,,,,,,,,.......",
        "...|-1--MMMMMMMM--1-|...",
        "...|                |...",
        "...1                1...",
        "...1                1...",
        "...|                |...",
        "...|~~~          ~~~|...",
        "...|  ]          ]  |...",
        "...|  ]          ]  |...",
        "...1  [          [  1...",
        "...1  [          [  1...",
        "...|  ]          ]  |...",
        "...|  ]          ]  |...",
        "...|~~~          ~~~|...",
        "...|                |...",
        "...1                1...",
        "...1                1...",
        "...|                |...",
        "...|-1--MMMMMMMM--1-|...",
        "........,,,,,,,,,.......",
        "........,,,,,,,,........"
      ],
      "terrain": {
        ".": [ "t_grass", "t_grass", "t_grass", "t_grass", "t_dirt" ],
        ",": "t_dirt",
        "|": [
          "t_wall_wood",
          "t_wall_wood_chipped",
          "t_wall_wood_chipped",
          "t_wall_wood_broken",
          "t_wall_wood_broken",
          "t_wall_wood_broken",
          "t_wall_wood_broken"
        ],
        "-": [
          "t_wall_wood",
          "t_wall_wood_chipped",
          "t_wall_wood_chipped",
          "t_wall_wood_broken",
          "t_wall_wood_broken",
          "t_wall_wood_broken",
          "t_wall_wood_broken"
        ],
        "M": [ "t_door_metal_c", "t_door_metal_c", "t_dirt", "t_dirt", "t_dirt" ],
        " ": "t_dirtfloor",
        "1": [ "t_window_boarded", "t_window_frame", "t_window_frame" ],
        "~": [ "t_fence_h", "t_dirtfloor", "t_dirtfloor", "t_dirtfloor", "t_dirtfloor" ],
        "]": [ "t_fence_v", "t_dirtfloor", "t_dirtfloor", "t_dirtfloor", "t_dirtfloor" ],
        "[": [ "t_fencegate_c", "t_dirtfloor", "t_dirtfloor", "t_dirtfloor", "t_dirtfloor" ]
      },
      "place_monsters": [ { "monster": "GROUP_PEST", "x": [ 5, 11 ], "y": [ 5, 11 ], "chance": 3, "repeat": [ 1, 2 ] } ],
      "mapping": { ".": { "item": { "item": "rock", "chance": [ 2 ] } }, " ": { "items": { "item": "farming_tools", "chance": [ 1 ] } } },
      "place_vehicles": [ { "vehicle": "plantation_vehicles", "x": 10, "y": 12, "rotation": -90, "chance": 33 } ],
      "place_items": [
        { "item": "mine_storage", "chance": 2, "x": [ 3, 4 ], "y": 10 },
        { "item": "mine_storage", "chance": 2, "x": [ 17, 18 ], "y": 10 },
        { "item": "mine_storage", "chance": 2, "x": [ 3, 4 ], "y": 15 },
        { "item": "mine_storage", "chance": 2, "x": [ 17, 18 ], "y": 15 }
      ]
    }
  }
]
