[
  {
    "type": "mapgen",
    "method": "json",
    "om_terrain": [ "s_garage" ],
    "//": "heavy duty shop",
    "weight": 2500,
    "object": {
      "fill_ter": "t_floor",
      "rows": [
        "   ::::::::::;:::::::::/",
        "   ::::::::::;:::::::::/",
        "   ::::::::::;:::::::::/",
        "   ::::::::::;:::::::::/",
        "  e::::::::::;e::::::::/",
        " ||=========||=======||/",
        " |e.........|e.......X|/",
        " |..........|........XH/",
        " |c.........|c.......XH/",
        " |c.........|c.......X|/",
        " |c.........|c.......X|/",
        " |c.........|c.......XH/",
        " |c.........|c.......XH/",
        " |c.........|c.......X|/",
        " |c.........|c.......X|/",
        " |X.........|....|||H||/",
        " |X.........|....|b..L|/",
        " |....b|$||||....|66..|/",
        " |....b|....$....$....+/",
        " |XXccc|LLLL|....|Lbbb| ",
        " |||||||||||||||||||||| ",
        "                        ",
        "                        ",
        "                        "
      ],
      "terrain": {
        " ": [ "t_grass", "t_grass", "t_grass", "t_dirt" ],
        ":": "t_pavement",
        ";": "t_pavement_y",
        "/": "t_sidewalk",
        "e": "t_gates_mech_control",
        "=": "t_door_metal_locked",
        "+": "t_door_c",
        "*": "t_door_frame",
        "H": "t_wall_glass",
        "$": "t_door_glass_c",
        "6": "t_console_broken",
        ".": "t_floor",
        "x": "t_window",
        "|": "t_wall"
      },
      "furniture": {
        "c": "f_counter",
        "b": "f_bench",
        "L": "f_locker",
        "X": [ "f_crate_o", "f_crate_c", "f_crate_c", "f_crate_c", "f_crate_c" ]
      },
      "mapping": { "X": { "items": [ { "item": "tools_blacksmith", "chance": 10 }, { "item": "mechanics", "chance": 25 } ] } },
      "items": { "c": { "item": "mechanics", "chance": 35 }, "L": { "item": "clothing_work_set", "chance": 45 } },
      "place_vehicles": [
        { "vehicle": "industrial_vehicles", "x": [ 10, 11 ], "y": [ 16, 18 ], "chance": 25, "rotation": 0 },
        { "vehicle": "parkinglot", "x": [ 10, 11 ], "y": [ 6, 8 ], "chance": 25, "rotation": 0 }
      ]
    }
  }
]
