[
  {
    "type": "mapgen",
    "om_terrain": [ "trapdoor_pit" ],
    "method": "json",
    "weight": 100,
    "object": {
      "fill_ter": "t_dirt",
      "rows": [
        "                        ",
        "            1           ",
        "    1        1   1      ",
        "         1         1    ",
        "                     1  ",
        "     1      1    1      ",
        "             11         ",
        "       1  >          1  ",
        "   1         1    1  1  ",
        "  11  1   1   1    1    ",
        "    1        1     1    ",
        "                    1   ",
        "        1          1    ",
        "    1 1         1       ",
        "     1      1           ",
        "        1        11     ",
        "   1       1        1   ",
        "          1    1     1  ",
        "     1    1           1 ",
        "              1      1  ",
        "  1     1            1  ",
        "    11       1    1     ",
        "    111     1         1 ",
        "   1                    "
      ],
      "terrain": {
        " ": [ "t_dirt", "t_dirt", "t_grass", "t_grass", "t_grass" ],
        "1": [ "t_underbrush", "t_shrub", "t_shrub", "t_dirt", "t_dirt", "t_dirt", "t_grass", "t_grass", "t_grass", "t_grass" ]
      },
      "furniture": { ">": "f_boulder_medium" },
      "mapping": { ">": { "terrain": "t_slope_down" }, " ": { "items": [ { "item": "spider", "chance": [ 1 ] } ] } },
      "set": [
        { "point": "trap", "id": "tr_sinkhole", "x": [ 2, 20 ], "y": [ 2, 20 ], "repeat": [ 7, 21 ] },
        { "point": "trap", "id": "tr_sinkhole", "x": [ 2, 20 ], "y": [ 2, 20 ], "repeat": [ 7, 21 ], "chance": 4 },
        { "point": "terrain", "id": "t_dirtmound", "x": [ 1, 22 ], "y": [ 1, 22 ], "chance": 2, "repeat": [ 1, 5 ] },
        { "point": "terrain", "id": "t_dirtmound", "x": [ 1, 22 ], "y": [ 1, 22 ], "chance": 3, "repeat": [ 1, 5 ] },
        {
          "point": "furniture",
          "id": "f_boulder_medium",
          "x": [ 1, 22 ],
          "y": [ 1, 22 ],
          "repeat": [ 1, 5 ],
          "chance": 2
        },
        { "point": "radiation", "amount": [ 10, 20 ], "x": [ 1, 22 ], "y": [ 1, 22 ], "repeat": [ 15, 75 ] }
      ],
      "place_loot": [
        {
          "item": "bone_human",
          "chance": 50,
          "x": [ 0, 23 ],
          "y": [ 0, 23 ],
          "repeat": [ 1, 3 ],
          "count-min": 1,
          "count-max": 5
        },
        {
          "item": "bone_human",
          "chance": 50,
          "x": [ 0, 23 ],
          "y": [ 0, 23 ],
          "repeat": [ 1, 3 ],
          "count-min": 1,
          "count-max": 5
        }
      ]
    }
  },
  {
    "type": "mapgen",
    "om_terrain": [ "trapdoor_pit" ],
    "method": "json",
    "weight": 100,
    "object": {
      "fill_ter": "t_dirt",
      "rows": [
        "                        ",
        "     1       1      1   ",
        "     1    1             ",
        "    1 1         1     1 ",
        "             1    1     ",
        "          1        11   ",
        "    11         1   1    ",
        "         1>             ",
        "                        ",
        "   1             1      ",
        "             1       1  ",
        "                    1   ",
        "     1         1        ",
        "    1     1             ",
        "                    1   ",
        "    1       1        1  ",
        "            1    1      ",
        "   1                    ",
        "        1          1    ",
        "              1    1    ",
        "      11      1         ",
        "  1    1       1     1  ",
        "                      1 ",
        "                        "
      ],
      "terrain": {
        " ": [ "t_dirt", "t_dirt", "t_grass", "t_grass", "t_grass" ],
        "1": [ "t_underbrush", "t_shrub", "t_shrub", "t_dirt", "t_dirt", "t_dirt", "t_grass", "t_grass", "t_grass", "t_grass" ]
      },
      "furniture": { ">": "f_boulder_medium" },
      "mapping": { ">": { "terrain": "t_slope_down" }, " ": { "items": [ { "item": "spider", "chance": [ 1 ] } ] } },
      "set": [
        { "point": "trap", "id": "tr_sinkhole", "x": [ 2, 20 ], "y": [ 2, 20 ], "repeat": [ 7, 21 ] },
        { "point": "trap", "id": "tr_sinkhole", "x": [ 2, 20 ], "y": [ 2, 20 ], "repeat": [ 7, 21 ], "chance": 4 },
        { "point": "terrain", "id": "t_dirtmound", "x": [ 1, 22 ], "y": [ 1, 22 ], "chance": 2, "repeat": [ 1, 5 ] },
        { "point": "terrain", "id": "t_dirtmound", "x": [ 1, 22 ], "y": [ 1, 22 ], "chance": 3, "repeat": [ 1, 5 ] },
        {
          "point": "furniture",
          "id": "f_boulder_medium",
          "x": [ 1, 22 ],
          "y": [ 1, 22 ],
          "repeat": [ 1, 5 ],
          "chance": 2
        },
        { "point": "radiation", "amount": [ 10, 20 ], "x": [ 1, 22 ], "y": [ 1, 22 ], "repeat": [ 15, 75 ] }
      ],
      "place_loot": [
        {
          "item": "bone_human",
          "chance": 50,
          "x": [ 0, 23 ],
          "y": [ 0, 23 ],
          "repeat": [ 1, 3 ],
          "count-min": 1,
          "count-max": 5
        },
        {
          "item": "bone_human",
          "chance": 50,
          "x": [ 0, 23 ],
          "y": [ 0, 23 ],
          "repeat": [ 1, 3 ],
          "count-min": 1,
          "count-max": 5
        }
      ]
    }
  },
  {
    "type": "mapgen",
    "om_terrain": [ "trapdoor_pit" ],
    "method": "json",
    "weight": 100,
    "object": {
      "fill_ter": "t_dirt",
      "rows": [
        "                       1",
        "    1  1              1 ",
        "     1         1        ",
        "                        ",
        "       o   1            ",
        "                   1    ",
        "        1               ",
        "   1      >  1       1  ",
        "                    1   ",
        "         1     1        ",
        "   1                    ",
        "             o          ",
        "       1          1     ",
        "        1     1    1    ",
        "       11               ",
        "         1              ",
        "                        ",
        "     1        1     1   ",
        "            1           ",
        "       1          1     ",
        "                        ",
        "   1        1           ",
        "                     1  ",
        "                        "
      ],
      "terrain": {
        " ": [ "t_dirt", "t_dirt", "t_grass", "t_grass", "t_grass" ],
        "1": [ "t_underbrush", "t_shrub", "t_shrub", "t_dirt", "t_dirt", "t_dirt", "t_grass", "t_grass", "t_grass", "t_grass" ]
      },
      "furniture": {
        "o": [ "f_boulder_small", "f_boulder_small", "f_boulder_small", "f_boulder_medium", "f_boulder_medium", "f_boulder_large" ],
        ">": "f_boulder_medium"
      },
      "mapping": { ">": { "terrain": "t_slope_down" }, " ": { "items": [ { "item": "spider", "chance": [ 1 ] } ] } },
      "set": [
        { "point": "trap", "id": "tr_sinkhole", "x": [ 2, 20 ], "y": [ 2, 20 ], "repeat": [ 7, 21 ] },
        { "point": "trap", "id": "tr_sinkhole", "x": [ 2, 20 ], "y": [ 2, 20 ], "chance": 4, "repeat": [ 7, 21 ] },
        { "point": "terrain", "id": "t_dirtmound", "x": [ 1, 22 ], "y": [ 1, 22 ], "chance": 2, "repeat": [ 1, 5 ] },
        { "point": "terrain", "id": "t_dirtmound", "x": [ 1, 22 ], "y": [ 1, 22 ], "chance": 3, "repeat": [ 1, 5 ] },
        {
          "point": "furniture",
          "id": "f_boulder_medium",
          "x": [ 1, 22 ],
          "y": [ 1, 22 ],
          "repeat": [ 1, 5 ],
          "chance": 2
        },
        { "point": "radiation", "amount": [ 10, 20 ], "x": [ 1, 22 ], "y": [ 1, 22 ], "repeat": [ 15, 75 ] }
      ],
      "place_loot": [
        {
          "item": "bone_human",
          "chance": 50,
          "x": [ 0, 23 ],
          "y": [ 0, 23 ],
          "repeat": [ 1, 3 ],
          "count-min": 1,
          "count-max": 5
        },
        {
          "item": "bone_human",
          "chance": 50,
          "x": [ 0, 23 ],
          "y": [ 0, 23 ],
          "repeat": [ 1, 3 ],
          "count-min": 1,
          "count-max": 5
        }
      ]
    }
  },
  {
    "type": "mapgen",
    "om_terrain": [ "trapdoor_pit" ],
    "method": "json",
    "weight": 100,
    "object": {
      "fill_ter": "t_dirt",
      "rows": [
        "                        ",
        "                        ",
        "                        ",
        "                        ",
        "       o                ",
        "                        ",
        "          >             ",
        "                        ",
        "                        ",
        "                 o      ",
        "                        ",
        "                        ",
        "                        ",
        "                        ",
        "                        ",
        "          o             ",
        "                        ",
        "                        ",
        "                        ",
        "                        ",
        "                        ",
        "                        ",
        "                        ",
        "                        "
      ],
      "terrain": {
        " ": [ "t_dirt", "t_dirt", "t_grass", "t_grass", "t_grass" ],
        "1": [ "t_underbrush", "t_shrub", "t_shrub", "t_dirt", "t_dirt", "t_dirt", "t_grass", "t_grass", "t_grass", "t_grass" ]
      },
      "furniture": {
        "o": [ "f_boulder_small", "f_boulder_small", "f_boulder_small", "f_boulder_medium", "f_boulder_medium", "f_boulder_large" ],
        ">": "f_boulder_medium"
      },
      "mapping": { ">": { "terrain": "t_slope_down" }, " ": { "items": [ { "item": "spider", "chance": [ 1 ] } ] } },
      "set": [
        { "point": "trap", "id": "tr_sinkhole", "x": [ 2, 20 ], "y": [ 2, 20 ], "repeat": [ 5, 15 ] },
        { "point": "trap", "id": "tr_sinkhole", "x": [ 2, 20 ], "y": [ 2, 20 ], "repeat": [ 5, 15 ], "chance": 4 },
        { "point": "terrain", "id": "t_dirtmound", "x": [ 1, 22 ], "y": [ 1, 22 ], "chance": 2, "repeat": [ 1, 5 ] },
        { "point": "terrain", "id": "t_dirtmound", "x": [ 1, 22 ], "y": [ 1, 22 ], "chance": 3, "repeat": [ 1, 5 ] },
        {
          "point": "furniture",
          "id": "f_boulder_medium",
          "x": [ 1, 22 ],
          "y": [ 1, 22 ],
          "repeat": [ 1, 5 ],
          "chance": 3
        },
        { "point": "radiation", "amount": [ 10, 20 ], "x": [ 1, 22 ], "y": [ 1, 22 ], "repeat": [ 15, 75 ] }
      ],
      "place_loot": [
        {
          "item": "bone_human",
          "chance": 50,
          "x": [ 0, 23 ],
          "y": [ 0, 23 ],
          "repeat": [ 1, 3 ],
          "count-min": 1,
          "count-max": 5
        },
        {
          "item": "bone_human",
          "chance": 50,
          "x": [ 0, 23 ],
          "y": [ 0, 23 ],
          "repeat": [ 1, 3 ],
          "count-min": 1,
          "count-max": 5
        }
      ]
    }
  },
  {
    "type": "mapgen",
    "om_terrain": [ "trapdoor_pit_b1" ],
    "method": "json",
    "weight": 300,
    "object": {
      "fill_ter": "t_dirt",
      "rows": [
        "########################",
        "########################",
        "##????????????????????##",
        "##????????????????????##",
        "##????????????????????##",
        "##?????? ?????????????##",
        "##????? o ????????????##",
        "##??????  <???????????##",
        "##???????  ???????????##",
        "##???????    o????????##",
        "##????????   ?????????##",
        "##????????   ?????????##",
        "##??????? o  ?????????##",
        "##??????????   ???????##",
        "##?????????s  s ??????##",
        "##???????????   o ????##",
        "##????????? s O ??S???##",
        "##??????????   ???????##",
        "##????????????????????##",
        "##????????????????????##",
        "##????????????????????##",
        "##????????????????????##",
        "########################",
        "########################"
      ],
      "terrain": {
        "<": "t_slope_up",
        "?": [
          "t_rock",
          "t_rock",
          "t_rock",
          "t_rock",
          "t_rock",
          "t_dirt",
          "t_dirt",
          "t_dirt",
          "t_dirt",
          "t_rock_floor",
          "t_rock_floor"
        ],
        "#": "t_rock"
      },
      "furniture": {
        "^": "f_rubble_rock",
        "o": [ "f_boulder_small", "f_boulder_small", "f_boulder_small", "f_boulder_medium", "f_boulder_medium", "f_boulder_large" ]
      },
      "mapping": {
        " ": { "items": [ { "item": "spider", "chance": [ 10 ] } ] },
        "?": { "items": [ { "item": "spider", "chance": [ 5 ] } ] }
      },
      "monster": {
        "O": { "monster": "mon_trapdoor_queen" },
        "o": { "monster": "mon_trapdoor_egg" },
        "S": { "monster": "mon_spider_trapdoor_giant" },
        "s": { "monster": "mon_spider_trapdoor_giant_s" }
      },
      "place_fields": [ { "x": [ 2, 21 ], "y": [ 2, 21 ], "field": "fd_web", "age": 1, "density": 3, "repeat": 45 } ],
      "place_monsters": [ { "monster": "GROUP_SPIDER_TRAP", "x": [ 3, 20 ], "y": [ 3, 20 ], "repeat": [ 1, 2 ] } ]
    }
  }
]
