[
  {
    "type": "mapgen",
    "om_terrain": [ "triffid_grove_swamp" ],
    "method": "json",
    "weight": 100,
    "object": {
      "fill_ter": "t_dirt",
      "rows": [
        "         7 77 7         ",
        "    7 7  7 77 7  7 7    ",
        "   7 7 7 7 77 7 7 7 7   ",
        "  7 7 7 77777777 7 7 7  ",
        " 7 7   7777777777   7 7 ",
        "7 7   77,,,,,,,,77   7 7",
        " 7 7 77,,,,,,,,,,77 7 7 ",
        "  7 77,,,,,,,,,,,,77 7  ",
        "   77,,,,,,,,,,,,,,77   ",
        "77777,,,,######,,,,77777",
        "   77,,,,#%##%#,,,,77   ",
        "77777,,,,##>>##,,,,77777",
        "77777,,,,##>>##,,,,77777",
        "   77,,,,#%##%#,,,,77   ",
        "77777,,,,######,,,,77777",
        "   77,,,,,,,,,,,,,,77   ",
        "  7 77,,,,,,,,,,,,77 7  ",
        " 7 7 77,,,,,,,,,,77 7 7 ",
        "7 7   77,,,,,,,,77   7 7",
        " 7 7   7777777777   7 7 ",
        "  7 7 7 77777777 7 7 7  ",
        "   7 7 7 7 77 7 7 7 7   ",
        "    7 7  7 77 7  7 7    ",
        "         7 77 7         "
      ],
      "terrain": {
        "7": [
          "t_tree_young",
          "t_tree_young",
          "t_tree",
          "t_tree",
          "t_tree_cherry",
          "t_tree_plum",
          "t_tree_birch",
          "t_tree_maple",
          "t_tree_willow",
          "t_tree_willow",
          "t_tree_willow",
          "t_tree_willow",
          "t_tree_hickory",
          "t_tree_hickory"
        ],
        " ": [
          "t_swater_dp",
          "t_swater_sh",
          "t_swater_sh",
          "t_dirt",
          "t_dirt",
          "t_dirt",
          "t_dirt",
          "t_grass",
          "t_grass",
          "t_grass",
          "t_grass",
          "t_grass",
          "t_grass",
          "t_underbrush",
          "t_underbrush",
          "t_underbrush",
          "t_tree",
          "t_tree_young"
        ],
        ",": [
          "t_dirt",
          "t_dirt",
          "t_dirt",
          "t_dirt",
          "t_grass",
          "t_grass",
          "t_grass",
          "t_grass",
          "t_grass",
          "t_grass",
          "t_grass",
          "t_grass",
          "t_grass",
          "t_grass",
          "t_grass",
          "t_grass",
          "t_grass",
          "t_grass",
          "t_grass",
          "t_grass",
          "t_grass",
          "t_grass",
          "t_grass",
          "t_underbrush",
          "t_swater_sh"
        ],
        "#": "t_dirtmound",
        "%": "t_dirtmound",
        ">": "t_slope_down"
      },
      "furniture": {
        " ": [ "f_null", "f_null", "f_null", "f_null", "f_null", "f_null", "f_null", "f_cattails", "f_cattails" ],
        ",": [
          "f_null",
          "f_null",
          "f_null",
          "f_null",
          "f_null",
          "f_null",
          "f_null",
          "f_null",
          "f_null",
          "f_null",
          "f_null",
          "f_null",
          "f_null",
          "f_null",
          "f_null",
          "f_null",
          "f_null",
          "f_null",
          "f_null",
          "f_null",
          "f_null",
          "f_cattails"
        ]
      },
      "monster": { "%": { "monster": "mon_biollante" } }
    }
  }
]
