[
  {
    "type": "monstergroup",
    "name": "GROUP_WASP",
    "default": "mon_null",
    "monsters": [
      { "monster": "mon_wasp", "freq": 335, "cost_multiplier": 1 },
      { "monster": "mon_wasp", "freq": 30, "cost_multiplier": 5, "pack_size": [ 2, 4 ] },
      { "monster": "mon_dermatik", "freq": 30, "cost_multiplier": 5, "pack_size": [ 1, 2 ] },
      { "monster": "mon_zombie_scales", "freq": 15, "cost_multiplier": 3 },
      { "monster": "mon_beekeeper", "freq": 50, "cost_multiplier": 1, "pack_size": [ 1, 2 ] },
      { "monster": "mon_beekeeper_pk", "freq": 35, "cost_multiplier": 5 },
      { "monster": "mon_wasp_queen", "freq": 0, "cost_multiplier": 0 },
      { "monster": "mon_dermatik_larva", "freq": 15, "cost_multiplier": 1, "pack_size": [ 1, 3 ] }
    ]
  },
  {
    "type": "monstergroup",
    "name": "GROUP_WASP_CENTER",
    "default": "mon_null",
    "monsters": [
      { "monster": "mon_wasp", "freq": 400, "cost_multiplier": 1 },
      { "monster": "mon_dermatik", "freq": 50, "cost_multiplier": 5, "pack_size": [ 1, 2 ] },
      { "monster": "mon_zombie_scales", "freq": 75, "cost_multiplier": 3 },
      { "monster": "mon_beekeeper", "freq": 150, "cost_multiplier": 1, "pack_size": [ 1, 2 ] },
      { "monster": "mon_beekeeper_pk", "freq": 75, "cost_multiplier": 5 },
      { "monster": "mon_wasp_queen", "freq": 0, "cost_multiplier": 0 },
      { "monster": "mon_dermatik_larva", "freq": 50, "cost_multiplier": 1, "pack_size": [ 1, 3 ] }
    ]
  },
  {
    "type": "item_group",
    "id": "wasp_center",
    "items": [ [ "wasp_glue", 85 ], [ "egg_wasp", 15 ] ]
  },
  {
    "type": "mapgen",
    "om_terrain": "wasp_center",
    "method": "json",
    "weight": 100,
    "object": {
      "fill_ter": "t_paper_floor",
      "rows": [
        "   ###     **    **    *",
        "* ##x##   *  * ###. ### ",
        " *.###.###.#*.#*.*###.*#",
        " ###. ##x##.##.##*.x##* ",
        "##x##  ###.#.###.###.*  ",
        " ##*.##.##..##x###x##** ",
        "**.####*#.**.###x###.** ",
        "  ##x##*     ##.##x###.*",
        " *.###  ###* *###x##.## ",
        "  ###. ##x##* .##..###  ",
        "*##x## .###A###.###.### ",
        "*.### .###A##x##x#.##x##",
        " *  .*##x##A###.###.### ",
        "  *###.###*.. *##.##.. *",
        "  ##x##* .###  *###.### ",
        " **###* *##x##  **.##x##",
        "**...   *.###*  .**.### ",
        "*###**.###.*.* *###*.*  ",
        "##x##.##x##****##x##* * ",
        ".###.**### ##.#####.*   ",
        " *.###.     *##..*.###  ",
        " .##x##.### *..#####x##*",
        "  *###.##x## *##x#####.*",
        " *   ***###   .###   ** "
      ],
      "terrain": {
        "#": "t_paper",
        ".": "t_paper_floor",
        " ": [
          "t_paper",
          "t_paper",
          "t_paper",
          "t_grass",
          "t_grass",
          "t_grass",
          "t_grass",
          "t_grass",
          "t_grass",
          "t_grass",
          "t_dirt",
          "t_dirt",
          "t_dirt",
          "t_dirt",
          "t_tree",
          "t_tree"
        ],
        "*": [ "t_paper", "t_paper", "t_paper", "t_paper_floor", "t_paper_floor", "t_grass", "t_dirt", "t_dirt" ]
      },
      "monster": { "x": { "monster": "mon_wasp_larvae" }, "A": { "monster": "mon_wasp_queen" } },
      "items": {
        "x": { "item": "wasp_center", "chance": 50 },
        ".": { "item": "wasp_center", "chance": 12 },
        "*": { "item": "wasp_center", "chance": 3 },
        "#": { "item": "wasp_center", "chance": 5 },
        "A": { "item": "wasp_center", "chance": 50 },
        " ": { "item": "wasp_center", "chance": 1 }
      },
      "place_monsters": [
        { "monster": "GROUP_WASP_CENTER", "x": [ 1, 22 ], "y": [ 1, 22 ], "repeat": [ 1, 2 ] },
        { "monster": "GROUP_WASP_CENTER", "x": [ 1, 22 ], "y": [ 1, 22 ], "chance": 3 }
      ]
    }
  }
]
