[
  {
    "type": "item_group",
    "id": "prefab_chems",
    "//": "pre-apocolypse drugs that are uncommon/rare or require uncommon ingredients.",
    "items": [
      [ "mutagen", 8 ],
      [ "purifier", 4 ],
      [ "antidote_posion", 20 ],
      [ "antidote_badpoison", 4 ],
      [ "stamina_vial", 12 ],
      [ "berserker_drug", 8 ],
      [ "medikit", 12 ],
      [ "chem_hydrogen_peroxide", 15 ],
      [ "pepto", 40 ],
      [ "aspirin", 20 ],
      [ "weak_antibiotic", 10 ],
      [ "clay_boiled", 12 ],
      [ "dr_stem_cell", 8 ]
    ]
  },
  {
    "type": "item_group",
    "id": "mutagen_science",
    "//": "low mutagen finding chances",
    "items": [
      [ "purifier", 5 ],
      [ "iv_purifier", 1 ],
      [ "mutagen", 15 ],
      [ "iv_mutagen", 3 ],
      [ "mutagen_alpha", 4 ],
      [ "iv_mutagen_alpha", 1 ],
      [ "mutagen_beast", 8 ],
      [ "iv_mutagen_beast", 1 ],
      [ "mutagen_bird", 8 ],
      [ "iv_mutagen_bird", 1 ],
      [ "mutagen_cattle", 7 ],
      [ "iv_mutagen_cattle", 1 ],
      [ "mutagen_cephalopod", 8 ],
      [ "iv_mutagen_cephalopod", 1 ],
      [ "mutagen_chimera", 5 ],
      [ "iv_mutagen_chimera", 1 ],
      [ "mutagen_elfa", 6 ],
      [ "iv_mutagen_elfa", 1 ],
      [ "mutagen_feline", 9 ],
      [ "iv_mutagen_feline", 1 ],
      [ "mutagen_fish", 8 ],
      [ "iv_mutagen_fish", 1 ],
      [ "mutagen_insect", 8 ],
      [ "iv_mutagen_insect", 1 ],
      [ "mutagen_lizard", 8 ],
      [ "iv_mutagen_lizard", 1 ],
      [ "mutagen_lupine", 9 ],
      [ "iv_mutagen_lupine", 1 ],
      [ "mutagen_medical", 6 ],
      [ "iv_mutagen_medical", 1 ],
      [ "mutagen_plant", 8 ],
      [ "iv_mutagen_plant", 1 ],
      [ "mutagen_raptor", 4 ],
      [ "iv_mutagen_raptor", 1 ],
      [ "mutagen_rat", 7 ],
      [ "iv_mutagen_rat", 1 ],
      [ "mutagen_slime", 8 ],
      [ "iv_mutagen_slime", 1 ],
      [ "mutagen_spider", 9 ],
      [ "iv_mutagen_spider", 1 ],
      [ "mutagen_troglobite", 7 ],
      [ "iv_mutagen_troglobite", 1 ],
      [ "mutagen_ursine", 8 ],
      [ "iv_mutagen_ursine", 1 ],
      [ "dr_stem_cell", 1 ]
    ]
  },
  {
    "type": "item_group",
    "subtype": "collection",
    "comment": "9mm drops",
    "id": "furvivor_glock",
    "entries": [
      { "group": "mon_zombie_survivor_death_drops", "damage": [ 3, 4 ] },
      { "group": "bags", "damage": [ 1, 4 ], "prob": 10 },
      { "group": "furvivor_ninemm", "damage": [ 2, 4 ], "prob": 75, "count": [ 1, 2 ] }
    ]
  },
  {
    "type": "item_group",
    "subtype": "collection",
    "comment": "shot drops",
    "id": "furvivor_shotgun",
    "entries": [
      { "group": "mon_zombie_survivor_death_drops", "damage": [ 3, 4 ] },
      { "group": "bags", "damage": [ 2, 4 ], "prob": 10 },
      { "group": "furvivor_shot_gun", "damage": [ 2, 4 ], "prob": 80 },
      { "group": "furvivor_shot_ammo", "damage": [ 2, 4 ], "prob": 25 }
    ]
  },
  {
    "type": "item_group",
    "subtype": "collection",
    "comment": "deagle drops",
    "id": "furvivor_deagle",
    "entries": [
      { "group": "mon_zombie_survivor_death_drops", "damage": [ 3, 4 ] },
      { "group": "bags", "damage": [ 1, 4 ], "prob": 10 },
      { "group": "furvivor_deagle_gun", "damage": [ 2, 4 ], "prob": 80 },
      { "group": "furvivor_deagle_ammo", "damage": [ 2, 4 ], "prob": 15 }
    ]
  },
  {
    "type": "item_group",
    "subtype": "collection",
    "comment": "smg drops",
    "id": "furvivor_smg",
    "entries": [
      { "group": "mon_zombie_survivor_death_drops", "damage": [ 3, 4 ] },
      { "group": "bags", "damage": [ 1, 4 ], "prob": 10 },
      { "group": "furvivor_uzi", "damage": [ 2, 4 ], "prob": 75, "count": [ 1, 2 ] }
    ]
  },
  {
    "type": "item_group",
    "subtype": "collection",
    "comment": "melee drops",
    "id": "spearmelee_pk",
    "entries": [
      { "group": "mon_zombie_survivor_death_drops", "damage": [ 3, 4 ] },
      { "group": "bags", "damage": [ 1, 4 ], "prob": 10 },
      { "group": "pk_melee", "damage": [ 2, 4 ], "prob": 50 }
    ]
  },
  {
    "type": "item_group",
    "subtype": "collection",
    "comment": "shot drops",
    "id": "marloss_man_drops",
    "entries": [
      { "group": "mon_zombie_survivor_death_drops", "damage": [ 2, 4 ] },
      { "group": "bags", "damage": [ 1, 4 ], "prob": 10 },
      { "group": "marloss_man_gear", "damage": [ 2, 4 ], "prob": 33 },
      { "group": "marloss_man_nommies", "damage": [ 0, 1 ], "prob": 95, "count": [ 3, 5 ] }
    ]
  },
  {
    "type": "item_group",
    "id": "furvivor_ninemm",
    "//": "cheap glock and mag for glock",
    "items": [ [ "glockmag", 10 ], [ "glock_19", 10 ], [ "9mm", 4 ], [ "reloaded_9mm", 1 ] ]
  },
  {
    "type": "item_group",
    "id": "furvivor_shot_gun",
    "//": "cheap shot guns",
    "items": [ [ "pipe_shotgun", 15 ], [ "shotgun_s", 10 ], [ "shotgun_d", 5 ], [ "mossberg_500", 3 ], [ "ithaca_doom", 1 ] ]
  },
  {
    "type": "item_group",
    "id": "furvivor_shot_ammo",
    "//": "cheap shot ammo",
    "items": [ [ "reloaded_shot_00", 5 ], [ "reloaded_shot_bird", 5 ] ]
  },
  {
    "type": "item_group",
    "id": "furvivor_deagle_gun",
    "//": "cheap .44 gun",
    "items": [ [ "deagle_44", 5 ], [ "sw629", 2 ] ]
  },
  {
    "type": "item_group",
    "id": "furvivor_deagle_ammo",
    "//": "cheap .44 ammo",
    "items": [ [ "deaglemag", 4 ], [ "44fmj", 1 ], [ "reloaded_44fmj", 5 ] ]
  },
  {
    "type": "item_group",
    "id": "furvivor_uzi",
    "//": "cheap 9mm ammo",
    "items": [ [ "uzimag", 4 ], [ "9mm", 1 ], [ "uzi", 5 ] ]
  },
  {
    "type": "item_group",
    "id": "pk_melee",
    "//": "weapons, some uncommon",
    "items": [
      [ "stick", 15 ],
      [ "spear_rebar", 15 ],
      [ "pointy_stick", 6 ],
      [ "q_staff", 6 ],
      [ "spear_wood", 6 ],
      [ "spear_forked", 6 ],
      [ "spear_pipe", 6 ],
      [ "vortex_stone", 6 ],
      [ "spear_copper", 5 ],
      [ "sword_crude", 5 ],
      [ "homewrecker", 5 ],
      [ "makeshift_halberd", 4 ],
      [ "makeshift_machete", 4 ],
      [ "bwirebat", 4 ],
      [ "makeshift_crowbar", 4 ],
      [ "e_tool_chinese", 4 ],
      [ "pipe_solid_spear", 4 ],
      [ "pipe_solid", 3 ],
      [ "machete", 3 ],
      [ "i_staff", 3 ],
      [ "lajatang", 3 ],
      [ "canister_empty", 2 ],
      [ "sword_wood", 3 ],
      [ "hammer_sledge", 3 ],
      [ "hatchet", 3 ],
      [ "swat_shield", 3 ],
      [ "knife_butter", 2 ],
      [ "baton-extended", 2 ],
      [ "mace", 2 ],
      [ "spike", 2 ],
      [ "torch_done", 2 ],
      [ "rock", 2 ],
      [ "sharp_rock", 2 ],
      [ "pipe", 2 ],
      [ "golf_club", 2 ],
      [ "glass_macuahuitl", 2 ],
      [ "longsword_inferior", 2 ],
      [ "spear_steel", 1 ],
      [ "bomblet_launcher_brute", 1 ]
    ]
  },
  {
    "type": "item_group",
    "id": "marloss_man_gear",
    "//": "Having Killed MM, who is def an endgame mob, you deserve a badly damaged gun.",
    "items": [
      [ "m249", 12 ],
      [ "l_lmg_223", 7 ],
      [ "lw223mag", 2 ],
      [ "lw223bigmag", 1 ],
      [ "stanag50", 1 ],
      [ "stanag30", 2 ],
      [ "belt223", 2 ],
      [ "belt308", 1 ],
      [ "223", 4 ],
      [ "reloaded_556_incendiary", 3 ]
    ]
  },
  {
    "type": "item_group",
    "id": "marloss_man_nommies",
    "//": "This is what he's eating.  We've decided that killing our brethren is not the way to attain enlightenment.",
    "items": [ [ "marloss_berry", 4 ], [ "marloss_seed", 1 ] ]
  },
  {
    "type": "item_group",
    "id": "rocket_drops",
    "//": "rocket drops",
    "items": [ [ "null", 40 ], [ "rocket_core", 5 ], [ "scrap", 30 ], [ "e_scrap", 25 ] ]
  },
  {
    "type": "item_group",
    "subtype": "collection",
    "comment": "revenant rocket drops",
    "id": "revenant_death_drops",
    "entries": [
      { "group": "revenant_rockets", "prob": 35, "count": [ 0, 4 ] },
      { "group": "revenant_rocket_cores", "prob": 5, "count": [ 0, 2 ] }
    ]
  },
  {
    "type": "item_group",
    "id": "revenant_rockets",
    "//": "revenant rocket bots.",
    "items": [ [ "bot_manhack_missile", 25 ] ]
  },
  {
    "type": "item_group",
    "id": "revenant_rocket_cores",
    "//": "rockets in bomb form.",
    "items": [ [ "rocket_core", 25 ] ]
  },
  {
    "type": "item_group",
    "id": "doom_corpse",
    "items": [
      { "group": "doom_stimpack", "damage": [ 1, 3 ], "prob": 3 },
      { "group": "ammo_common", "damage": [ 1, 3 ], "prob": 3 },
      { "group": "doom_armor", "damage": [ 1, 3 ], "prob": 3 },
      [ "corpse", 7 ],
      [ "human_flesh", 1 ]
    ]
  },
  {
    "type": "item_group",
    "id": "doom_stimpack",
    "items": [
      [ "stamina_vial", 18 ],
      [ "disinfectant", 18 ],
      [ "caffeine", 18 ],
      [ "1st_aid", 18 ],
      [ "medikit", 18 ],
      [ "codeine", 18 ],
      [ "tramadol", 18 ],
      [ "aspirin", 15 ],
      [ "weak_antibiotic", 10 ],
      [ "pepto", 20 ],
      [ "adrenaline_injector", 12 ],
      [ "berserker_drug", 12 ],
      [ "quikclot", 12 ],
      [ "bandages", 12 ],
      [ "caff_gum", 12 ],
      [ "bfipowder", 12 ],
      [ "smoxygen_tank", 12 ],
      [ "antidote_posion", 10 ],
      [ "antidote_badpoison", 10 ],
      [ "oxycodone", 8 ],
      [ "morphine", 8 ],
      [ "soulcube_charging", 5 ],
      [ "chloroform_rag", 5 ],
      [ "mutagen", 5 ],
      [ "purifier", 5 ],
      [ "clay_boiled", 2 ],
      [ "ref_lighter_dare", 8 ],
      [ "dr_stem_cell", 4 ]
    ]
  },
  {
    "type": "item_group",
    "id": "doom_lootpack",
    "items": [
      [ "bfg_shell", 35 ],
      [ "BFG", 35 ],
      [ "megaarmor_torso_1", 25 ],
      [ "megaarmor_torso_2", 25 ],
      [ "megaarmor_head_1", 25 ],
      [ "megaarmor_boots_1", 25 ],
      [ "power_armor_helmet_basic", 20 ],
      [ "flamethrower", 20 ],
      [ "plut_cell", 20 ],
      [ "LAW_Packed", 20 ],
      [ "megaarmor_torso_3", 15 ],
      [ "rx12_injector", 15 ],
      [ "rx11_stimpack", 15 ],
      [ "bomblet_undermod", 15 ],
      [ "bomblet_launcher_rotary", 15 ],
      [ "ithaca_doom", 15 ],
      [ "dr_stem_cell", 15 ],
      [ "plut_cell", 10 ],
      [ "ithaca_doom_dual", 10 ],
      [ "megaarmor_leggings_1", 10 ],
      [ "megaarmor_gloves_1", 10 ],
      [ "megaarmor_armguards_1", 10 ],
      [ "stamina_vial", 10 ],
      [ "berserker_drug", 10 ],
      [ "l-stick", 10 ],
      [ "power_armor_basic", 10 ],
      [ "power_armor_frame", 10 ],
      [ "ampoule", 10 ],
      [ "stimpack_ammo", 10 ],
      [ "stillsuit", 10 ],
      [ "adv_UPS_off", 10 ],
      [ "bomblet_explosive", 10 ],
      [ "bomblet_frag", 10 ],
      [ "soulcube_charging", 10 ],
      [ "e_tool_chinese", 10 ],
      [ "bot_turret_shockcannon", 10 ],
      [ "medikit", 10 ],
      [ "chloroform_rag", 10 ],
      [ "antidote_posion", 10 ],
      [ "vortex_stone", 10 ],
      [ "shot_410_flechette", 5 ],
      [ "shot_410", 5 ],
      [ "shot_410_inc", 5 ],
      [ "shot_410_slug", 5 ],
      [ "antidote_badpoison", 5 ],
      [ "bio_time_freeze", 5 ],
      [ "bio_teleport", 5 ],
      [ "bio_probability_travel", 5 ],
      [ "battery_ups", 5 ],
      [ "optical_cloak", 5 ],
      [ "swat_shield", 5 ],
      [ "rm451_flamethrower", 5 ],
      [ "m3_carlgustav", 5 ],
      [ "portal", 5 ],
      [ "teleporter", 5 ],
      [ "pokeball", 5 ],
      [ "mutagen", 5 ],
      [ "bomblet_launcher_brute", 5 ],
      [ "purifier", 3 ]
    ]
  },
  {
    "type": "item_group",
    "id": "doom_armor",
    "items": [
      [ "null", 15 ],
      [ "megaarmor_leggings_1", 15 ],
      [ "megaarmor_gloves_1", 15 ],
      [ "megaarmor_armguards_1", 15 ],
      [ "megaarmor_boots_1", 10 ],
      [ "megaarmor_torso_1", 10 ],
      [ "megaarmor_torso_2", 10 ],
      [ "megaarmor_torso_3", 10 ],
      [ "megaarmor_head_1", 10 ]
    ]
  },
  {
    "type": "item_group",
    "subtype": "collection",
    "comment": "Tortured dead person.",
    "id": "doom_victim_corpse",
    "entries": [
      { "group": "default_zombie_items", "damage": [ 1, 4 ] },
      { "group": "doom_corpse", "damage": [ 1, 5 ] },
      { "group": "knifeblock", "damage": [ 1, 3 ], "prob": 40, "count": [ 1, 2 ] },
      { "group": "doom_armor", "prob": 20, "damage": [ 0, 4 ] }
    ]
  },
  {
    "type": "item_group",
    "id": "bomblet_ammo",
    "items": [
      [ "bomblet_explosive", 35 ],
      [ "bomblet_frag", 10 ],
      [ "bomblet_fire", 10 ],
      [ "bomblet_acid", 10 ],
      [ "bomblet_stun", 20 ],
      [ "bomblet_launcher_rotary", 5 ],
      [ "bomblet_launcher_dualshot", 5 ],
      [ "bomblet_undermod", 5 ]
    ]
  },
  {
    "type": "item_group",
    "id": "spider_eggs",
    "items": [ { "item": "spider_egg", "count-min": 8, "count-max": 20 } ]
  },
  {
    "type": "item_group",
    "id": "fungal_fighter_sting",
    "items": [ { "item": "fighter_sting", "damage": [ 0, 1 ], "count": [ 1, 6 ] } ]
  },
  {
    "type": "item_group",
    "id": "Shockcannon_turret",
    "items": [
      { "item": "shockcannon", "damage": [ 2, 4 ], "prob": 10 },
      { "item": "robot_controls", "damage": [ 1, 4 ], "prob": 20 },
      [ "battery", 50 ],
      [ "battery", 50 ],
      [ "battery", 50 ],
      [ "pipe_solid", 30 ],
      [ "adv_UPS_off", 10 ],
      [ "e_scrap", 25 ],
      [ "power_supply", 10 ],
      [ "processor", 20 ],
      [ "steel_chunk", 40 ]
    ]
  },
  {
    "type": "item_group",
    "id": "mon_gelatin_death_drops",
    "subtype": "collection",
    "entries": [
      { "item": "bone_tainted", "damage": [ 0, 3 ], "prob": 50, "count": [ 1, 3 ] },
      { "item": "slime_scrap", "prob": 75, "count": [ 1, 2 ] }
    ]
  },
  {
    "type": "item_group",
    "id": "mon_biollante_death_drops",
    "subtype": "collection",
    "entries": [
      { "group": "biollante", "prob": 35 },
      { "group": "biollante", "prob": 35 },
      { "group": "biollante", "prob": 35 }
    ]
  },
  {
    "type": "item_group",
    "id": "mon_triffid_death_drops",
    "subtype": "collection",
    "entries": [
      { "group": "fungal_sting", "prob": 10 },
      { "group": "biollante", "prob": 10 }
    ]
  },
  {
    "type": "item_group",
    "id": "mon_fungal_fighter_death_drops",
    "subtype": "collection",
    "entries": [
      { "group": "fungal_sting", "prob": 100 },
      { "group": "fungal_fighter_sting", "prob": 75 },
      { "group": "fungal_fighter_sting", "prob": 75 }
    ]
  }
]
