[
  {
    "type": "MONSTER_FACTION",
    "name": "野生动物",
    "base_faction": "animal",
    "neutral": [ "small_animal" ],
    "by_mood": [ "zombie", "spore" ]
  },
  {
    "type": "MONSTER_FACTION",
    "name": "鱼",
    "base_faction": "small_animal",
    "by_mood": [ "fish", "small_animal", "spore" ]
  },
  {
    "type": "MONSTER_FACTION",
    "name": "捕鱼者",
    "base_faction": "fish",
    "by_mood": [ "small_animal", "fish" ]
  },
  {
    "type": "MONSTER_FACTION",
    "name": "真菌",
    "neutral": [ "finfected", "small_animal", "utility_bot" ]
  },
  {
    "type": "MONSTER_FACTION",
    "name": "感染",
    "base_faction": "fungus",
    "by_mood": [ "small_animal", "utility_bot", "spore" ]
  },
  {
    "type": "MONSTER_FACTION",
    "name": "孢子",
    "base_faction": "fungus"
  },
  {
    "type": "MONSTER_FACTION",
    "name": "狗",
    "by_mood": [ "small_animal", "dog" ]
  },
  {
    "type": "MONSTER_FACTION",
    "name": "皮江",
    "base_faction": "small_animal",
    "friendly": [ "zombie" ]
  },
  {
    "type": "MONSTER_FACTION",
    "name": "老鼠",
    "by_mood": [ "zombie", "small_animal" ]
  },
  {
    "type": "MONSTER_FACTION",
    "name": "黄蜂",
    "base_faction": "insect",
    "neutral": [ "small_animal", "spore" ],
    "by_mood": [ "insect", "zombie", "triffid" ]
  },
  {
    "type": "MONSTER_FACTION",
    "name": "寄生蜂",
    "base_faction": "wasp"
  },
  {
    "type": "MONSTER_FACTION",
    "name": "蚂蚁",
    "base_faction": "insect",
    "neutral": [ "small_animal" ],
    "by_mood": [ "insect", "zombie", "triffid", "spore" ]
  },
  {
    "type": "MONSTER_FACTION",
    "name": "骇客蚁",
    "//": "work around the antqueen redesign, makes larvae upgrade to ants that will not devolve into larvae.  Effectively weakens queen power.",
    "base_faction": "ant",
    "friendly": [ "ant" ]
  },
  {
    "type": "MONSTER_FACTION",
    "name": "雄蚁",
    "base_faction": "ant",
    "by_mood": [ "ant_male" ]
  },
  {
    "type": "MONSTER_FACTION",
    "name": "三尖树植物",
    "friendly": [ "spider", "bee" ],
    "neutral": [ "small_animal" ],
    "by_mood": [ "bot", "insect", "mutant_small" ]
  },
  {
    "type": "MONSTER_FACTION",
    "name": "蜘蛛",
    "base_faction": "insect",
    "friendly": [ "triffid" ],
    "neutral": [ "small_animal" ],
    "by_mood": [ "insect", "spider", "spore" ]
  },
  {
    "type": "MONSTER_FACTION",
    "name": "狼蛛",
    "base_faction": "spider",
    "by_mood": [ "zombie" ]
  },
  {
    "type": "MONSTER_FACTION",
    "name": "陷门蜘蛛",
    "base_faction": "spider",
    "by_mood": [ "small_animal" ]
  },
  {
    "type": "MONSTER_FACTION",
    "name": "黑寡妇蜘蛛",
    "base_faction": "spider",
    "by_mood": [ "small_animal" ]
  },
  {
    "type": "MONSTER_FACTION",
    "name": "地窖蜘蛛",
    "base_faction": "spider",
    "by_mood": [ "small_animal" ]
  },
  {
    "type": "MONSTER_FACTION",
    "name": "丧尸",
    "friendly": [ "blob", "cult", "zed_doom" ],
    "neutral": [ "small_animal", "insect", "mutant_small", "cat", "rat" ],
    "by_mood": [ "ant", "spider_wolf", "wasp", "spore" ]
  },
  {
    "type": "MONSTER_FACTION",
    "name": "幽冥",
    "neutral": [ "blob" ],
    "by_mood": [ "cult", "small_animal", "zed_doom" ]
  },
  {
    "type": "MONSTER_FACTION",
    "name": "幽灵",
    "base_faction": "nether",
    "neutral": [ "cult" ],
    "by_mood": [ "blob", "zombie", "zed_doom" ]
  },
  {
    "type": "MONSTER_FACTION",
    "name": "DOOM",
    "by_mood": [ "small_animal", "spore" ]
  },
  {
    "type": "MONSTER_FACTION",
    "name": "上位DOOM",
    "base_faction": "doom",
    "neutral": [ "small_animal", "utility_bot" ]
  },
  {
    "type": "MONSTER_FACTION",
    "name": "zedDOOM",
    "base_faction": "doom",
    "neutral": [ "zombie", "blob" ]
  },
  {
    "type": "MONSTER_FACTION",
    "name": "防御机器人",
    "base_faction": "bot",
    "neutral": [ "bot", "small_animal", "military", "science" ]
  },
  {
    "type": "MONSTER_FACTION",
    "name": "科学",
    "base_faction": "bot",
    "neutral": [ "bot", "small_animal", "military", "defense_bot" ]
  },
  {
    "type": "MONSTER_FACTION",
    "name": "军事",
    "base_faction": "bot",
    "neutral": [ "bot", "small_animal", "science", "defense_bot" ]
  },
  {
    "type": "MONSTER_FACTION",
    "name": "突变体",
    "by_mood": [ "small_animal", "utility_bot", "mutant_omnivore", "spore" ]
  },
  {
    "type": "MONSTER_FACTION",
    "name": "杂食动物变异",
    "neutral": [ "utility_bot", "small_animal" ],
    "by_mood": [ "mutant_predator", "mutant" ]
  },
  {
    "type": "MONSTER_FACTION",
    "name": "捕食者变异",
    "neutral": [ "vermin" ],
    "by_mood": [ "mutant_omnivore" ]
  },
  {
    "type": "MONSTER_FACTION",
    "name": "缩小变异",
    "base_faction": "mutant",
    "neutral": [ "zombie", "blob", "defense_bot", "utility_bot", "mutant" ]
  },
  {
    "type": "MONSTER_FACTION",
    "name": "熊",
    "base_faction": "mutant",
    "by_mood": [ "bear_mating" ]
  },
  {
    "type": "MONSTER_FACTION",
    "name": "发情熊",
    "base_faction": "mutant",
    "by_mood": [ "bear" ]
  }
]
