[
  {
    "type": "snippet",
    "category": "health_great",
    "text": "有毒气体，战前的食物，毒品，有毒的蒙斯和辐射。这些会危害到你的健康!"
  },
  {
    "type": "snippet",
    "category": "health_very_good",
    "text": "你被人绑起来了，准备好享受这场灾难."
  },
  {
    "type": "snippet",
    "category": "health_great",
    "text": "一个稳定的饮食是如何战胜流感.  谁知道呢?!"
  },
  {
    "type": "snippet",
    "category": "health_very_good",
    "text": "远离那些腐烂的丧尸似乎是一个好主意 . . ."
  },
  {
    "type": "snippet",
    "category": "health_good",
    "text": "当你醒来时，你会想起大多数睡前食物都会损害你的健康."
  },
  {
    "type": "snippet",
    "category": "health_good",
    "text": "当你醒来时，你会想起大多数睡前食物都会损害你的健康."
  },
  {
    "type": "snippet",
    "category": "health_good",
    "text": "有毒气体不太健康，是吗?"
  },
  {
    "type": "snippet",
    "category": "health_bad",
    "text": "你觉得自己一直在吃土。试着调节你的体温."
  },
  {
    "type": "snippet",
    "category": "health_bad",
    "text": "有毒气体不太健康，是吗?"
  },
  {
    "type": "snippet",
    "category": "health_bad",
    "text": "你觉得自己一直在吃土。试着调节你的体温."
  },
  {
    "type": "snippet",
    "category": "health_bad",
    "text": "你躺在床上一秒钟，希望自己此时还在睡觉."
  },
  {
    "type": "snippet",
    "category": "health_bad",
    "text": "也许过多的包装食品让你变得虚弱 . . . ?"
  },
  {
    "type": "snippet",
    "category": "health_bad",
    "text": "这些怪物都携带毒素，所以也许这就是为什么你现在这么恶心的原因?"
  },
  {
    "type": "snippet",
    "category": "health_bad",
    "text": "这些怪物都携带毒素，所以也许这就是为什么你现在这么恶心的原因?"
  },
  {
    "type": "snippet",
    "category": "health_very_bad",
    "text": "当你移动的时候，你会感到一股热流袭来。你真的这么老吗?"
  },
  {
    "type": "snippet",
    "category": "health_very_bad",
    "text": "当你移动的时候，你会感到一股热流袭来。你真的这么老吗?"
  },
  {
    "type": "snippet",
    "category": "health_very_bad",
    "text": "也许所有这些毒素和战斗都在影响你?也许从战斗中休假是合适的."
  },
  {
    "type": "snippet",
    "category": "health_very_bad",
    "text": "你醒来时发现眼皮是铅灰色的。大多数有毒的怪物攻击你时会对你的健康产生负面影响."
  },
  {
    "type": "snippet",
    "category": "health_very_bad",
    "text": "你醒来时发现眼皮是铅灰色的。大多数有毒和腐烂的怪物会对你的健康产生负面影响."
  },
  {
    "type": "snippet",
    "category": "health_very_bad",
    "text": "当你醒来时，你会颤抖，完全意识到你的脚在出汗。如果你不调节你的体温，你会慢慢失去健康."
  },
  {
    "type": "snippet",
    "category": "health_very_bad",
    "text": "当你醒来时，你会颤抖，完全意识到你的脚在出汗。如果你不调节你的体温，你会慢慢失去健康."
  },
  {
    "type": "snippet",
    "category": "health_bad",
    "text": "吸入有毒气体不太健康，是吗?"
  }
]
